﻿{
"actionitems" : [
{"sno":1,"item":"Planning group leads","officer":"murthy","status":"Open","createdby":"Raj","
createddate":"11/12/2013"},
{"sno":2,"item":"Arrange group meeting ","officer":"Kiran","status":"Closed","createdby":
"Kiran","createddate":"12/28/2013"},
{"sno":3,"item":"Confirm baseline requirements","officer":"Rama","status":"Open","createdby
":"Ravi","createddate":"06/14/2013"},
{"sno":4,"item":"Amend proposed changes","officer":"murthy","status":"Waiting for Approval",
"createdby":"Kavitha","createddate":"06/27/2013"},
{"sno":5,"item":"Draft experimentation requests","officer":"mallika","status":"Closed",
"createdby":"Raman","createddate":"06/01/2013"}
]
}