{
	"success": true,
	"total": 2,
	"rows": [{
        "InvoiceID": 1,
        "Client": "Murthy Technologies",
        "Description": "Creating an Invoice management system",
        "Date": '2013-10-08 00:00:00',
        "Amount": 400.00,
        "Currency": '$',
        "Status": 'Paid'
    }, {
        "InvoiceID": 2,
        "Client": "TATA Outsourcing Resources",
        "Description": "Designing Mobile",
        "Date": '2012-10-08 00:00:00',
        "Amount": 200.50,
        "Currency": "$",
        "Status": "Sent"
    }, {
        "InvoiceID": 3,
        "Client": "Verizon",
        "Description": "Project on Mobile hosting",
        "Date": '2013-10-08 00:00:00',
        "Amount": 1000.00,
        "Currency": "USD",
        "Status": "Viewed"
    }, {
        "InvoiceID": 4,
        "Client": "Murthy Infotek",
        "Description": "Train our staff how to use Ext JS 4",
        "Date": '2013-10-08 00:00:00',
        "Amount": 3000.00,
        "Currency": "Rs.",
        "Status": "Pending"
    }]

}
