<project project-dir="www"
         js-dir="${project-dir}/js"
         css-dir="${project-dir}/css"
         resources-dir="${project-dir}/resources"
         app-id="SCExecutive"
         output-dir="${REFSDIR}/web/SCExecutive">

    <target name="SCExecutiveStyleSheets"
            type="css"
            source-dir="${css-dir}">
        <!-- This should be moved to Cage -->
        <include name="scexecutive.css" />
    </target>

    <target name="SCExecutiveScripts"
            type="js"
            source-dir="${js-dir}">

        <include name="overrides/DoRemoveListenerOverride.js" />
        <include name="overrides/HideLastGridLineOverride.js" />
        <include name="overrides/NonStackedBarSeriesOverride.js" />
        <include name="overrides/SeriesDestroyAllTheThingsOverride.js" />
        <include name="overrides/ChartPerformLayoutForceRepaintOverride.js" />
        <include name="overrides/AxisRendererOverride.js" />
        <include name="overrides/MissingMajorTickStepsOverride.js" />
        <include name="overrides/BuildDataServiceUrlDemoDateOverride.js" />
        <include name="overrides/RemoveMysteriousLittleBlackBoxOfDoomOverride.js" />

        <include name="constant/Currency.js" />
        <include name="constant/Precision.js" />
        <include name="constant/Colors.js" />
        <include name="constant/TimePeriods.js" />

        <include name="util/Sorters/DisplayValueSorter.js" />
        <include name="util/Formatters/MetricFormatter.js" />
        <include name="util/AppContext.js" />
        <include name="util/DataService.js" />
        <include name="util/Renderers.js" />

        <include name="chart/AxisConfig.js" />
        <include name="chart/BarWidthCalculator.js" />
        <include name="chart/CartesianChart.js" />
        <include name="chart/LocationPerformanceLineChart.js" />
        <include name="chart/LocationBarChart.js" />
        <include name="chart/axis/FiscalDateAxis.js" />
        <include name="chart/axis/sprite/WeekEndingSprite.js" />
        <include name="chart/axis/sprite/BoundaryLineAxis.js" />
        <include name="chart/series/Threshold.js" />
        <include name="chart/series/sprite/Threshold.js" />
        <include name="chart/series/Trend.js" />
        <include name="chart/series/sprite/Trend.js" />
        <include name="chart/series/RightRangeMarker.js" />
        <include name="chart/series/sprite/RightRangeMarker.js" />

        <include name="grid/Grid.js" />
        <include name="pill/Pill.js" />
        <include name="pill/HorsePill.js" />
        <include name="progressbar/ProgressBar.js" />
        <include name="component/TrendIndicator.js" />
        <include name="component/MetricStat.js" />
        <include name="component/MetricPeriodComparisonPopover.js" />
        <include name="plugin/Maximize.js" />

        <include name="model/CognosReport.js" />
        <include name="model/CustomerServicePerformance.js" />
        <include name="model/TransportationSpend.js" />
        <include name="model/PartyLoads.js" />
        <include name="model/ForecastAccuracy.js" />
        <include name="model/LaborSpend.js" />
        <include name="model/LaborPerformance.js" />
        <include name="model/LaborHours.js" />
        <include name="model/OrderFill.js" />
        <include name="model/OrderFillRate.js" />
        <include name="model/TopTenCustomers.js" />
        <include name="model/UnshippedOrders.js" />
        <include name="model/OnTimeDelivery.js" />
        <include name="model/InventoryValue.js" />
        <include name="model/AverageDaysOfSupply.js" />
        <include name="model/WarehouseUtilization.js" />
        <include name="model/LocationHierarchy.js" />
        <include name="model/LocationHierarchyReport.js" />
        <include name="model/PeriodHierarchy.js" />
        <include name="model/PeriodHierarchyReport.js" />

        <!-- Location Hierarchy Editor -->
        <include name="editor/EditableListItem.js" />
        <include name="editor/EditableNestedList.js" />
        <include name="editor/LocationTreeStoreModel.js" />
        <include name="editor/LocationHierarchyEditor.js" />
        <include name="editor/LocationHierarchyEditorView.js" />

        <!-- Context -->
        <include name="context/Container.js" />
        <include name="context/View.js" />

        <!-- I am Legend -->
        <include name="view/legend/Container.js" />
        <include name="view/legend/View.js" />

        <!-- Customer Service Screen -->
        <include name="view/customerservice/performance/Chart.js" />
        <include name="view/customerservice/performance/View.js" />
        <include name="view/customerservice/performance/MaximizedView.js" />
        <include name="view/customerservice/orderfillrate/Chart.js" />
        <include name="view/customerservice/orderfillrate/View.js" />
        <include name="view/customerservice/orderfillrate/MaximizedView.js" />
        <include name="view/customerservice/toptencustomers/View.js" />
        <include name="view/customerservice/unshippedorders/Chart.js" />
        <include name="view/customerservice/unshippedorders/View.js" />
        <include name="view/customerservice/unshippedorders/MaximizedView.js" />
        <include name="view/customerservice/ontimedelivery/View.js" />
        <include name="view/customerservice/ontimedelivery/MaximizedView.js" />
        <include name="view/customerservice/View.js" />

        <!-- Overview Screen -->
        <include name="view/overview/View.js" />
        <include name="view/overview/customerserviceperformance/View.js" />
        <include name="view/overview/customerserviceperformance/MaximizedView.js" />
        <include name="view/overview/transportationspend/View.js" />
        <include name="view/overview/transportationspend/MaximizedView.js" />
        <include name="view/overview/forecastaccuracy/view.js" />
        <include name="view/overview/labor/View.js" />
        <include name="view/overview/labor/MaximizedView.js" />
        <include name="view/overview/labor/laborspend/View.js" />
        <include name="view/overview/labor/laborhours/View.js" />
        <include name="view/overview/inventory/View.js" />
        <include name="view/overview/inventory/MaximizedView.js" />
        <include name="view/overview/inventory/inventoryvalue/View.js" />
        <include name="view/overview/inventory/averagedaysofsupply/View.js" />

        <!-- Transportation Screen -->
        <include name="view/transportation/View.js" />
        <include name="view/transportation/transportationspend/Chart.js" />
        <include name="view/transportation/transportationspend/View.js" />
        <include name="view/transportation/ontimedelivery/View.js" />
        <include name="view/transportation/ontimedelivery/Chart.js" />
        <include name="view/transportation/partyloads/View.js" />

        <!-- Inventory Screen -->
        <include name="view/inventory/View.js" />
        <include name="view/inventory/averagedaysofsupply/View.js" />
        <include name="view/inventory/averagedaysofsupply/MaximizedView.js" />
        <include name="view/inventory/averagedaysofsupply/Chart.js" />
        <include name="view/inventory/inventoryvalue/View.js" />
        <include name="view/inventory/inventoryvalue/MaximizedView.js" />
        <include name="view/inventory/inventoryvalue/Chart.js" />
        <include name="view/inventory/averagewarehouseutilization/View.js" />
        <include name="view/inventory/averagewarehouseutilization/Chart.js" />
        <include name="view/inventory/orderfillrate/View.js" />
        <include name="view/inventory/orderfillrate/MaximizedView.js" />
        <include name="view/inventory/orderfillrate/Chart.js" />

        <!-- Labor Screen -->
        <include name="view/labor/View.js" />
        <include name="view/labor/laborspend/View.js" />
        <include name="view/labor/laborspend/MaximizedView.js" />
        <include name="view/labor/laborspend/Chart.js" />
        <include name="view/labor/laborhours/View.js" />
        <include name="view/labor/laborhours/Chart.js" />
        <include name="view/labor/laborperformance/View.js" />
        <include name="view/labor/laborperformance/Chart.js" />

        <!-- Controllers -->
        <include name="controller/SCExecutiveController.js" />
        <include name="controller/Overview.js" />
        <include name="controller/CustomerService.js" />
        <include name="controller/Transportation.js" />
        <include name="controller/Inventory.js" />
        <include name="controller/Labor.js" />

        <include name="app.js" />
    </target>

    <target name="SCExecutiveMessagePacks"
            type="locale"
            source-dir="${project-dir}/messages/" />

    <target name="copy-resources"
            type="copy"
            source-dir="${resources-dir}"
            target-dir="${output-dir}/resources" />
</project>
