{
    "libs": [
        "sencha-touch-2.4.2.{client-mode}.js",
        "MobilityCore.{client-mode}.js",
        "MobilityI18n.{client-mode}.js"
    ],

    "supportedLanguages": [
        "de",
        "en",
        "es",
        "fr",
        "it",
        "ja",
        "ko",
        "pt",
        "ru",
        "zh-Hans",
        "zh-Hant"
    ],

    "scripts": [
        "MobilityScripts.{client-mode}.js"
    ],

    "messagePacks": [
        "{LANGUAGE}/MobilityMessages.js"
    ],

    "stylesheets": [
        "cupertino.css",
        "MobilityStyleSheets.{client-mode}.css"
    ]
}
