{"message":"","count":0,"status":0,"data":[{"Outbound_Order_Fill_Rate_Target_Pct_Quarter":[{"Outbound__Order__Fill__Rate__Target__Pct":95}],"Orders_Filled":[{"Orders__Filled":273}],"Order_Fill_Rate_Pct_Quarter_Region":[{"Period":"2013-W01","Order__Fill__Rate__Pct":100,"Location":"NU"},{"Period":"2013-W01","Order__Fill__Rate__Pct":100,"Location":"YT"},{"Period":"2013-W01","Order__Fill__Rate__Pct":100,"Location":"NT"},{"Period":"2013-W02","Order__Fill__Rate__Pct":100,"Location":"NU"},{"Period":"2013-W02","Order__Fill__Rate__Pct":100,"Location":"YT"},{"Period":"2013-W02","Order__Fill__Rate__Pct":100,"Location":"NT"},{"Period":"2013-W03","Order__Fill__Rate__Pct":100,"Location":"NU"},{"Period":"2013-W03","Order__Fill__Rate__Pct":100,"Location":"YT"},{"Period":"2013-W03","Order__Fill__Rate__Pct":100,"Location":"NT"},{"Period":"2013-W04","Order__Fill__Rate__Pct":100,"Location":"NU"},{"Period":"2013-W04","Order__Fill__Rate__Pct":100,"Location":"YT"},{"Period":"2013-W04","Order__Fill__Rate__Pct":100,"Location":"NT"},{"Period":"2013-W05","Order__Fill__Rate__Pct":100,"Location":"NU"},{"Period":"2013-W05","Order__Fill__Rate__Pct":100,"Location":"YT"},{"Period":"2013-W05","Order__Fill__Rate__Pct":100,"Location":"NT"},{"Period":"2013-W06","Order__Fill__Rate__Pct":100,"Location":"NU"},{"Period":"2013-W06","Order__Fill__Rate__Pct":100,"Location":"YT"},{"Period":"2013-W06","Order__Fill__Rate__Pct":100,"Location":"NT"},{"Period":"2013-W07","Order__Fill__Rate__Pct":100,"Location":"NU"},{"Period":"2013-W07","Order__Fill__Rate__Pct":100,"Location":"YT"},{"Period":"2013-W07","Order__Fill__Rate__Pct":100,"Location":"NT"},{"Period":"2013-W08","Order__Fill__Rate__Pct":100,"Location":"NU"},{"Period":"2013-W08","Order__Fill__Rate__Pct":100,"Location":"YT"},{"Period":"2013-W08","Order__Fill__Rate__Pct":100,"Location":"NT"},{"Period":"2013-W09","Order__Fill__Rate__Pct":100,"Location":"NU"},{"Period":"2013-W09","Order__Fill__Rate__Pct":100,"Location":"YT"},{"Period":"2013-W09","Order__Fill__Rate__Pct":100,"Location":"NT"},{"Period":"2013-W10","Order__Fill__Rate__Pct":100,"Location":"NU"},{"Period":"2013-W10","Order__Fill__Rate__Pct":100,"Location":"YT"},{"Period":"2013-W10","Order__Fill__Rate__Pct":100,"Location":"NT"},{"Period":"2013-W11","Order__Fill__Rate__Pct":100,"Location":"NU"},{"Period":"2013-W11","Order__Fill__Rate__Pct":100,"Location":"YT"},{"Period":"2013-W11","Order__Fill__Rate__Pct":100,"Location":"NT"},{"Period":"2013-W12","Order__Fill__Rate__Pct":100,"Location":"NU"},{"Period":"2013-W12","Order__Fill__Rate__Pct":100,"Location":"YT"},{"Period":"2013-W12","Order__Fill__Rate__Pct":100,"Location":"NT"},{"Period":"2013-W13","Order__Fill__Rate__Pct":100,"Location":"NU"},{"Period":"2013-W13","Order__Fill__Rate__Pct":100,"Location":"YT"},{"Period":"2013-W13","Order__Fill__Rate__Pct":100,"Location":"NT"}],"Total_Orders":[{"Total__Orders":273}],"Avg_Outbound_Order_Fill_Rate_Pct":[{"Avg__Outbound__Order__Fill__Rate__Pct":100}]}],"type":"J"}