{"message":"","count":0,"status":0,"data":[{"Orders_Filled":[{"Orders__Filled":140}],"Total_Orders":[{"Total__Orders":140}],"Avg_Outbound_Order_Fill_Rate_Pct":[{"Avg__Outbound__Order__Fill__Rate__Pct":100}],"Outbound_Order_Fill_Rate_Target_Pct_Month":[{"Outbound__Order__Fill__Rate__Target__Pct":97}],"Order_Fill_Rate_Pct_Month_Region":[{"Period":"2013-W44","Order__Fill__Rate__Pct":100,"Location":"PE"},{"Period":"2013-W44","Order__Fill__Rate__Pct":100,"Location":"NB"},{"Period":"2013-W44","Order__Fill__Rate__Pct":100,"Location":"NL"},{"Period":"2013-W44","Order__Fill__Rate__Pct":100,"Location":"NS"},{"Period":"2013-W45","Order__Fill__Rate__Pct":100,"Location":"PE"},{"Period":"2013-W45","Order__Fill__Rate__Pct":100,"Location":"NB"},{"Period":"2013-W45","Order__Fill__Rate__Pct":100,"Location":"NL"},{"Period":"2013-W45","Order__Fill__Rate__Pct":100,"Location":"NS"},{"Period":"2013-W46","Order__Fill__Rate__Pct":100,"Location":"PE"},{"Period":"2013-W46","Order__Fill__Rate__Pct":100,"Location":"NB"},{"Period":"2013-W46","Order__Fill__Rate__Pct":100,"Location":"NL"},{"Period":"2013-W46","Order__Fill__Rate__Pct":100,"Location":"NS"},{"Period":"2013-W47","Order__Fill__Rate__Pct":100,"Location":"PE"},{"Period":"2013-W47","Order__Fill__Rate__Pct":100,"Location":"NB"},{"Period":"2013-W47","Order__Fill__Rate__Pct":100,"Location":"NL"},{"Period":"2013-W47","Order__Fill__Rate__Pct":100,"Location":"NS"},{"Period":"2013-W48","Order__Fill__Rate__Pct":100,"Location":"PE"},{"Period":"2013-W48","Order__Fill__Rate__Pct":100,"Location":"NB"},{"Period":"2013-W48","Order__Fill__Rate__Pct":100,"Location":"NL"},{"Period":"2013-W48","Order__Fill__Rate__Pct":100,"Location":"NS"}]}],"type":"J"}