{"message":"","count":0,"status":0,"data":[{"Outbound_Order_Fill_Rate_Target_Pct_Quarter":[{"Outbound__Order__Fill__Rate__Target__Pct":95}],"Orders_Filled":[{"Orders__Filled":364}],"Order_Fill_Rate_Pct_Quarter_Region":[{"Period":"2013-W14","Order__Fill__Rate__Pct":100,"Location":"PE"},{"Period":"2013-W14","Order__Fill__Rate__Pct":100,"Location":"NB"},{"Period":"2013-W14","Order__Fill__Rate__Pct":100,"Location":"NL"},{"Period":"2013-W14","Order__Fill__Rate__Pct":100,"Location":"NS"},{"Period":"2013-W15","Order__Fill__Rate__Pct":100,"Location":"PE"},{"Period":"2013-W15","Order__Fill__Rate__Pct":100,"Location":"NB"},{"Period":"2013-W15","Order__Fill__Rate__Pct":100,"Location":"NL"},{"Period":"2013-W15","Order__Fill__Rate__Pct":100,"Location":"NS"},{"Period":"2013-W16","Order__Fill__Rate__Pct":100,"Location":"PE"},{"Period":"2013-W16","Order__Fill__Rate__Pct":100,"Location":"NB"},{"Period":"2013-W16","Order__Fill__Rate__Pct":100,"Location":"NL"},{"Period":"2013-W16","Order__Fill__Rate__Pct":100,"Location":"NS"},{"Period":"2013-W17","Order__Fill__Rate__Pct":100,"Location":"PE"},{"Period":"2013-W17","Order__Fill__Rate__Pct":100,"Location":"NB"},{"Period":"2013-W17","Order__Fill__Rate__Pct":100,"Location":"NL"},{"Period":"2013-W17","Order__Fill__Rate__Pct":100,"Location":"NS"},{"Period":"2013-W18","Order__Fill__Rate__Pct":100,"Location":"PE"},{"Period":"2013-W18","Order__Fill__Rate__Pct":100,"Location":"NB"},{"Period":"2013-W18","Order__Fill__Rate__Pct":100,"Location":"NL"},{"Period":"2013-W18","Order__Fill__Rate__Pct":100,"Location":"NS"},{"Period":"2013-W19","Order__Fill__Rate__Pct":100,"Location":"PE"},{"Period":"2013-W19","Order__Fill__Rate__Pct":100,"Location":"NB"},{"Period":"2013-W19","Order__Fill__Rate__Pct":100,"Location":"NL"},{"Period":"2013-W19","Order__Fill__Rate__Pct":100,"Location":"NS"},{"Period":"2013-W20","Order__Fill__Rate__Pct":100,"Location":"PE"},{"Period":"2013-W20","Order__Fill__Rate__Pct":100,"Location":"NB"},{"Period":"2013-W20","Order__Fill__Rate__Pct":100,"Location":"NL"},{"Period":"2013-W20","Order__Fill__Rate__Pct":100,"Location":"NS"},{"Period":"2013-W21","Order__Fill__Rate__Pct":100,"Location":"PE"},{"Period":"2013-W21","Order__Fill__Rate__Pct":100,"Location":"NB"},{"Period":"2013-W21","Order__Fill__Rate__Pct":100,"Location":"NL"},{"Period":"2013-W21","Order__Fill__Rate__Pct":100,"Location":"NS"},{"Period":"2013-W22","Order__Fill__Rate__Pct":100,"Location":"PE"},{"Period":"2013-W22","Order__Fill__Rate__Pct":100,"Location":"NB"},{"Period":"2013-W22","Order__Fill__Rate__Pct":100,"Location":"NL"},{"Period":"2013-W22","Order__Fill__Rate__Pct":100,"Location":"NS"},{"Period":"2013-W23","Order__Fill__Rate__Pct":100,"Location":"PE"},{"Period":"2013-W23","Order__Fill__Rate__Pct":100,"Location":"NB"},{"Period":"2013-W23","Order__Fill__Rate__Pct":100,"Location":"NL"},{"Period":"2013-W23","Order__Fill__Rate__Pct":100,"Location":"NS"},{"Period":"2013-W24","Order__Fill__Rate__Pct":100,"Location":"PE"},{"Period":"2013-W24","Order__Fill__Rate__Pct":100,"Location":"NB"},{"Period":"2013-W24","Order__Fill__Rate__Pct":100,"Location":"NL"},{"Period":"2013-W24","Order__Fill__Rate__Pct":100,"Location":"NS"},{"Period":"2013-W25","Order__Fill__Rate__Pct":100,"Location":"PE"},{"Period":"2013-W25","Order__Fill__Rate__Pct":100,"Location":"NB"},{"Period":"2013-W25","Order__Fill__Rate__Pct":100,"Location":"NL"},{"Period":"2013-W25","Order__Fill__Rate__Pct":100,"Location":"NS"},{"Period":"2013-W26","Order__Fill__Rate__Pct":100,"Location":"PE"},{"Period":"2013-W26","Order__Fill__Rate__Pct":100,"Location":"NB"},{"Period":"2013-W26","Order__Fill__Rate__Pct":100,"Location":"NL"},{"Period":"2013-W26","Order__Fill__Rate__Pct":100,"Location":"NS"}],"Total_Orders":[{"Total__Orders":364}],"Avg_Outbound_Order_Fill_Rate_Pct":[{"Avg__Outbound__Order__Fill__Rate__Pct":100}]}],"type":"J"}