{"message":"","count":0,"status":0,"data":[{"Orders_Filled":[{"Orders__Filled":588}],"Total_Orders":[{"Total__Orders":588}],"Avg_Outbound_Order_Fill_Rate_Pct":[{"Avg__Outbound__Order__Fill__Rate__Pct":100}],"Outbound_Order_Fill_Rate_Target_Pct_Week":[{"Outbound__Order__Fill__Rate__Target__Pct":95}],"Order_Fill_Rate_Pct_Week_Region":[{"Period":"2014-02-02","Order__Fill__Rate__Pct":100,"Location":"PE"},{"Period":"2014-02-02","Order__Fill__Rate__Pct":100,"Location":"NB"},{"Period":"2014-02-02","Order__Fill__Rate__Pct":100,"Location":"NL"},{"Period":"2014-02-02","Order__Fill__Rate__Pct":100,"Location":"NS"},{"Period":"2014-02-03","Order__Fill__Rate__Pct":100,"Location":"PE"},{"Period":"2014-02-03","Order__Fill__Rate__Pct":100,"Location":"NB"},{"Period":"2014-02-03","Order__Fill__Rate__Pct":100,"Location":"NL"},{"Period":"2014-02-03","Order__Fill__Rate__Pct":100,"Location":"NS"},{"Period":"2014-02-04","Order__Fill__Rate__Pct":100,"Location":"PE"},{"Period":"2014-02-04","Order__Fill__Rate__Pct":100,"Location":"NB"},{"Period":"2014-02-04","Order__Fill__Rate__Pct":100,"Location":"NL"},{"Period":"2014-02-04","Order__Fill__Rate__Pct":100,"Location":"NS"},{"Period":"2014-02-05","Order__Fill__Rate__Pct":100,"Location":"PE"},{"Period":"2014-02-05","Order__Fill__Rate__Pct":100,"Location":"NB"},{"Period":"2014-02-05","Order__Fill__Rate__Pct":100,"Location":"NL"},{"Period":"2014-02-05","Order__Fill__Rate__Pct":100,"Location":"NS"},{"Period":"2014-02-06","Order__Fill__Rate__Pct":100,"Location":"PE"},{"Period":"2014-02-06","Order__Fill__Rate__Pct":100,"Location":"NB"},{"Period":"2014-02-06","Order__Fill__Rate__Pct":100,"Location":"NL"},{"Period":"2014-02-06","Order__Fill__Rate__Pct":100,"Location":"NS"},{"Period":"2014-02-07","Order__Fill__Rate__Pct":100,"Location":"PE"},{"Period":"2014-02-07","Order__Fill__Rate__Pct":100,"Location":"NB"},{"Period":"2014-02-07","Order__Fill__Rate__Pct":100,"Location":"NL"},{"Period":"2014-02-07","Order__Fill__Rate__Pct":100,"Location":"NS"},{"Period":"2014-02-08","Order__Fill__Rate__Pct":100,"Location":"PE"},{"Period":"2014-02-08","Order__Fill__Rate__Pct":100,"Location":"NB"},{"Period":"2014-02-08","Order__Fill__Rate__Pct":100,"Location":"NL"},{"Period":"2014-02-08","Order__Fill__Rate__Pct":100,"Location":"NS"}]}],"type":"J"}