{"message":"","count":0,"status":0,"data":[{"Orders_Filled":[{"Orders__Filled":1456}],"Outbound_Order_Fill_Rate_Target_Pct_Year":[{"Outbound__Order__Fill__Rate__Target__Pct":95.5}],"Total_Orders":[{"Total__Orders":1456}],"Avg_Outbound_Order_Fill_Rate_Pct":[{"Avg__Outbound__Order__Fill__Rate__Pct":100}],"Order_Fill_Rate_Pct_Year_Region":[{"Period":"2013-M01","Order__Fill__Rate__Pct":100,"Location":"PE"},{"Period":"2013-M01","Order__Fill__Rate__Pct":100,"Location":"NB"},{"Period":"2013-M01","Order__Fill__Rate__Pct":100,"Location":"NL"},{"Period":"2013-M01","Order__Fill__Rate__Pct":100,"Location":"NS"},{"Period":"2013-M02","Order__Fill__Rate__Pct":100,"Location":"PE"},{"Period":"2013-M02","Order__Fill__Rate__Pct":100,"Location":"NB"},{"Period":"2013-M02","Order__Fill__Rate__Pct":100,"Location":"NL"},{"Period":"2013-M02","Order__Fill__Rate__Pct":100,"Location":"NS"},{"Period":"2013-M03","Order__Fill__Rate__Pct":100,"Location":"PE"},{"Period":"2013-M03","Order__Fill__Rate__Pct":100,"Location":"NB"},{"Period":"2013-M03","Order__Fill__Rate__Pct":100,"Location":"NL"},{"Period":"2013-M03","Order__Fill__Rate__Pct":100,"Location":"NS"},{"Period":"2013-M04","Order__Fill__Rate__Pct":100,"Location":"PE"},{"Period":"2013-M04","Order__Fill__Rate__Pct":100,"Location":"NB"},{"Period":"2013-M04","Order__Fill__Rate__Pct":100,"Location":"NL"},{"Period":"2013-M04","Order__Fill__Rate__Pct":100,"Location":"NS"},{"Period":"2013-M05","Order__Fill__Rate__Pct":100,"Location":"PE"},{"Period":"2013-M05","Order__Fill__Rate__Pct":100,"Location":"NB"},{"Period":"2013-M05","Order__Fill__Rate__Pct":100,"Location":"NL"},{"Period":"2013-M05","Order__Fill__Rate__Pct":100,"Location":"NS"},{"Period":"2013-M06","Order__Fill__Rate__Pct":100,"Location":"PE"},{"Period":"2013-M06","Order__Fill__Rate__Pct":100,"Location":"NB"},{"Period":"2013-M06","Order__Fill__Rate__Pct":100,"Location":"NL"},{"Period":"2013-M06","Order__Fill__Rate__Pct":100,"Location":"NS"},{"Period":"2013-M07","Order__Fill__Rate__Pct":100,"Location":"PE"},{"Period":"2013-M07","Order__Fill__Rate__Pct":100,"Location":"NB"},{"Period":"2013-M07","Order__Fill__Rate__Pct":100,"Location":"NL"},{"Period":"2013-M07","Order__Fill__Rate__Pct":100,"Location":"NS"},{"Period":"2013-M08","Order__Fill__Rate__Pct":100,"Location":"PE"},{"Period":"2013-M08","Order__Fill__Rate__Pct":100,"Location":"NB"},{"Period":"2013-M08","Order__Fill__Rate__Pct":100,"Location":"NL"},{"Period":"2013-M08","Order__Fill__Rate__Pct":100,"Location":"NS"},{"Period":"2013-M09","Order__Fill__Rate__Pct":100,"Location":"PE"},{"Period":"2013-M09","Order__Fill__Rate__Pct":100,"Location":"NB"},{"Period":"2013-M09","Order__Fill__Rate__Pct":100,"Location":"NL"},{"Period":"2013-M09","Order__Fill__Rate__Pct":100,"Location":"NS"},{"Period":"2013-M10","Order__Fill__Rate__Pct":100,"Location":"PE"},{"Period":"2013-M10","Order__Fill__Rate__Pct":100,"Location":"NB"},{"Period":"2013-M10","Order__Fill__Rate__Pct":100,"Location":"NL"},{"Period":"2013-M10","Order__Fill__Rate__Pct":100,"Location":"NS"},{"Period":"2013-M11","Order__Fill__Rate__Pct":100,"Location":"PE"},{"Period":"2013-M11","Order__Fill__Rate__Pct":100,"Location":"NB"},{"Period":"2013-M11","Order__Fill__Rate__Pct":100,"Location":"NL"},{"Period":"2013-M11","Order__Fill__Rate__Pct":100,"Location":"NS"},{"Period":"2013-M12","Order__Fill__Rate__Pct":100,"Location":"PE"},{"Period":"2013-M12","Order__Fill__Rate__Pct":100,"Location":"NB"},{"Period":"2013-M12","Order__Fill__Rate__Pct":100,"Location":"NL"},{"Period":"2013-M12","Order__Fill__Rate__Pct":100,"Location":"NS"}]}],"type":"J"}