{"message":"","count":0,"status":0,"data":[{"Orders_Filled":[{"Orders__Filled":28}],"Total_Orders":[{"Total__Orders":28}],"Avg_Outbound_Order_Fill_Rate_Pct":[{"Avg__Outbound__Order__Fill__Rate__Pct":100}],"Outbound_Order_Fill_Rate_Target_Pct_Week":[{"Outbound__Order__Fill__Rate__Target__Pct":97}],"Order_Fill_Rate_Pct_Week_Region":[{"Period":"2014-01-19","Order__Fill__Rate__Pct":100,"Location":"PE"},{"Period":"2014-01-19","Order__Fill__Rate__Pct":100,"Location":"NB"},{"Period":"2014-01-19","Order__Fill__Rate__Pct":100,"Location":"NL"},{"Period":"2014-01-19","Order__Fill__Rate__Pct":100,"Location":"NS"},{"Period":"2014-01-20","Order__Fill__Rate__Pct":100,"Location":"PE"},{"Period":"2014-01-20","Order__Fill__Rate__Pct":100,"Location":"NB"},{"Period":"2014-01-20","Order__Fill__Rate__Pct":100,"Location":"NL"},{"Period":"2014-01-20","Order__Fill__Rate__Pct":100,"Location":"NS"},{"Period":"2014-01-21","Order__Fill__Rate__Pct":100,"Location":"PE"},{"Period":"2014-01-21","Order__Fill__Rate__Pct":100,"Location":"NB"},{"Period":"2014-01-21","Order__Fill__Rate__Pct":100,"Location":"NL"},{"Period":"2014-01-21","Order__Fill__Rate__Pct":100,"Location":"NS"},{"Period":"2014-01-22","Order__Fill__Rate__Pct":100,"Location":"PE"},{"Period":"2014-01-22","Order__Fill__Rate__Pct":100,"Location":"NB"},{"Period":"2014-01-22","Order__Fill__Rate__Pct":100,"Location":"NL"},{"Period":"2014-01-22","Order__Fill__Rate__Pct":100,"Location":"NS"},{"Period":"2014-01-23","Order__Fill__Rate__Pct":100,"Location":"PE"},{"Period":"2014-01-23","Order__Fill__Rate__Pct":100,"Location":"NB"},{"Period":"2014-01-23","Order__Fill__Rate__Pct":100,"Location":"NL"},{"Period":"2014-01-23","Order__Fill__Rate__Pct":100,"Location":"NS"},{"Period":"2014-01-24","Order__Fill__Rate__Pct":100,"Location":"PE"},{"Period":"2014-01-24","Order__Fill__Rate__Pct":100,"Location":"NB"},{"Period":"2014-01-24","Order__Fill__Rate__Pct":100,"Location":"NL"},{"Period":"2014-01-24","Order__Fill__Rate__Pct":100,"Location":"NS"},{"Period":"2014-01-25","Order__Fill__Rate__Pct":100,"Location":"PE"},{"Period":"2014-01-25","Order__Fill__Rate__Pct":100,"Location":"NB"},{"Period":"2014-01-25","Order__Fill__Rate__Pct":100,"Location":"NL"},{"Period":"2014-01-25","Order__Fill__Rate__Pct":100,"Location":"NS"}]}],"type":"J"}