{"message":"","count":0,"status":0,"data":[{"Outbound_Order_Fill_Rate_Target_Pct_Quarter":[{"Outbound__Order__Fill__Rate__Target__Pct":97}],"Orders_Filled":[{"Orders__Filled":364}],"Order_Fill_Rate_Pct_Quarter_Region":[{"Period":"2013-W40","Order__Fill__Rate__Pct":100,"Location":"PE"},{"Period":"2013-W40","Order__Fill__Rate__Pct":100,"Location":"NB"},{"Period":"2013-W40","Order__Fill__Rate__Pct":100,"Location":"NL"},{"Period":"2013-W40","Order__Fill__Rate__Pct":100,"Location":"NS"},{"Period":"2013-W41","Order__Fill__Rate__Pct":100,"Location":"PE"},{"Period":"2013-W41","Order__Fill__Rate__Pct":100,"Location":"NB"},{"Period":"2013-W41","Order__Fill__Rate__Pct":100,"Location":"NL"},{"Period":"2013-W41","Order__Fill__Rate__Pct":100,"Location":"NS"},{"Period":"2013-W42","Order__Fill__Rate__Pct":100,"Location":"PE"},{"Period":"2013-W42","Order__Fill__Rate__Pct":100,"Location":"NB"},{"Period":"2013-W42","Order__Fill__Rate__Pct":100,"Location":"NL"},{"Period":"2013-W42","Order__Fill__Rate__Pct":100,"Location":"NS"},{"Period":"2013-W43","Order__Fill__Rate__Pct":100,"Location":"PE"},{"Period":"2013-W43","Order__Fill__Rate__Pct":100,"Location":"NB"},{"Period":"2013-W43","Order__Fill__Rate__Pct":100,"Location":"NL"},{"Period":"2013-W43","Order__Fill__Rate__Pct":100,"Location":"NS"},{"Period":"2013-W44","Order__Fill__Rate__Pct":100,"Location":"PE"},{"Period":"2013-W44","Order__Fill__Rate__Pct":100,"Location":"NB"},{"Period":"2013-W44","Order__Fill__Rate__Pct":100,"Location":"NL"},{"Period":"2013-W44","Order__Fill__Rate__Pct":100,"Location":"NS"},{"Period":"2013-W45","Order__Fill__Rate__Pct":100,"Location":"PE"},{"Period":"2013-W45","Order__Fill__Rate__Pct":100,"Location":"NB"},{"Period":"2013-W45","Order__Fill__Rate__Pct":100,"Location":"NL"},{"Period":"2013-W45","Order__Fill__Rate__Pct":100,"Location":"NS"},{"Period":"2013-W46","Order__Fill__Rate__Pct":100,"Location":"PE"},{"Period":"2013-W46","Order__Fill__Rate__Pct":100,"Location":"NB"},{"Period":"2013-W46","Order__Fill__Rate__Pct":100,"Location":"NL"},{"Period":"2013-W46","Order__Fill__Rate__Pct":100,"Location":"NS"},{"Period":"2013-W47","Order__Fill__Rate__Pct":100,"Location":"PE"},{"Period":"2013-W47","Order__Fill__Rate__Pct":100,"Location":"NB"},{"Period":"2013-W47","Order__Fill__Rate__Pct":100,"Location":"NL"},{"Period":"2013-W47","Order__Fill__Rate__Pct":100,"Location":"NS"},{"Period":"2013-W48","Order__Fill__Rate__Pct":100,"Location":"PE"},{"Period":"2013-W48","Order__Fill__Rate__Pct":100,"Location":"NB"},{"Period":"2013-W48","Order__Fill__Rate__Pct":100,"Location":"NL"},{"Period":"2013-W48","Order__Fill__Rate__Pct":100,"Location":"NS"},{"Period":"2013-W49","Order__Fill__Rate__Pct":100,"Location":"PE"},{"Period":"2013-W49","Order__Fill__Rate__Pct":100,"Location":"NB"},{"Period":"2013-W49","Order__Fill__Rate__Pct":100,"Location":"NL"},{"Period":"2013-W49","Order__Fill__Rate__Pct":100,"Location":"NS"},{"Period":"2013-W50","Order__Fill__Rate__Pct":100,"Location":"PE"},{"Period":"2013-W50","Order__Fill__Rate__Pct":100,"Location":"NB"},{"Period":"2013-W50","Order__Fill__Rate__Pct":100,"Location":"NL"},{"Period":"2013-W50","Order__Fill__Rate__Pct":100,"Location":"NS"},{"Period":"2013-W51","Order__Fill__Rate__Pct":100,"Location":"PE"},{"Period":"2013-W51","Order__Fill__Rate__Pct":100,"Location":"NB"},{"Period":"2013-W51","Order__Fill__Rate__Pct":100,"Location":"NL"},{"Period":"2013-W51","Order__Fill__Rate__Pct":100,"Location":"NS"},{"Period":"2013-W52","Order__Fill__Rate__Pct":100,"Location":"PE"},{"Period":"2013-W52","Order__Fill__Rate__Pct":100,"Location":"NB"},{"Period":"2013-W52","Order__Fill__Rate__Pct":100,"Location":"NL"},{"Period":"2013-W52","Order__Fill__Rate__Pct":100,"Location":"NS"}],"Total_Orders":[{"Total__Orders":364}],"Avg_Outbound_Order_Fill_Rate_Pct":[{"Avg__Outbound__Order__Fill__Rate__Pct":100}]}],"type":"J"}