{"message":"","count":0,"status":0,"data":[{"Outbound_Order_Fill_Rate_Target_Pct_Quarter":[{"Outbound__Order__Fill__Rate__Target__Pct":95}],"Orders_Filled":[{"Orders__Filled":364}],"Order_Fill_Rate_Pct_Quarter_Region":[{"Period":"2013-W27","Order__Fill__Rate__Pct":100,"Location":"PE"},{"Period":"2013-W27","Order__Fill__Rate__Pct":100,"Location":"NB"},{"Period":"2013-W27","Order__Fill__Rate__Pct":100,"Location":"NL"},{"Period":"2013-W27","Order__Fill__Rate__Pct":100,"Location":"NS"},{"Period":"2013-W28","Order__Fill__Rate__Pct":100,"Location":"PE"},{"Period":"2013-W28","Order__Fill__Rate__Pct":100,"Location":"NB"},{"Period":"2013-W28","Order__Fill__Rate__Pct":100,"Location":"NL"},{"Period":"2013-W28","Order__Fill__Rate__Pct":100,"Location":"NS"},{"Period":"2013-W29","Order__Fill__Rate__Pct":100,"Location":"PE"},{"Period":"2013-W29","Order__Fill__Rate__Pct":100,"Location":"NB"},{"Period":"2013-W29","Order__Fill__Rate__Pct":100,"Location":"NL"},{"Period":"2013-W29","Order__Fill__Rate__Pct":100,"Location":"NS"},{"Period":"2013-W30","Order__Fill__Rate__Pct":100,"Location":"PE"},{"Period":"2013-W30","Order__Fill__Rate__Pct":100,"Location":"NB"},{"Period":"2013-W30","Order__Fill__Rate__Pct":100,"Location":"NL"},{"Period":"2013-W30","Order__Fill__Rate__Pct":100,"Location":"NS"},{"Period":"2013-W31","Order__Fill__Rate__Pct":100,"Location":"PE"},{"Period":"2013-W31","Order__Fill__Rate__Pct":100,"Location":"NB"},{"Period":"2013-W31","Order__Fill__Rate__Pct":100,"Location":"NL"},{"Period":"2013-W31","Order__Fill__Rate__Pct":100,"Location":"NS"},{"Period":"2013-W32","Order__Fill__Rate__Pct":100,"Location":"PE"},{"Period":"2013-W32","Order__Fill__Rate__Pct":100,"Location":"NB"},{"Period":"2013-W32","Order__Fill__Rate__Pct":100,"Location":"NL"},{"Period":"2013-W32","Order__Fill__Rate__Pct":100,"Location":"NS"},{"Period":"2013-W33","Order__Fill__Rate__Pct":100,"Location":"PE"},{"Period":"2013-W33","Order__Fill__Rate__Pct":100,"Location":"NB"},{"Period":"2013-W33","Order__Fill__Rate__Pct":100,"Location":"NL"},{"Period":"2013-W33","Order__Fill__Rate__Pct":100,"Location":"NS"},{"Period":"2013-W34","Order__Fill__Rate__Pct":100,"Location":"PE"},{"Period":"2013-W34","Order__Fill__Rate__Pct":100,"Location":"NB"},{"Period":"2013-W34","Order__Fill__Rate__Pct":100,"Location":"NL"},{"Period":"2013-W34","Order__Fill__Rate__Pct":100,"Location":"NS"},{"Period":"2013-W35","Order__Fill__Rate__Pct":100,"Location":"PE"},{"Period":"2013-W35","Order__Fill__Rate__Pct":100,"Location":"NB"},{"Period":"2013-W35","Order__Fill__Rate__Pct":100,"Location":"NL"},{"Period":"2013-W35","Order__Fill__Rate__Pct":100,"Location":"NS"},{"Period":"2013-W36","Order__Fill__Rate__Pct":100,"Location":"PE"},{"Period":"2013-W36","Order__Fill__Rate__Pct":100,"Location":"NB"},{"Period":"2013-W36","Order__Fill__Rate__Pct":100,"Location":"NL"},{"Period":"2013-W36","Order__Fill__Rate__Pct":100,"Location":"NS"},{"Period":"2013-W37","Order__Fill__Rate__Pct":100,"Location":"PE"},{"Period":"2013-W37","Order__Fill__Rate__Pct":100,"Location":"NB"},{"Period":"2013-W37","Order__Fill__Rate__Pct":100,"Location":"NL"},{"Period":"2013-W37","Order__Fill__Rate__Pct":100,"Location":"NS"},{"Period":"2013-W38","Order__Fill__Rate__Pct":100,"Location":"PE"},{"Period":"2013-W38","Order__Fill__Rate__Pct":100,"Location":"NB"},{"Period":"2013-W38","Order__Fill__Rate__Pct":100,"Location":"NL"},{"Period":"2013-W38","Order__Fill__Rate__Pct":100,"Location":"NS"},{"Period":"2013-W39","Order__Fill__Rate__Pct":100,"Location":"PE"},{"Period":"2013-W39","Order__Fill__Rate__Pct":100,"Location":"NB"},{"Period":"2013-W39","Order__Fill__Rate__Pct":100,"Location":"NL"},{"Period":"2013-W39","Order__Fill__Rate__Pct":100,"Location":"NS"}],"Total_Orders":[{"Total__Orders":364}],"Avg_Outbound_Order_Fill_Rate_Pct":[{"Avg__Outbound__Order__Fill__Rate__Pct":100}]}],"type":"J"}