{"message":"","count":0,"status":0,"data":[{"Orders_Filled":[{"Orders__Filled":28}],"Total_Orders":[{"Total__Orders":28}],"Avg_Outbound_Order_Fill_Rate_Pct":[{"Avg__Outbound__Order__Fill__Rate__Pct":100}],"Outbound_Order_Fill_Rate_Target_Pct_Week":[{"Outbound__Order__Fill__Rate__Target__Pct":97}],"Order_Fill_Rate_Pct_Week_Region":[{"Period":"2014-01-12","Order__Fill__Rate__Pct":100,"Location":"PE"},{"Period":"2014-01-12","Order__Fill__Rate__Pct":100,"Location":"NB"},{"Period":"2014-01-12","Order__Fill__Rate__Pct":100,"Location":"NL"},{"Period":"2014-01-12","Order__Fill__Rate__Pct":100,"Location":"NS"},{"Period":"2014-01-13","Order__Fill__Rate__Pct":100,"Location":"PE"},{"Period":"2014-01-13","Order__Fill__Rate__Pct":100,"Location":"NB"},{"Period":"2014-01-13","Order__Fill__Rate__Pct":100,"Location":"NL"},{"Period":"2014-01-13","Order__Fill__Rate__Pct":100,"Location":"NS"},{"Period":"2014-01-14","Order__Fill__Rate__Pct":100,"Location":"PE"},{"Period":"2014-01-14","Order__Fill__Rate__Pct":100,"Location":"NB"},{"Period":"2014-01-14","Order__Fill__Rate__Pct":100,"Location":"NL"},{"Period":"2014-01-14","Order__Fill__Rate__Pct":100,"Location":"NS"},{"Period":"2014-01-15","Order__Fill__Rate__Pct":100,"Location":"PE"},{"Period":"2014-01-15","Order__Fill__Rate__Pct":100,"Location":"NB"},{"Period":"2014-01-15","Order__Fill__Rate__Pct":100,"Location":"NL"},{"Period":"2014-01-15","Order__Fill__Rate__Pct":100,"Location":"NS"},{"Period":"2014-01-16","Order__Fill__Rate__Pct":100,"Location":"PE"},{"Period":"2014-01-16","Order__Fill__Rate__Pct":100,"Location":"NB"},{"Period":"2014-01-16","Order__Fill__Rate__Pct":100,"Location":"NL"},{"Period":"2014-01-16","Order__Fill__Rate__Pct":100,"Location":"NS"},{"Period":"2014-01-17","Order__Fill__Rate__Pct":100,"Location":"PE"},{"Period":"2014-01-17","Order__Fill__Rate__Pct":100,"Location":"NB"},{"Period":"2014-01-17","Order__Fill__Rate__Pct":100,"Location":"NL"},{"Period":"2014-01-17","Order__Fill__Rate__Pct":100,"Location":"NS"},{"Period":"2014-01-18","Order__Fill__Rate__Pct":100,"Location":"PE"},{"Period":"2014-01-18","Order__Fill__Rate__Pct":100,"Location":"NB"},{"Period":"2014-01-18","Order__Fill__Rate__Pct":100,"Location":"NL"},{"Period":"2014-01-18","Order__Fill__Rate__Pct":100,"Location":"NS"}]}],"type":"J"}