{"message":"","count":0,"status":0,"data":[{"Prior_Orders_Filled_Year":[{"Prior__Orders__Filled":3458932}],"Orders_Filled":[{"Orders__Filled":3400997}],"Avg_Cust_Service_Performance_Pct":[{"Avg__Cust__Service__Performance__Pct":88.3293637291596}],"Cust_Service_Trend_Pct_Year_Country":[{"Cust__Service__Trend__Pct":90.3083700440529,"Period":"2013-M01"},{"Cust__Service__Trend__Pct":89.3238434163701,"Period":"2013-M02"},{"Cust__Service__Trend__Pct":85.7777777777778,"Period":"2013-M03"},{"Cust__Service__Trend__Pct":92.9203539823009,"Period":"2013-M04"},{"Cust__Service__Trend__Pct":88.3802816901408,"Period":"2013-M05"},{"Cust__Service__Trend__Pct":86.7256637168142,"Period":"2013-M06"},{"Cust__Service__Trend__Pct":91.5929203539823,"Period":"2013-M07"},{"Cust__Service__Trend__Pct":86.5248226950355,"Period":"2013-M08"},{"Cust__Service__Trend__Pct":88.0530973451327,"Period":"2013-M09"},{"Cust__Service__Trend__Pct":87.1681415929204,"Period":"2013-M10"},{"Cust__Service__Trend__Pct":88.7719298245614,"Period":"2013-M11"},{"Cust__Service__Trend__Pct":84.4444444444444,"Period":"2013-M12"}],"Loads_Delivered":[{"Loads__Delivered":2939}],"Prior_Avg_Cust_Service_Performance_Pct_Year":[{"Prior__Avg__Cust__Service__Performance__Pct":88.7366310160428}],"Cust_Service_Performance_Pct_Year_Country":[{"Period":"2013-M01","Cust__Service__Performance__Pct":88.4057971014493,"Location":"Western Canada"},{"Period":"2013-M01","Cust__Service__Performance__Pct":90.5660377358491,"Location":"Northern Canada"},{"Period":"2013-M01","Cust__Service__Performance__Pct":94.2857142857143,"Location":"Atlantic Canada"},{"Period":"2013-M01","Cust__Service__Performance__Pct":88.8888888888889,"Location":"Ontario"},{"Period":"2013-M01","Cust__Service__Performance__Pct":82.3529411764706,"Location":"Quebec"},{"Period":"2013-M02","Cust__Service__Performance__Pct":89.5348837209302,"Location":"Western Canada"},{"Period":"2013-M02","Cust__Service__Performance__Pct":85.9375,"Location":"Northern Canada"},{"Period":"2013-M02","Cust__Service__Performance__Pct":90.8045977011494,"Location":"Atlantic Canada"},{"Period":"2013-M02","Cust__Service__Performance__Pct":90.4761904761905,"Location":"Ontario"},{"Period":"2013-M02","Cust__Service__Performance__Pct":91.304347826087,"Location":"Quebec"},{"Period":"2013-M03","Cust__Service__Performance__Pct":85.7142857142857,"Location":"Western Canada"},{"Period":"2013-M03","Cust__Service__Performance__Pct":86.7924528301887,"Location":"Northern Canada"},{"Period":"2013-M03","Cust__Service__Performance__Pct":89.7058823529412,"Location":"Atlantic Canada"},{"Period":"2013-M03","Cust__Service__Performance__Pct":82.3529411764706,"Location":"Ontario"},{"Period":"2013-M03","Cust__Service__Performance__Pct":70.5882352941177,"Location":"Quebec"},{"Period":"2013-M04","Cust__Service__Performance__Pct":97.1014492753623,"Location":"Western Canada"},{"Period":"2013-M04","Cust__Service__Performance__Pct":88.4615384615385,"Location":"Northern Canada"},{"Period":"2013-M04","Cust__Service__Performance__Pct":92.8571428571429,"Location":"Atlantic Canada"},{"Period":"2013-M04","Cust__Service__Performance__Pct":88.8888888888889,"Location":"Ontario"},{"Period":"2013-M04","Cust__Service__Performance__Pct":94.1176470588235,"Location":"Quebec"},{"Period":"2013-M05","Cust__Service__Performance__Pct":89.6551724137931,"Location":"Western Canada"},{"Period":"2013-M05","Cust__Service__Performance__Pct":86.1538461538462,"Location":"Northern Canada"},{"Period":"2013-M05","Cust__Service__Performance__Pct":87.5,"Location":"Atlantic Canada"},{"Period":"2013-M05","Cust__Service__Performance__Pct":85.7142857142857,"Location":"Ontario"},{"Period":"2013-M05","Cust__Service__Performance__Pct":95.6521739130435,"Location":"Quebec"},{"Period":"2013-M06","Cust__Service__Performance__Pct":90,"Location":"Western Canada"},{"Period":"2013-M06","Cust__Service__Performance__Pct":81.1320754716981,"Location":"Northern Canada"},{"Period":"2013-M06","Cust__Service__Performance__Pct":89.8550724637681,"Location":"Atlantic Canada"},{"Period":"2013-M06","Cust__Service__Performance__Pct":88.2352941176471,"Location":"Ontario"},{"Period":"2013-M06","Cust__Service__Performance__Pct":76.4705882352941,"Location":"Quebec"},{"Period":"2013-M07","Cust__Service__Performance__Pct":91.1764705882353,"Location":"Western Canada"},{"Period":"2013-M07","Cust__Service__Performance__Pct":92.156862745098,"Location":"Northern Canada"},{"Period":"2013-M07","Cust__Service__Performance__Pct":92.9577464788732,"Location":"Atlantic Canada"},{"Period":"2013-M07","Cust__Service__Performance__Pct":94.4444444444444,"Location":"Ontario"},{"Period":"2013-M07","Cust__Service__Performance__Pct":83.3333333333333,"Location":"Quebec"},{"Period":"2013-M08","Cust__Service__Performance__Pct":86.3636363636364,"Location":"Western Canada"},{"Period":"2013-M08","Cust__Service__Performance__Pct":87.6923076923077,"Location":"Northern Canada"},{"Period":"2013-M08","Cust__Service__Performance__Pct":86.2068965517241,"Location":"Atlantic Canada"},{"Period":"2013-M08","Cust__Service__Performance__Pct":90.4761904761905,"Location":"Ontario"},{"Period":"2013-M08","Cust__Service__Performance__Pct":80.9523809523809,"Location":"Quebec"},{"Period":"2013-M09","Cust__Service__Performance__Pct":87.1428571428571,"Location":"Western Canada"},{"Period":"2013-M09","Cust__Service__Performance__Pct":90.5660377358491,"Location":"Northern Canada"},{"Period":"2013-M09","Cust__Service__Performance__Pct":92.7536231884058,"Location":"Atlantic Canada"},{"Period":"2013-M09","Cust__Service__Performance__Pct":76.4705882352941,"Location":"Ontario"},{"Period":"2013-M09","Cust__Service__Performance__Pct":76.4705882352941,"Location":"Quebec"},{"Period":"2013-M10","Cust__Service__Performance__Pct":85.5072463768116,"Location":"Western Canada"},{"Period":"2013-M10","Cust__Service__Performance__Pct":84.3137254901961,"Location":"Northern Canada"},{"Period":"2013-M10","Cust__Service__Performance__Pct":91.4285714285714,"Location":"Atlantic Canada"},{"Period":"2013-M10","Cust__Service__Performance__Pct":83.3333333333333,"Location":"Ontario"},{"Period":"2013-M10","Cust__Service__Performance__Pct":88.8888888888889,"Location":"Quebec"},{"Period":"2013-M11","Cust__Service__Performance__Pct":89.8876404494382,"Location":"Western Canada"},{"Period":"2013-M11","Cust__Service__Performance__Pct":87.8787878787879,"Location":"Northern Canada"},{"Period":"2013-M11","Cust__Service__Performance__Pct":86.3636363636364,"Location":"Atlantic Canada"},{"Period":"2013-M11","Cust__Service__Performance__Pct":85.7142857142857,"Location":"Ontario"},{"Period":"2013-M11","Cust__Service__Performance__Pct":100,"Location":"Quebec"},{"Period":"2013-M12","Cust__Service__Performance__Pct":86.9565217391304,"Location":"Western Canada"},{"Period":"2013-M12","Cust__Service__Performance__Pct":81.1320754716981,"Location":"Northern Canada"},{"Period":"2013-M12","Cust__Service__Performance__Pct":86.9565217391304,"Location":"Atlantic Canada"},{"Period":"2013-M12","Cust__Service__Performance__Pct":70.5882352941177,"Location":"Ontario"},{"Period":"2013-M12","Cust__Service__Performance__Pct":88.2352941176471,"Location":"Quebec"}],"Customers_Served":[{"Customers__Served":18}],"Cust_Service_Performance_Target_Pct_Year":[{"Cust__Service__Performance__Target__Pct":91.25}]}],"type":"J"}