{"message":"","count":0,"status":0,"data":[{"Orders_Filled":[{"Orders__Filled":80876}],"Avg_Cust_Service_Performance_Pct":[{"Avg__Cust__Service__Performance__Pct":85.5072463768116}],"Cust_Service_Performance_Pct_Month_Region":[{"Period":"2013-W40","Cust__Service__Performance__Pct":100,"Location":"BC"},{"Period":"2013-W40","Cust__Service__Performance__Pct":66.6666666666667,"Location":"MB"},{"Period":"2013-W40","Cust__Service__Performance__Pct":66.6666666666667,"Location":"AB"},{"Period":"2013-W40","Cust__Service__Performance__Pct":100,"Location":"SK"},{"Period":"2013-W41","Cust__Service__Performance__Pct":83.3333333333333,"Location":"BC"},{"Period":"2013-W41","Cust__Service__Performance__Pct":100,"Location":"MB"},{"Period":"2013-W41","Cust__Service__Performance__Pct":100,"Location":"AB"},{"Period":"2013-W41","Cust__Service__Performance__Pct":100,"Location":"SK"},{"Period":"2013-W42","Cust__Service__Performance__Pct":75,"Location":"BC"},{"Period":"2013-W42","Cust__Service__Performance__Pct":100,"Location":"MB"},{"Period":"2013-W42","Cust__Service__Performance__Pct":75,"Location":"AB"},{"Period":"2013-W42","Cust__Service__Performance__Pct":100,"Location":"SK"},{"Period":"2013-W43","Cust__Service__Performance__Pct":66.6666666666667,"Location":"BC"},{"Period":"2013-W43","Cust__Service__Performance__Pct":60,"Location":"MB"},{"Period":"2013-W43","Cust__Service__Performance__Pct":100,"Location":"AB"},{"Period":"2013-W43","Cust__Service__Performance__Pct":80,"Location":"SK"}],"Prior_Orders_Filled_Month":[{"Prior__Orders__Filled":83930}],"Cust_Service_Trend_Pct_Month_Region":[{"Cust__Service__Trend__Pct":84.2105263157895,"Period":"2013-W40"},{"Cust__Service__Trend__Pct":93.75,"Period":"2013-W41"},{"Cust__Service__Trend__Pct":88.2352941176471,"Period":"2013-W42"},{"Cust__Service__Trend__Pct":76.4705882352941,"Period":"2013-W43"}],"Loads_Delivered":[{"Loads__Delivered":69}],"Cust_Service_Performance_Target_Pct_Month":[{"Cust__Service__Performance__Target__Pct":92}],"Customers_Served":[{"Customers__Served":18}],"Prior_Avg_Cust_Service_Performance_Pct_Month":[{"Prior__Avg__Cust__Service__Performance__Pct":87.1428571428571}]}],"type":"J"}