{"message":"","count":0,"status":0,"data":[{"Cust_Service_Performance_Pct_Year_Region":[{"Period":"2013-M01","Cust__Service__Performance__Pct":82.3529411764706,"Location":"QC"},{"Period":"2013-M02","Cust__Service__Performance__Pct":91.304347826087,"Location":"QC"},{"Period":"2013-M03","Cust__Service__Performance__Pct":70.5882352941177,"Location":"QC"},{"Period":"2013-M04","Cust__Service__Performance__Pct":94.1176470588235,"Location":"QC"},{"Period":"2013-M05","Cust__Service__Performance__Pct":95.6521739130435,"Location":"QC"},{"Period":"2013-M06","Cust__Service__Performance__Pct":76.4705882352941,"Location":"QC"},{"Period":"2013-M07","Cust__Service__Performance__Pct":83.3333333333333,"Location":"QC"},{"Period":"2013-M08","Cust__Service__Performance__Pct":80.9523809523809,"Location":"QC"},{"Period":"2013-M09","Cust__Service__Performance__Pct":76.4705882352941,"Location":"QC"},{"Period":"2013-M10","Cust__Service__Performance__Pct":88.8888888888889,"Location":"QC"},{"Period":"2013-M11","Cust__Service__Performance__Pct":100,"Location":"QC"},{"Period":"2013-M12","Cust__Service__Performance__Pct":88.2352941176471,"Location":"QC"}],"Prior_Orders_Filled_Year":[{"Prior__Orders__Filled":263199}],"Cust_Service_Trend_Pct_Year_Region":[{"Cust__Service__Trend__Pct":82.3529411764706,"Period":"2013-M01"},{"Cust__Service__Trend__Pct":91.304347826087,"Period":"2013-M02"},{"Cust__Service__Trend__Pct":70.5882352941177,"Period":"2013-M03"},{"Cust__Service__Trend__Pct":94.1176470588235,"Period":"2013-M04"},{"Cust__Service__Trend__Pct":95.6521739130435,"Period":"2013-M05"},{"Cust__Service__Trend__Pct":76.4705882352941,"Period":"2013-M06"},{"Cust__Service__Trend__Pct":83.3333333333333,"Period":"2013-M07"},{"Cust__Service__Trend__Pct":80.9523809523809,"Period":"2013-M08"},{"Cust__Service__Trend__Pct":76.4705882352941,"Period":"2013-M09"},{"Cust__Service__Trend__Pct":88.8888888888889,"Period":"2013-M10"},{"Cust__Service__Trend__Pct":100,"Period":"2013-M11"},{"Cust__Service__Trend__Pct":88.2352941176471,"Period":"2013-M12"}],"Orders_Filled":[{"Orders__Filled":265051}],"Avg_Cust_Service_Performance_Pct":[{"Avg__Cust__Service__Performance__Pct":86.283185840708}],"Loads_Delivered":[{"Loads__Delivered":226}],"Prior_Avg_Cust_Service_Performance_Pct_Year":[{"Prior__Avg__Cust__Service__Performance__Pct":92.1052631578947}],"Customers_Served":[{"Customers__Served":18}],"Cust_Service_Performance_Target_Pct_Year":[{"Cust__Service__Performance__Target__Pct":91.25}]}],"type":"J"}