{"message":"","count":0,"status":0,"data":[{"Cust_Service_Performance_Pct_Month_All":[{"Period":"2013-W49","Cust__Service__Performance__Pct":81.8181818181818,"Location":"CAN"},{"Period":"2013-W49","Cust__Service__Performance__Pct":88,"Location":"USA"},{"Period":"2013-W49","Cust__Service__Performance__Pct":82.7956989247312,"Location":"MX"},{"Period":"2013-W50","Cust__Service__Performance__Pct":83.3333333333333,"Location":"CAN"},{"Period":"2013-W50","Cust__Service__Performance__Pct":93.3333333333333,"Location":"USA"},{"Period":"2013-W50","Cust__Service__Performance__Pct":92.3913043478261,"Location":"MX"},{"Period":"2013-W51","Cust__Service__Performance__Pct":89.6551724137931,"Location":"CAN"},{"Period":"2013-W51","Cust__Service__Performance__Pct":91.6666666666667,"Location":"USA"},{"Period":"2013-W51","Cust__Service__Performance__Pct":89.8876404494382,"Location":"MX"},{"Period":"2013-W52","Cust__Service__Performance__Pct":82.7586206896552,"Location":"CAN"},{"Period":"2013-W52","Cust__Service__Performance__Pct":87.8378378378378,"Location":"USA"},{"Period":"2013-W52","Cust__Service__Performance__Pct":89.010989010989,"Location":"MX"}],"Orders_Filled":[{"Orders__Filled":1026790}],"Avg_Cust_Service_Performance_Pct":[{"Avg__Cust__Service__Performance__Pct":88.0361173814898}],"Prior_Orders_Filled_Month":[{"Prior__Orders__Filled":1282481}],"Loads_Delivered":[{"Loads__Delivered":886}],"Cust_Service_Performance_Target_Pct_Month":[{"Cust__Service__Performance__Target__Pct":92}],"Customers_Served":[{"Customers__Served":18}],"Prior_Avg_Cust_Service_Performance_Pct_Month":[{"Prior__Avg__Cust__Service__Performance__Pct":89.0794223826715}],"Cust_Service_Trend_Pct_Month_All":[{"Cust__Service__Trend__Pct":84.304932735426,"Period":"2013-W49"},{"Cust__Service__Trend__Pct":90.4977375565611,"Period":"2013-W50"},{"Cust__Service__Trend__Pct":90.4109589041096,"Period":"2013-W51"},{"Cust__Service__Trend__Pct":86.9955156950673,"Period":"2013-W52"}]}],"type":"J"}