{"message":"","count":0,"status":0,"data":[{"Orders_Filled":[{"Orders__Filled":96876}],"Avg_Cust_Service_Performance_Pct":[{"Avg__Cust__Service__Performance__Pct":91.9540229885057}],"Cust_Service_Performance_Pct_Month_Region":[{"Period":"2013-W40","Cust__Service__Performance__Pct":100,"Location":"CP"},{"Period":"2013-W40","Cust__Service__Performance__Pct":100,"Location":"TB"},{"Period":"2013-W40","Cust__Service__Performance__Pct":100,"Location":"CM"},{"Period":"2013-W40","Cust__Service__Performance__Pct":100,"Location":"QR"},{"Period":"2013-W40","Cust__Service__Performance__Pct":100,"Location":"YU"},{"Period":"2013-W41","Cust__Service__Performance__Pct":100,"Location":"CP"},{"Period":"2013-W41","Cust__Service__Performance__Pct":75,"Location":"TB"},{"Period":"2013-W41","Cust__Service__Performance__Pct":100,"Location":"CM"},{"Period":"2013-W41","Cust__Service__Performance__Pct":100,"Location":"QR"},{"Period":"2013-W41","Cust__Service__Performance__Pct":100,"Location":"YU"},{"Period":"2013-W42","Cust__Service__Performance__Pct":100,"Location":"CP"},{"Period":"2013-W42","Cust__Service__Performance__Pct":83.3333333333333,"Location":"TB"},{"Period":"2013-W42","Cust__Service__Performance__Pct":66.6666666666667,"Location":"CM"},{"Period":"2013-W42","Cust__Service__Performance__Pct":66.6666666666667,"Location":"QR"},{"Period":"2013-W42","Cust__Service__Performance__Pct":66.6666666666667,"Location":"YU"},{"Period":"2013-W43","Cust__Service__Performance__Pct":100,"Location":"CP"},{"Period":"2013-W43","Cust__Service__Performance__Pct":100,"Location":"TB"},{"Period":"2013-W43","Cust__Service__Performance__Pct":83.3333333333333,"Location":"CM"},{"Period":"2013-W43","Cust__Service__Performance__Pct":100,"Location":"QR"},{"Period":"2013-W43","Cust__Service__Performance__Pct":83.3333333333333,"Location":"YU"}],"Prior_Orders_Filled_Month":[{"Prior__Orders__Filled":103150}],"Cust_Service_Trend_Pct_Month_Region":[{"Cust__Service__Trend__Pct":100,"Period":"2013-W40"},{"Cust__Service__Trend__Pct":95.6521739130435,"Period":"2013-W41"},{"Cust__Service__Trend__Pct":78.9473684210526,"Period":"2013-W42"},{"Cust__Service__Trend__Pct":91.304347826087,"Period":"2013-W43"}],"Loads_Delivered":[{"Loads__Delivered":87}],"Cust_Service_Performance_Target_Pct_Month":[{"Cust__Service__Performance__Target__Pct":92}],"Customers_Served":[{"Customers__Served":18}],"Prior_Avg_Cust_Service_Performance_Pct_Month":[{"Prior__Avg__Cust__Service__Performance__Pct":90.8045977011494}]}],"type":"J"}