{"message":"","count":0,"status":0,"data":[{"Orders_Filled":[{"Orders__Filled":74679}],"Avg_Cust_Service_Performance_Pct":[{"Avg__Cust__Service__Performance__Pct":86.9565217391304}],"Cust_Service_Performance_Pct_Month_Region":[{"Period":"2013-W49","Cust__Service__Performance__Pct":83.3333333333333,"Location":"BC"},{"Period":"2013-W49","Cust__Service__Performance__Pct":100,"Location":"MB"},{"Period":"2013-W49","Cust__Service__Performance__Pct":66.6666666666667,"Location":"AB"},{"Period":"2013-W49","Cust__Service__Performance__Pct":75,"Location":"SK"},{"Period":"2013-W50","Cust__Service__Performance__Pct":100,"Location":"BC"},{"Period":"2013-W50","Cust__Service__Performance__Pct":75,"Location":"MB"},{"Period":"2013-W50","Cust__Service__Performance__Pct":75,"Location":"AB"},{"Period":"2013-W50","Cust__Service__Performance__Pct":100,"Location":"SK"},{"Period":"2013-W51","Cust__Service__Performance__Pct":100,"Location":"BC"},{"Period":"2013-W51","Cust__Service__Performance__Pct":100,"Location":"MB"},{"Period":"2013-W51","Cust__Service__Performance__Pct":100,"Location":"AB"},{"Period":"2013-W51","Cust__Service__Performance__Pct":75,"Location":"SK"},{"Period":"2013-W52","Cust__Service__Performance__Pct":33.3333333333333,"Location":"BC"},{"Period":"2013-W52","Cust__Service__Performance__Pct":100,"Location":"MB"},{"Period":"2013-W52","Cust__Service__Performance__Pct":100,"Location":"AB"},{"Period":"2013-W52","Cust__Service__Performance__Pct":83.3333333333333,"Location":"SK"}],"Prior_Orders_Filled_Month":[{"Prior__Orders__Filled":103620}],"Cust_Service_Trend_Pct_Month_Region":[{"Cust__Service__Trend__Pct":82.3529411764706,"Period":"2013-W49"},{"Cust__Service__Trend__Pct":87.5,"Period":"2013-W50"},{"Cust__Service__Trend__Pct":94.1176470588235,"Period":"2013-W51"},{"Cust__Service__Trend__Pct":84.2105263157895,"Period":"2013-W52"}],"Loads_Delivered":[{"Loads__Delivered":69}],"Cust_Service_Performance_Target_Pct_Month":[{"Cust__Service__Performance__Target__Pct":92}],"Customers_Served":[{"Customers__Served":18}],"Prior_Avg_Cust_Service_Performance_Pct_Month":[{"Prior__Avg__Cust__Service__Performance__Pct":89.8876404494382}]}],"type":"J"}