{"message":"","count":0,"status":0,"data":[{"Cust_Service_Performance_Pct_Quarter_Region":[{"Period":"2013-W27","Cust__Service__Performance__Pct":66.6666666666667,"Location":"CP"},{"Period":"2013-W27","Cust__Service__Performance__Pct":100,"Location":"TB"},{"Period":"2013-W27","Cust__Service__Performance__Pct":100,"Location":"CM"},{"Period":"2013-W27","Cust__Service__Performance__Pct":75,"Location":"QR"},{"Period":"2013-W27","Cust__Service__Performance__Pct":83.3333333333333,"Location":"YU"},{"Period":"2013-W28","Cust__Service__Performance__Pct":83.3333333333333,"Location":"CP"},{"Period":"2013-W28","Cust__Service__Performance__Pct":66.6666666666667,"Location":"TB"},{"Period":"2013-W28","Cust__Service__Performance__Pct":100,"Location":"CM"},{"Period":"2013-W28","Cust__Service__Performance__Pct":83.3333333333333,"Location":"QR"},{"Period":"2013-W28","Cust__Service__Performance__Pct":66.6666666666667,"Location":"YU"},{"Period":"2013-W29","Cust__Service__Performance__Pct":100,"Location":"CP"},{"Period":"2013-W29","Cust__Service__Performance__Pct":100,"Location":"TB"},{"Period":"2013-W29","Cust__Service__Performance__Pct":100,"Location":"CM"},{"Period":"2013-W29","Cust__Service__Performance__Pct":75,"Location":"QR"},{"Period":"2013-W29","Cust__Service__Performance__Pct":100,"Location":"YU"},{"Period":"2013-W30","Cust__Service__Performance__Pct":100,"Location":"CP"},{"Period":"2013-W30","Cust__Service__Performance__Pct":100,"Location":"TB"},{"Period":"2013-W30","Cust__Service__Performance__Pct":100,"Location":"CM"},{"Period":"2013-W30","Cust__Service__Performance__Pct":100,"Location":"QR"},{"Period":"2013-W30","Cust__Service__Performance__Pct":75,"Location":"YU"},{"Period":"2013-W31","Cust__Service__Performance__Pct":100,"Location":"CP"},{"Period":"2013-W31","Cust__Service__Performance__Pct":66.6666666666667,"Location":"TB"},{"Period":"2013-W31","Cust__Service__Performance__Pct":100,"Location":"CM"},{"Period":"2013-W31","Cust__Service__Performance__Pct":66.6666666666667,"Location":"QR"},{"Period":"2013-W31","Cust__Service__Performance__Pct":66.6666666666667,"Location":"YU"},{"Period":"2013-W32","Cust__Service__Performance__Pct":83.3333333333333,"Location":"CP"},{"Period":"2013-W32","Cust__Service__Performance__Pct":100,"Location":"TB"},{"Period":"2013-W32","Cust__Service__Performance__Pct":100,"Location":"CM"},{"Period":"2013-W32","Cust__Service__Performance__Pct":66.6666666666667,"Location":"QR"},{"Period":"2013-W32","Cust__Service__Performance__Pct":100,"Location":"YU"},{"Period":"2013-W33","Cust__Service__Performance__Pct":80,"Location":"CP"},{"Period":"2013-W33","Cust__Service__Performance__Pct":100,"Location":"TB"},{"Period":"2013-W33","Cust__Service__Performance__Pct":100,"Location":"CM"},{"Period":"2013-W33","Cust__Service__Performance__Pct":100,"Location":"QR"},{"Period":"2013-W33","Cust__Service__Performance__Pct":100,"Location":"YU"},{"Period":"2013-W34","Cust__Service__Performance__Pct":75,"Location":"CP"},{"Period":"2013-W34","Cust__Service__Performance__Pct":83.3333333333333,"Location":"TB"},{"Period":"2013-W34","Cust__Service__Performance__Pct":75,"Location":"CM"},{"Period":"2013-W34","Cust__Service__Performance__Pct":66.6666666666667,"Location":"QR"},{"Period":"2013-W34","Cust__Service__Performance__Pct":100,"Location":"YU"},{"Period":"2013-W35","Cust__Service__Performance__Pct":100,"Location":"CP"},{"Period":"2013-W35","Cust__Service__Performance__Pct":100,"Location":"TB"},{"Period":"2013-W35","Cust__Service__Performance__Pct":83.3333333333333,"Location":"CM"},{"Period":"2013-W35","Cust__Service__Performance__Pct":66.6666666666667,"Location":"QR"},{"Period":"2013-W35","Cust__Service__Performance__Pct":100,"Location":"YU"},{"Period":"2013-W36","Cust__Service__Performance__Pct":100,"Location":"CP"},{"Period":"2013-W36","Cust__Service__Performance__Pct":66.6666666666667,"Location":"TB"},{"Period":"2013-W36","Cust__Service__Performance__Pct":100,"Location":"CM"},{"Period":"2013-W36","Cust__Service__Performance__Pct":100,"Location":"QR"},{"Period":"2013-W36","Cust__Service__Performance__Pct":100,"Location":"YU"},{"Period":"2013-W37","Cust__Service__Performance__Pct":100,"Location":"CP"},{"Period":"2013-W37","Cust__Service__Performance__Pct":100,"Location":"TB"},{"Period":"2013-W37","Cust__Service__Performance__Pct":100,"Location":"CM"},{"Period":"2013-W37","Cust__Service__Performance__Pct":100,"Location":"QR"},{"Period":"2013-W37","Cust__Service__Performance__Pct":75,"Location":"YU"},{"Period":"2013-W38","Cust__Service__Performance__Pct":33.3333333333333,"Location":"CP"},{"Period":"2013-W38","Cust__Service__Performance__Pct":83.3333333333333,"Location":"TB"},{"Period":"2013-W38","Cust__Service__Performance__Pct":100,"Location":"CM"},{"Period":"2013-W38","Cust__Service__Performance__Pct":100,"Location":"QR"},{"Period":"2013-W38","Cust__Service__Performance__Pct":66.6666666666667,"Location":"YU"},{"Period":"2013-W39","Cust__Service__Performance__Pct":100,"Location":"CP"},{"Period":"2013-W39","Cust__Service__Performance__Pct":100,"Location":"TB"},{"Period":"2013-W39","Cust__Service__Performance__Pct":83.3333333333333,"Location":"CM"},{"Period":"2013-W39","Cust__Service__Performance__Pct":100,"Location":"QR"},{"Period":"2013-W39","Cust__Service__Performance__Pct":83.3333333333333,"Location":"YU"}],"Orders_Filled":[{"Orders__Filled":326816}],"Prior_Avg_Cust_Service_Performance_Pct_Quarter":[{"Prior__Avg__Cust__Service__Performance__Pct":90.8127208480565}],"Avg_Cust_Service_Performance_Pct":[{"Avg__Cust__Service__Performance__Pct":89.0459363957597}],"Cust_Service_Trend_Pct_Quarter_Region":[{"Cust__Service__Trend__Pct":86.9565217391304,"Period":"2013-W27"},{"Cust__Service__Trend__Pct":81.8181818181818,"Period":"2013-W28"},{"Cust__Service__Trend__Pct":95.2380952380952,"Period":"2013-W29"},{"Cust__Service__Trend__Pct":95.4545454545455,"Period":"2013-W30"},{"Cust__Service__Trend__Pct":80.9523809523809,"Period":"2013-W31"},{"Cust__Service__Trend__Pct":86.9565217391304,"Period":"2013-W32"},{"Cust__Service__Trend__Pct":95.2380952380952,"Period":"2013-W33"},{"Cust__Service__Trend__Pct":80.9523809523809,"Period":"2013-W34"},{"Cust__Service__Trend__Pct":90.9090909090909,"Period":"2013-W35"},{"Cust__Service__Trend__Pct":95.4545454545455,"Period":"2013-W36"},{"Cust__Service__Trend__Pct":95.6521739130435,"Period":"2013-W37"},{"Cust__Service__Trend__Pct":80,"Period":"2013-W38"},{"Cust__Service__Trend__Pct":90.9090909090909,"Period":"2013-W39"}],"Loads_Delivered":[{"Loads__Delivered":283}],"Prior_Orders_Filled_Quarter":[{"Prior__Orders__Filled":324771}],"Customers_Served":[{"Customers__Served":18}],"Cust_Service_Performance_Target_Pct_Quarter":[{"Cust__Service__Performance__Target__Pct":92}]}],"type":"J"}