{"message":"","count":0,"status":0,"data":[{"Orders_Filled":[{"Orders__Filled":1116836}],"Prior_Avg_Cust_Service_Performance_Pct_Quarter":[{"Prior__Avg__Cust__Service__Performance__Pct":88.2414151925078}],"Avg_Cust_Service_Performance_Pct":[{"Avg__Cust__Service__Performance__Pct":89.6659707724426}],"Loads_Delivered":[{"Loads__Delivered":958}],"Cust_Service_Performance_Pct_Quarter_Country":[{"Period":"2013-W14","Cust__Service__Performance__Pct":86.6666666666667,"Location":"West"},{"Period":"2013-W14","Cust__Service__Performance__Pct":78.9473684210526,"Location":"Northeast"},{"Period":"2013-W14","Cust__Service__Performance__Pct":94.1176470588235,"Location":"Midwest"},{"Period":"2013-W14","Cust__Service__Performance__Pct":86.3636363636364,"Location":"South"},{"Period":"2013-W15","Cust__Service__Performance__Pct":75,"Location":"West"},{"Period":"2013-W15","Cust__Service__Performance__Pct":90.9090909090909,"Location":"Northeast"},{"Period":"2013-W15","Cust__Service__Performance__Pct":89.4736842105263,"Location":"Midwest"},{"Period":"2013-W15","Cust__Service__Performance__Pct":90,"Location":"South"},{"Period":"2013-W16","Cust__Service__Performance__Pct":92.3076923076923,"Location":"West"},{"Period":"2013-W16","Cust__Service__Performance__Pct":91.6666666666667,"Location":"Northeast"},{"Period":"2013-W16","Cust__Service__Performance__Pct":88.2352941176471,"Location":"Midwest"},{"Period":"2013-W16","Cust__Service__Performance__Pct":95.2380952380952,"Location":"South"},{"Period":"2013-W17","Cust__Service__Performance__Pct":100,"Location":"West"},{"Period":"2013-W17","Cust__Service__Performance__Pct":90.9090909090909,"Location":"Northeast"},{"Period":"2013-W17","Cust__Service__Performance__Pct":94.1176470588235,"Location":"Midwest"},{"Period":"2013-W17","Cust__Service__Performance__Pct":82.6086956521739,"Location":"South"},{"Period":"2013-W18","Cust__Service__Performance__Pct":100,"Location":"West"},{"Period":"2013-W18","Cust__Service__Performance__Pct":95,"Location":"Northeast"},{"Period":"2013-W18","Cust__Service__Performance__Pct":76.4705882352941,"Location":"Midwest"},{"Period":"2013-W18","Cust__Service__Performance__Pct":95.4545454545455,"Location":"South"},{"Period":"2013-W19","Cust__Service__Performance__Pct":92.3076923076923,"Location":"West"},{"Period":"2013-W19","Cust__Service__Performance__Pct":95.2380952380952,"Location":"Northeast"},{"Period":"2013-W19","Cust__Service__Performance__Pct":83.3333333333333,"Location":"Midwest"},{"Period":"2013-W19","Cust__Service__Performance__Pct":85.7142857142857,"Location":"South"},{"Period":"2013-W20","Cust__Service__Performance__Pct":100,"Location":"West"},{"Period":"2013-W20","Cust__Service__Performance__Pct":82.6086956521739,"Location":"Northeast"},{"Period":"2013-W20","Cust__Service__Performance__Pct":94.4444444444444,"Location":"Midwest"},{"Period":"2013-W20","Cust__Service__Performance__Pct":90.4761904761905,"Location":"South"},{"Period":"2013-W21","Cust__Service__Performance__Pct":84.6153846153846,"Location":"West"},{"Period":"2013-W21","Cust__Service__Performance__Pct":90.9090909090909,"Location":"Northeast"},{"Period":"2013-W21","Cust__Service__Performance__Pct":94.1176470588235,"Location":"Midwest"},{"Period":"2013-W21","Cust__Service__Performance__Pct":95.6521739130435,"Location":"South"},{"Period":"2013-W22","Cust__Service__Performance__Pct":78.5714285714286,"Location":"West"},{"Period":"2013-W22","Cust__Service__Performance__Pct":85.7142857142857,"Location":"Northeast"},{"Period":"2013-W22","Cust__Service__Performance__Pct":80,"Location":"Midwest"},{"Period":"2013-W22","Cust__Service__Performance__Pct":86.3636363636364,"Location":"South"},{"Period":"2013-W23","Cust__Service__Performance__Pct":91.6666666666667,"Location":"West"},{"Period":"2013-W23","Cust__Service__Performance__Pct":100,"Location":"Northeast"},{"Period":"2013-W23","Cust__Service__Performance__Pct":95,"Location":"Midwest"},{"Period":"2013-W23","Cust__Service__Performance__Pct":80.9523809523809,"Location":"South"},{"Period":"2013-W24","Cust__Service__Performance__Pct":92.3076923076923,"Location":"West"},{"Period":"2013-W24","Cust__Service__Performance__Pct":91.304347826087,"Location":"Northeast"},{"Period":"2013-W24","Cust__Service__Performance__Pct":94.1176470588235,"Location":"Midwest"},{"Period":"2013-W24","Cust__Service__Performance__Pct":95.4545454545455,"Location":"South"},{"Period":"2013-W25","Cust__Service__Performance__Pct":92.8571428571429,"Location":"West"},{"Period":"2013-W25","Cust__Service__Performance__Pct":77.2727272727273,"Location":"Northeast"},{"Period":"2013-W25","Cust__Service__Performance__Pct":82.3529411764706,"Location":"Midwest"},{"Period":"2013-W25","Cust__Service__Performance__Pct":80.9523809523809,"Location":"South"},{"Period":"2013-W26","Cust__Service__Performance__Pct":83.3333333333333,"Location":"West"},{"Period":"2013-W26","Cust__Service__Performance__Pct":95.2380952380952,"Location":"Northeast"},{"Period":"2013-W26","Cust__Service__Performance__Pct":100,"Location":"Midwest"},{"Period":"2013-W26","Cust__Service__Performance__Pct":95.6521739130435,"Location":"South"}],"Prior_Orders_Filled_Quarter":[{"Prior__Orders__Filled":1125671}],"Cust_Service_Trend_Pct_Quarter_Country":[{"Cust__Service__Trend__Pct":86.3013698630137,"Period":"2013-W14"},{"Cust__Service__Trend__Pct":87.6712328767123,"Period":"2013-W15"},{"Cust__Service__Trend__Pct":92,"Period":"2013-W16"},{"Cust__Service__Trend__Pct":90.6666666666667,"Period":"2013-W17"},{"Cust__Service__Trend__Pct":91.6666666666667,"Period":"2013-W18"},{"Cust__Service__Trend__Pct":89.041095890411,"Period":"2013-W19"},{"Cust__Service__Trend__Pct":90.6666666666667,"Period":"2013-W20"},{"Cust__Service__Trend__Pct":92,"Period":"2013-W21"},{"Cust__Service__Trend__Pct":83.3333333333333,"Period":"2013-W22"},{"Cust__Service__Trend__Pct":91.8918918918919,"Period":"2013-W23"},{"Cust__Service__Trend__Pct":93.3333333333333,"Period":"2013-W24"},{"Cust__Service__Trend__Pct":82.4324324324324,"Period":"2013-W25"},{"Cust__Service__Trend__Pct":94.4444444444444,"Period":"2013-W26"}],"Customers_Served":[{"Customers__Served":18}],"Cust_Service_Performance_Target_Pct_Quarter":[{"Cust__Service__Performance__Target__Pct":91}]}],"type":"J"}