{"message":"","count":0,"status":0,"data":[{"Cust_Service_Performance_Pct_Week_Country":[{"Period":"2014-01-12","Cust__Service__Performance__Pct":100,"Location":"West"},{"Period":"2014-01-12","Cust__Service__Performance__Pct":50,"Location":"Northeast"},{"Period":"2014-01-12","Cust__Service__Performance__Pct":100,"Location":"Midwest"},{"Period":"2014-01-12","Cust__Service__Performance__Pct":100,"Location":"South"},{"Period":"2014-01-13","Cust__Service__Performance__Pct":100,"Location":"West"},{"Period":"2014-01-13","Cust__Service__Performance__Pct":100,"Location":"Northeast"},{"Period":"2014-01-13","Cust__Service__Performance__Pct":100,"Location":"Midwest"},{"Period":"2014-01-13","Cust__Service__Performance__Pct":100,"Location":"South"},{"Period":"2014-01-14","Cust__Service__Performance__Pct":0,"Location":"West"},{"Period":"2014-01-14","Cust__Service__Performance__Pct":100,"Location":"Northeast"},{"Period":"2014-01-14","Cust__Service__Performance__Pct":100,"Location":"Midwest"},{"Period":"2014-01-14","Cust__Service__Performance__Pct":100,"Location":"South"},{"Period":"2014-01-15","Cust__Service__Performance__Pct":100,"Location":"West"},{"Period":"2014-01-15","Cust__Service__Performance__Pct":100,"Location":"Northeast"},{"Period":"2014-01-15","Cust__Service__Performance__Pct":100,"Location":"Midwest"},{"Period":"2014-01-15","Cust__Service__Performance__Pct":100,"Location":"South"},{"Period":"2014-01-16","Cust__Service__Performance__Pct":100,"Location":"West"},{"Period":"2014-01-16","Cust__Service__Performance__Pct":75,"Location":"Northeast"},{"Period":"2014-01-16","Cust__Service__Performance__Pct":100,"Location":"Midwest"},{"Period":"2014-01-16","Cust__Service__Performance__Pct":100,"Location":"South"},{"Period":"2014-01-17","Cust__Service__Performance__Pct":100,"Location":"West"},{"Period":"2014-01-17","Cust__Service__Performance__Pct":100,"Location":"Northeast"},{"Period":"2014-01-17","Cust__Service__Performance__Pct":100,"Location":"Midwest"},{"Period":"2014-01-17","Cust__Service__Performance__Pct":100,"Location":"South"},{"Period":"2014-01-18","Cust__Service__Performance__Pct":100,"Location":"West"},{"Period":"2014-01-18","Cust__Service__Performance__Pct":100,"Location":"Northeast"},{"Period":"2014-01-18","Cust__Service__Performance__Pct":100,"Location":"Midwest"},{"Period":"2014-01-18","Cust__Service__Performance__Pct":75,"Location":"South"}],"Orders_Filled":[{"Orders__Filled":86907}],"Avg_Cust_Service_Performance_Pct":[{"Avg__Cust__Service__Performance__Pct":93.3333333333333}],"Prior_Avg_Cust_Service_Performance_Pct_Week":[{"Prior__Avg__Cust__Service__Performance__Pct":88}],"Prior_Orders_Filled_Week":[{"Prior__Orders__Filled":86938}],"Cust_Service_Trend_Pct_Week_Country":[{"Cust__Service__Trend__Pct":81.8181818181818,"Period":"2014-01-12"},{"Cust__Service__Trend__Pct":100,"Period":"2014-01-13"},{"Cust__Service__Trend__Pct":90,"Period":"2014-01-14"},{"Cust__Service__Trend__Pct":100,"Period":"2014-01-15"},{"Cust__Service__Trend__Pct":90.9090909090909,"Period":"2014-01-16"},{"Cust__Service__Trend__Pct":100,"Period":"2014-01-17"},{"Cust__Service__Trend__Pct":90.9090909090909,"Period":"2014-01-18"}],"Loads_Delivered":[{"Loads__Delivered":75}],"Cust_Service_Performance_Target_Pct_Week":[{"Cust__Service__Performance__Target__Pct":92}],"Customers_Served":[{"Customers__Served":18}]}],"type":"J"}