{"message":"","count":0,"status":0,"data":[{"Orders_Filled":[{"Orders__Filled":854172}],"Prior_Avg_Cust_Service_Performance_Pct_Quarter":[{"Prior__Avg__Cust__Service__Performance__Pct":88.5402455661664}],"Avg_Cust_Service_Performance_Pct":[{"Avg__Cust__Service__Performance__Pct":89.2663043478261}],"Loads_Delivered":[{"Loads__Delivered":736}],"Cust_Service_Performance_Pct_Quarter_Country":[{"Period":"2013-W14","Cust__Service__Performance__Pct":94.1176470588235,"Location":"Western Canada"},{"Period":"2013-W14","Cust__Service__Performance__Pct":91.6666666666667,"Location":"Northern Canada"},{"Period":"2013-W14","Cust__Service__Performance__Pct":90,"Location":"Atlantic Canada"},{"Period":"2013-W14","Cust__Service__Performance__Pct":100,"Location":"Ontario"},{"Period":"2013-W14","Cust__Service__Performance__Pct":80,"Location":"Quebec"},{"Period":"2013-W15","Cust__Service__Performance__Pct":95,"Location":"Western Canada"},{"Period":"2013-W15","Cust__Service__Performance__Pct":93.3333333333333,"Location":"Northern Canada"},{"Period":"2013-W15","Cust__Service__Performance__Pct":100,"Location":"Atlantic Canada"},{"Period":"2013-W15","Cust__Service__Performance__Pct":75,"Location":"Ontario"},{"Period":"2013-W15","Cust__Service__Performance__Pct":100,"Location":"Quebec"},{"Period":"2013-W16","Cust__Service__Performance__Pct":100,"Location":"Western Canada"},{"Period":"2013-W16","Cust__Service__Performance__Pct":83.3333333333333,"Location":"Northern Canada"},{"Period":"2013-W16","Cust__Service__Performance__Pct":88.2352941176471,"Location":"Atlantic Canada"},{"Period":"2013-W16","Cust__Service__Performance__Pct":100,"Location":"Ontario"},{"Period":"2013-W16","Cust__Service__Performance__Pct":100,"Location":"Quebec"},{"Period":"2013-W17","Cust__Service__Performance__Pct":100,"Location":"Western Canada"},{"Period":"2013-W17","Cust__Service__Performance__Pct":84.6153846153846,"Location":"Northern Canada"},{"Period":"2013-W17","Cust__Service__Performance__Pct":93.75,"Location":"Atlantic Canada"},{"Period":"2013-W17","Cust__Service__Performance__Pct":75,"Location":"Ontario"},{"Period":"2013-W17","Cust__Service__Performance__Pct":100,"Location":"Quebec"},{"Period":"2013-W18","Cust__Service__Performance__Pct":84.2105263157895,"Location":"Western Canada"},{"Period":"2013-W18","Cust__Service__Performance__Pct":92.3076923076923,"Location":"Northern Canada"},{"Period":"2013-W18","Cust__Service__Performance__Pct":83.3333333333333,"Location":"Atlantic Canada"},{"Period":"2013-W18","Cust__Service__Performance__Pct":33.3333333333333,"Location":"Ontario"},{"Period":"2013-W18","Cust__Service__Performance__Pct":100,"Location":"Quebec"},{"Period":"2013-W19","Cust__Service__Performance__Pct":94.4444444444444,"Location":"Western Canada"},{"Period":"2013-W19","Cust__Service__Performance__Pct":76.9230769230769,"Location":"Northern Canada"},{"Period":"2013-W19","Cust__Service__Performance__Pct":90,"Location":"Atlantic Canada"},{"Period":"2013-W19","Cust__Service__Performance__Pct":100,"Location":"Ontario"},{"Period":"2013-W19","Cust__Service__Performance__Pct":100,"Location":"Quebec"},{"Period":"2013-W20","Cust__Service__Performance__Pct":88.2352941176471,"Location":"Western Canada"},{"Period":"2013-W20","Cust__Service__Performance__Pct":92.3076923076923,"Location":"Northern Canada"},{"Period":"2013-W20","Cust__Service__Performance__Pct":87.5,"Location":"Atlantic Canada"},{"Period":"2013-W20","Cust__Service__Performance__Pct":100,"Location":"Ontario"},{"Period":"2013-W20","Cust__Service__Performance__Pct":66.6666666666667,"Location":"Quebec"},{"Period":"2013-W21","Cust__Service__Performance__Pct":87.5,"Location":"Western Canada"},{"Period":"2013-W21","Cust__Service__Performance__Pct":84.6153846153846,"Location":"Northern Canada"},{"Period":"2013-W21","Cust__Service__Performance__Pct":93.75,"Location":"Atlantic Canada"},{"Period":"2013-W21","Cust__Service__Performance__Pct":100,"Location":"Ontario"},{"Period":"2013-W21","Cust__Service__Performance__Pct":100,"Location":"Quebec"},{"Period":"2013-W22","Cust__Service__Performance__Pct":94.1176470588235,"Location":"Western Canada"},{"Period":"2013-W22","Cust__Service__Performance__Pct":84.6153846153846,"Location":"Northern Canada"},{"Period":"2013-W22","Cust__Service__Performance__Pct":83.3333333333333,"Location":"Atlantic Canada"},{"Period":"2013-W22","Cust__Service__Performance__Pct":75,"Location":"Ontario"},{"Period":"2013-W22","Cust__Service__Performance__Pct":100,"Location":"Quebec"},{"Period":"2013-W23","Cust__Service__Performance__Pct":89.4736842105263,"Location":"Western Canada"},{"Period":"2013-W23","Cust__Service__Performance__Pct":85.7142857142857,"Location":"Northern Canada"},{"Period":"2013-W23","Cust__Service__Performance__Pct":84.2105263157895,"Location":"Atlantic Canada"},{"Period":"2013-W23","Cust__Service__Performance__Pct":100,"Location":"Ontario"},{"Period":"2013-W23","Cust__Service__Performance__Pct":66.6666666666667,"Location":"Quebec"},{"Period":"2013-W24","Cust__Service__Performance__Pct":82.3529411764706,"Location":"Western Canada"},{"Period":"2013-W24","Cust__Service__Performance__Pct":83.3333333333333,"Location":"Northern Canada"},{"Period":"2013-W24","Cust__Service__Performance__Pct":93.75,"Location":"Atlantic Canada"},{"Period":"2013-W24","Cust__Service__Performance__Pct":83.3333333333333,"Location":"Ontario"},{"Period":"2013-W24","Cust__Service__Performance__Pct":50,"Location":"Quebec"},{"Period":"2013-W25","Cust__Service__Performance__Pct":94.1176470588235,"Location":"Western Canada"},{"Period":"2013-W25","Cust__Service__Performance__Pct":76.9230769230769,"Location":"Northern Canada"},{"Period":"2013-W25","Cust__Service__Performance__Pct":94.1176470588235,"Location":"Atlantic Canada"},{"Period":"2013-W25","Cust__Service__Performance__Pct":80,"Location":"Ontario"},{"Period":"2013-W25","Cust__Service__Performance__Pct":100,"Location":"Quebec"},{"Period":"2013-W26","Cust__Service__Performance__Pct":94.1176470588235,"Location":"Western Canada"},{"Period":"2013-W26","Cust__Service__Performance__Pct":78.5714285714286,"Location":"Northern Canada"},{"Period":"2013-W26","Cust__Service__Performance__Pct":88.2352941176471,"Location":"Atlantic Canada"},{"Period":"2013-W26","Cust__Service__Performance__Pct":100,"Location":"Ontario"},{"Period":"2013-W26","Cust__Service__Performance__Pct":83.3333333333333,"Location":"Quebec"}],"Prior_Orders_Filled_Quarter":[{"Prior__Orders__Filled":842489}],"Cust_Service_Trend_Pct_Quarter_Country":[{"Cust__Service__Trend__Pct":91.3793103448276,"Period":"2013-W14"},{"Cust__Service__Trend__Pct":94.9152542372881,"Period":"2013-W15"},{"Cust__Service__Trend__Pct":92.5925925925926,"Period":"2013-W16"},{"Cust__Service__Trend__Pct":92.7272727272727,"Period":"2013-W17"},{"Cust__Service__Trend__Pct":84.4827586206897,"Period":"2013-W18"},{"Cust__Service__Trend__Pct":89.8305084745763,"Period":"2013-W19"},{"Cust__Service__Trend__Pct":89.0909090909091,"Period":"2013-W20"},{"Cust__Service__Trend__Pct":90.7407407407407,"Period":"2013-W21"},{"Cust__Service__Trend__Pct":87.9310344827586,"Period":"2013-W22"},{"Cust__Service__Trend__Pct":86.2068965517241,"Period":"2013-W23"},{"Cust__Service__Trend__Pct":83.6363636363636,"Period":"2013-W24"},{"Cust__Service__Trend__Pct":89.2857142857143,"Period":"2013-W25"},{"Cust__Service__Trend__Pct":87.719298245614,"Period":"2013-W26"}],"Customers_Served":[{"Customers__Served":18}],"Cust_Service_Performance_Target_Pct_Quarter":[{"Cust__Service__Performance__Target__Pct":91}]}],"type":"J"}