{"message":"","count":0,"status":0,"data":[{"Orders_Filled":[{"Orders__Filled":420278}],"Avg_Cust_Service_Performance_Pct":[{"Avg__Cust__Service__Performance__Pct":87.9452054794521}],"Prior_Orders_Filled_Month":[{"Prior__Orders__Filled":427084}],"Loads_Delivered":[{"Loads__Delivered":365}],"Cust_Service_Performance_Pct_Month_Country":[{"Period":"2013-W40","Cust__Service__Performance__Pct":81.8181818181818,"Location":"Central"},{"Period":"2013-W40","Cust__Service__Performance__Pct":82.3529411764706,"Location":"Northern"},{"Period":"2013-W40","Cust__Service__Performance__Pct":81.25,"Location":"West"},{"Period":"2013-W40","Cust__Service__Performance__Pct":100,"Location":"South"},{"Period":"2013-W40","Cust__Service__Performance__Pct":69.2307692307692,"Location":"East"},{"Period":"2013-W41","Cust__Service__Performance__Pct":85.7142857142857,"Location":"Central"},{"Period":"2013-W41","Cust__Service__Performance__Pct":94.4444444444444,"Location":"Northern"},{"Period":"2013-W41","Cust__Service__Performance__Pct":88.8888888888889,"Location":"West"},{"Period":"2013-W41","Cust__Service__Performance__Pct":95.6521739130435,"Location":"South"},{"Period":"2013-W41","Cust__Service__Performance__Pct":92.3076923076923,"Location":"East"},{"Period":"2013-W42","Cust__Service__Performance__Pct":100,"Location":"Central"},{"Period":"2013-W42","Cust__Service__Performance__Pct":66.6666666666667,"Location":"Northern"},{"Period":"2013-W42","Cust__Service__Performance__Pct":89.4736842105263,"Location":"West"},{"Period":"2013-W42","Cust__Service__Performance__Pct":78.9473684210526,"Location":"South"},{"Period":"2013-W42","Cust__Service__Performance__Pct":92.8571428571429,"Location":"East"},{"Period":"2013-W43","Cust__Service__Performance__Pct":91.304347826087,"Location":"Central"},{"Period":"2013-W43","Cust__Service__Performance__Pct":88.2352941176471,"Location":"Northern"},{"Period":"2013-W43","Cust__Service__Performance__Pct":81.25,"Location":"West"},{"Period":"2013-W43","Cust__Service__Performance__Pct":91.304347826087,"Location":"South"},{"Period":"2013-W43","Cust__Service__Performance__Pct":100,"Location":"East"}],"Cust_Service_Performance_Target_Pct_Month":[{"Cust__Service__Performance__Target__Pct":92}],"Customers_Served":[{"Customers__Served":18}],"Cust_Service_Trend_Pct_Month_Country":[{"Cust__Service__Trend__Pct":84.4444444444444,"Period":"2013-W40"},{"Cust__Service__Trend__Pct":91.3978494623656,"Period":"2013-W41"},{"Cust__Service__Trend__Pct":85.7142857142857,"Period":"2013-W42"},{"Cust__Service__Trend__Pct":90.1098901098901,"Period":"2013-W43"}],"Prior_Avg_Cust_Service_Performance_Pct_Month":[{"Prior__Avg__Cust__Service__Performance__Pct":91.5068493150685}]}],"type":"J"}