{"message":"","count":0,"status":0,"data":[{"Cust_Service_Performance_Pct_Year_Region":[{"Period":"2013-M01","Cust__Service__Performance__Pct":100,"Location":"NU"},{"Period":"2013-M01","Cust__Service__Performance__Pct":94.4444444444444,"Location":"YT"},{"Period":"2013-M01","Cust__Service__Performance__Pct":76.4705882352941,"Location":"NT"},{"Period":"2013-M02","Cust__Service__Performance__Pct":91.304347826087,"Location":"NU"},{"Period":"2013-M02","Cust__Service__Performance__Pct":85,"Location":"YT"},{"Period":"2013-M02","Cust__Service__Performance__Pct":80.9523809523809,"Location":"NT"},{"Period":"2013-M03","Cust__Service__Performance__Pct":76.4705882352941,"Location":"NU"},{"Period":"2013-M03","Cust__Service__Performance__Pct":94.4444444444444,"Location":"YT"},{"Period":"2013-M03","Cust__Service__Performance__Pct":88.8888888888889,"Location":"NT"},{"Period":"2013-M04","Cust__Service__Performance__Pct":88.2352941176471,"Location":"NU"},{"Period":"2013-M04","Cust__Service__Performance__Pct":94.4444444444444,"Location":"YT"},{"Period":"2013-M04","Cust__Service__Performance__Pct":82.3529411764706,"Location":"NT"},{"Period":"2013-M05","Cust__Service__Performance__Pct":90.9090909090909,"Location":"NU"},{"Period":"2013-M05","Cust__Service__Performance__Pct":77.2727272727273,"Location":"YT"},{"Period":"2013-M05","Cust__Service__Performance__Pct":90.4761904761905,"Location":"NT"},{"Period":"2013-M06","Cust__Service__Performance__Pct":83.3333333333333,"Location":"NU"},{"Period":"2013-M06","Cust__Service__Performance__Pct":70.5882352941177,"Location":"YT"},{"Period":"2013-M06","Cust__Service__Performance__Pct":88.8888888888889,"Location":"NT"},{"Period":"2013-M07","Cust__Service__Performance__Pct":94.1176470588235,"Location":"NU"},{"Period":"2013-M07","Cust__Service__Performance__Pct":94.1176470588235,"Location":"YT"},{"Period":"2013-M07","Cust__Service__Performance__Pct":88.2352941176471,"Location":"NT"},{"Period":"2013-M08","Cust__Service__Performance__Pct":90.4761904761905,"Location":"NU"},{"Period":"2013-M08","Cust__Service__Performance__Pct":91.304347826087,"Location":"YT"},{"Period":"2013-M08","Cust__Service__Performance__Pct":80.9523809523809,"Location":"NT"},{"Period":"2013-M09","Cust__Service__Performance__Pct":88.8888888888889,"Location":"NU"},{"Period":"2013-M09","Cust__Service__Performance__Pct":88.2352941176471,"Location":"YT"},{"Period":"2013-M09","Cust__Service__Performance__Pct":94.4444444444444,"Location":"NT"},{"Period":"2013-M10","Cust__Service__Performance__Pct":94.1176470588235,"Location":"NU"},{"Period":"2013-M10","Cust__Service__Performance__Pct":82.3529411764706,"Location":"YT"},{"Period":"2013-M10","Cust__Service__Performance__Pct":76.4705882352941,"Location":"NT"},{"Period":"2013-M11","Cust__Service__Performance__Pct":85.7142857142857,"Location":"NU"},{"Period":"2013-M11","Cust__Service__Performance__Pct":91.304347826087,"Location":"YT"},{"Period":"2013-M11","Cust__Service__Performance__Pct":86.3636363636364,"Location":"NT"},{"Period":"2013-M12","Cust__Service__Performance__Pct":77.7777777777778,"Location":"NU"},{"Period":"2013-M12","Cust__Service__Performance__Pct":88.8888888888889,"Location":"YT"},{"Period":"2013-M12","Cust__Service__Performance__Pct":76.4705882352941,"Location":"NT"}],"Prior_Orders_Filled_Year":[{"Prior__Orders__Filled":789811}],"Cust_Service_Trend_Pct_Year_Region":[{"Cust__Service__Trend__Pct":90.5660377358491,"Period":"2013-M01"},{"Cust__Service__Trend__Pct":85.9375,"Period":"2013-M02"},{"Cust__Service__Trend__Pct":86.7924528301887,"Period":"2013-M03"},{"Cust__Service__Trend__Pct":88.4615384615385,"Period":"2013-M04"},{"Cust__Service__Trend__Pct":86.1538461538462,"Period":"2013-M05"},{"Cust__Service__Trend__Pct":81.1320754716981,"Period":"2013-M06"},{"Cust__Service__Trend__Pct":92.156862745098,"Period":"2013-M07"},{"Cust__Service__Trend__Pct":87.6923076923077,"Period":"2013-M08"},{"Cust__Service__Trend__Pct":90.5660377358491,"Period":"2013-M09"},{"Cust__Service__Trend__Pct":84.3137254901961,"Period":"2013-M10"},{"Cust__Service__Trend__Pct":87.8787878787879,"Period":"2013-M11"},{"Cust__Service__Trend__Pct":81.1320754716981,"Period":"2013-M12"}],"Orders_Filled":[{"Orders__Filled":787972}],"Avg_Cust_Service_Performance_Pct":[{"Avg__Cust__Service__Performance__Pct":86.8924889543446}],"Loads_Delivered":[{"Loads__Delivered":679}],"Prior_Avg_Cust_Service_Performance_Pct_Year":[{"Prior__Avg__Cust__Service__Performance__Pct":88.9855072463768}],"Customers_Served":[{"Customers__Served":18}],"Cust_Service_Performance_Target_Pct_Year":[{"Cust__Service__Performance__Target__Pct":91.25}]}],"type":"J"}