{"message":"","count":0,"status":0,"data":[{"Orders_Filled":[{"Orders__Filled":513315}],"Avg_Cust_Service_Performance_Pct":[{"Avg__Cust__Service__Performance__Pct":90.5494505494506}],"Prior_Orders_Filled_Month":[{"Prior__Orders__Filled":420278}],"Loads_Delivered":[{"Loads__Delivered":455}],"Cust_Service_Performance_Pct_Month_Country":[{"Period":"2013-W44","Cust__Service__Performance__Pct":95.4545454545455,"Location":"Central"},{"Period":"2013-W44","Cust__Service__Performance__Pct":93.3333333333333,"Location":"Northern"},{"Period":"2013-W44","Cust__Service__Performance__Pct":94.1176470588235,"Location":"West"},{"Period":"2013-W44","Cust__Service__Performance__Pct":72.7272727272727,"Location":"South"},{"Period":"2013-W44","Cust__Service__Performance__Pct":92.3076923076923,"Location":"East"},{"Period":"2013-W45","Cust__Service__Performance__Pct":90.4761904761905,"Location":"Central"},{"Period":"2013-W45","Cust__Service__Performance__Pct":90,"Location":"Northern"},{"Period":"2013-W45","Cust__Service__Performance__Pct":94.1176470588235,"Location":"West"},{"Period":"2013-W45","Cust__Service__Performance__Pct":91.304347826087,"Location":"South"},{"Period":"2013-W45","Cust__Service__Performance__Pct":78.5714285714286,"Location":"East"},{"Period":"2013-W46","Cust__Service__Performance__Pct":90.9090909090909,"Location":"Central"},{"Period":"2013-W46","Cust__Service__Performance__Pct":94.1176470588235,"Location":"Northern"},{"Period":"2013-W46","Cust__Service__Performance__Pct":85,"Location":"West"},{"Period":"2013-W46","Cust__Service__Performance__Pct":100,"Location":"South"},{"Period":"2013-W46","Cust__Service__Performance__Pct":91.6666666666667,"Location":"East"},{"Period":"2013-W47","Cust__Service__Performance__Pct":100,"Location":"Central"},{"Period":"2013-W47","Cust__Service__Performance__Pct":88.2352941176471,"Location":"Northern"},{"Period":"2013-W47","Cust__Service__Performance__Pct":87.5,"Location":"West"},{"Period":"2013-W47","Cust__Service__Performance__Pct":86.3636363636364,"Location":"South"},{"Period":"2013-W47","Cust__Service__Performance__Pct":85.7142857142857,"Location":"East"},{"Period":"2013-W48","Cust__Service__Performance__Pct":91.304347826087,"Location":"Central"},{"Period":"2013-W48","Cust__Service__Performance__Pct":93.75,"Location":"Northern"},{"Period":"2013-W48","Cust__Service__Performance__Pct":100,"Location":"West"},{"Period":"2013-W48","Cust__Service__Performance__Pct":87.5,"Location":"South"},{"Period":"2013-W48","Cust__Service__Performance__Pct":91.6666666666667,"Location":"East"}],"Cust_Service_Performance_Target_Pct_Month":[{"Cust__Service__Performance__Target__Pct":92}],"Customers_Served":[{"Customers__Served":18}],"Cust_Service_Trend_Pct_Month_Country":[{"Cust__Service__Trend__Pct":88.7640449438202,"Period":"2013-W44"},{"Cust__Service__Trend__Pct":89.4736842105263,"Period":"2013-W45"},{"Cust__Service__Trend__Pct":92.2222222222222,"Period":"2013-W46"},{"Cust__Service__Trend__Pct":90,"Period":"2013-W47"},{"Cust__Service__Trend__Pct":92.3076923076923,"Period":"2013-W48"}],"Prior_Avg_Cust_Service_Performance_Pct_Month":[{"Prior__Avg__Cust__Service__Performance__Pct":87.9452054794521}]}],"type":"J"}