{"message":"","count":0,"status":0,"data":[{"Orders_Filled":[{"Orders__Filled":17339}],"Avg_Cust_Service_Performance_Pct":[{"Avg__Cust__Service__Performance__Pct":93.75}],"Prior_Avg_Cust_Service_Performance_Pct_Week":[{"Prior__Avg__Cust__Service__Performance__Pct":88.2352941176471}],"Prior_Orders_Filled_Week":[{"Prior__Orders__Filled":21660}],"Loads_Delivered":[{"Loads__Delivered":16}],"Cust_Service_Performance_Target_Pct_Week":[{"Cust__Service__Performance__Target__Pct":92}],"Customers_Served":[{"Customers__Served":13}],"Cust_Service_Trend_Pct_Week_Region":[{"Cust__Service__Trend__Pct":100,"Period":"2014-01-26"},{"Cust__Service__Trend__Pct":50,"Period":"2014-01-27"},{"Cust__Service__Trend__Pct":100,"Period":"2014-01-28"},{"Cust__Service__Trend__Pct":100,"Period":"2014-01-29"},{"Cust__Service__Trend__Pct":100,"Period":"2014-01-30"},{"Cust__Service__Trend__Pct":100,"Period":"2014-01-31"},{"Cust__Service__Trend__Pct":100,"Period":"2014-02-01"}],"Cust_Service_Performance_Pct_Week_Region":[{"Period":"2014-01-26","Cust__Service__Performance__Pct":100,"Location":"JA"},{"Period":"2014-01-26","Cust__Service__Performance__Pct":100,"Location":"CL"},{"Period":"2014-01-27","Cust__Service__Performance__Pct":0,"Location":"JA"},{"Period":"2014-01-27","Cust__Service__Performance__Pct":100,"Location":"NA"},{"Period":"2014-01-28","Cust__Service__Performance__Pct":100,"Location":"MC"},{"Period":"2014-01-28","Cust__Service__Performance__Pct":100,"Location":"JA"},{"Period":"2014-01-28","Cust__Service__Performance__Pct":100,"Location":"CL"},{"Period":"2014-01-29","Cust__Service__Performance__Pct":100,"Location":"MC"},{"Period":"2014-01-29","Cust__Service__Performance__Pct":100,"Location":"NA"},{"Period":"2014-01-30","Cust__Service__Performance__Pct":100,"Location":"MC"},{"Period":"2014-01-30","Cust__Service__Performance__Pct":100,"Location":"JA"},{"Period":"2014-01-30","Cust__Service__Performance__Pct":100,"Location":"CL"},{"Period":"2014-01-31","Cust__Service__Performance__Pct":100,"Location":"MC"},{"Period":"2014-01-31","Cust__Service__Performance__Pct":100,"Location":"NA"},{"Period":"2014-02-01","Cust__Service__Performance__Pct":100,"Location":"JA"},{"Period":"2014-02-01","Cust__Service__Performance__Pct":100,"Location":"CL"}]}],"type":"J"}