{"message":"","count":0,"status":0,"data":[{"Orders_Filled":[{"Orders__Filled":6679}],"Avg_Cust_Service_Performance_Pct":[{"Avg__Cust__Service__Performance__Pct":80}],"Prior_Avg_Cust_Service_Performance_Pct_Week":[{"Prior__Avg__Cust__Service__Performance__Pct":100}],"Prior_Orders_Filled_Week":[{"Prior__Orders__Filled":3878}],"Loads_Delivered":[{"Loads__Delivered":5}],"Cust_Service_Performance_Target_Pct_Week":[{"Cust__Service__Performance__Target__Pct":92}],"Customers_Served":[{"Customers__Served":5}],"Cust_Service_Trend_Pct_Week_Region":[{"Cust__Service__Trend__Pct":0,"Period":"2014-01-13"},{"Cust__Service__Trend__Pct":100,"Period":"2014-01-14"},{"Cust__Service__Trend__Pct":100,"Period":"2014-01-15"},{"Cust__Service__Trend__Pct":100,"Period":"2014-01-16"},{"Cust__Service__Trend__Pct":100,"Period":"2014-01-18"}],"Cust_Service_Performance_Pct_Week_Region":[{"Period":"2014-01-13","Cust__Service__Performance__Pct":0,"Location":"QC"},{"Period":"2014-01-14","Cust__Service__Performance__Pct":100,"Location":"QC"},{"Period":"2014-01-15","Cust__Service__Performance__Pct":100,"Location":"QC"},{"Period":"2014-01-16","Cust__Service__Performance__Pct":100,"Location":"QC"},{"Period":"2014-01-18","Cust__Service__Performance__Pct":100,"Location":"QC"}]}],"type":"J"}