{"message":"","count":0,"status":0,"data":[{"Orders_Filled":[{"Orders__Filled":23793}],"Avg_Cust_Service_Performance_Pct":[{"Avg__Cust__Service__Performance__Pct":95.2380952380952}],"Prior_Avg_Cust_Service_Performance_Pct_Week":[{"Prior__Avg__Cust__Service__Performance__Pct":85.7142857142857}],"Prior_Orders_Filled_Week":[{"Prior__Orders__Filled":23037}],"Loads_Delivered":[{"Loads__Delivered":21}],"Cust_Service_Performance_Target_Pct_Week":[{"Cust__Service__Performance__Target__Pct":92}],"Customers_Served":[{"Customers__Served":15}],"Cust_Service_Trend_Pct_Week_Region":[{"Cust__Service__Trend__Pct":100,"Period":"2014-01-12"},{"Cust__Service__Trend__Pct":100,"Period":"2014-01-13"},{"Cust__Service__Trend__Pct":66.6666666666667,"Period":"2014-01-14"},{"Cust__Service__Trend__Pct":100,"Period":"2014-01-15"},{"Cust__Service__Trend__Pct":100,"Period":"2014-01-16"},{"Cust__Service__Trend__Pct":100,"Period":"2014-01-17"},{"Cust__Service__Trend__Pct":100,"Period":"2014-01-18"}],"Cust_Service_Performance_Pct_Week_Region":[{"Period":"2014-01-12","Cust__Service__Performance__Pct":100,"Location":"MR"},{"Period":"2014-01-12","Cust__Service__Performance__Pct":100,"Location":"DF"},{"Period":"2014-01-12","Cust__Service__Performance__Pct":100,"Location":"MX"},{"Period":"2014-01-13","Cust__Service__Performance__Pct":100,"Location":"AG"},{"Period":"2014-01-13","Cust__Service__Performance__Pct":100,"Location":"DF"},{"Period":"2014-01-13","Cust__Service__Performance__Pct":100,"Location":"ZA"},{"Period":"2014-01-14","Cust__Service__Performance__Pct":100,"Location":"MR"},{"Period":"2014-01-14","Cust__Service__Performance__Pct":0,"Location":"DF"},{"Period":"2014-01-14","Cust__Service__Performance__Pct":100,"Location":"MX"},{"Period":"2014-01-15","Cust__Service__Performance__Pct":100,"Location":"DF"},{"Period":"2014-01-15","Cust__Service__Performance__Pct":100,"Location":"ZA"},{"Period":"2014-01-16","Cust__Service__Performance__Pct":100,"Location":"AG"},{"Period":"2014-01-16","Cust__Service__Performance__Pct":100,"Location":"MR"},{"Period":"2014-01-16","Cust__Service__Performance__Pct":100,"Location":"DF"},{"Period":"2014-01-17","Cust__Service__Performance__Pct":100,"Location":"AG"},{"Period":"2014-01-17","Cust__Service__Performance__Pct":100,"Location":"DF"},{"Period":"2014-01-17","Cust__Service__Performance__Pct":100,"Location":"ZA"},{"Period":"2014-01-17","Cust__Service__Performance__Pct":100,"Location":"MX"},{"Period":"2014-01-18","Cust__Service__Performance__Pct":100,"Location":"AG"},{"Period":"2014-01-18","Cust__Service__Performance__Pct":100,"Location":"MR"},{"Period":"2014-01-18","Cust__Service__Performance__Pct":100,"Location":"MX"}]}],"type":"J"}