{"message":"","count":0,"status":0,"data":[{"Orders_Filled":[{"Orders__Filled":78992}],"Avg_Cust_Service_Performance_Pct":[{"Avg__Cust__Service__Performance__Pct":91.4285714285714}],"Cust_Service_Performance_Pct_Month_Region":[{"Period":"2013-W40","Cust__Service__Performance__Pct":80,"Location":"PE"},{"Period":"2013-W40","Cust__Service__Performance__Pct":75,"Location":"NB"},{"Period":"2013-W40","Cust__Service__Performance__Pct":100,"Location":"NL"},{"Period":"2013-W40","Cust__Service__Performance__Pct":75,"Location":"NS"},{"Period":"2013-W41","Cust__Service__Performance__Pct":100,"Location":"PE"},{"Period":"2013-W41","Cust__Service__Performance__Pct":100,"Location":"NB"},{"Period":"2013-W41","Cust__Service__Performance__Pct":100,"Location":"NL"},{"Period":"2013-W41","Cust__Service__Performance__Pct":75,"Location":"NS"},{"Period":"2013-W42","Cust__Service__Performance__Pct":100,"Location":"PE"},{"Period":"2013-W42","Cust__Service__Performance__Pct":100,"Location":"NB"},{"Period":"2013-W42","Cust__Service__Performance__Pct":100,"Location":"NL"},{"Period":"2013-W42","Cust__Service__Performance__Pct":83.3333333333333,"Location":"NS"},{"Period":"2013-W43","Cust__Service__Performance__Pct":100,"Location":"PE"},{"Period":"2013-W43","Cust__Service__Performance__Pct":100,"Location":"NB"},{"Period":"2013-W43","Cust__Service__Performance__Pct":75,"Location":"NL"},{"Period":"2013-W43","Cust__Service__Performance__Pct":100,"Location":"NS"}],"Prior_Orders_Filled_Month":[{"Prior__Orders__Filled":81442}],"Cust_Service_Trend_Pct_Month_Region":[{"Cust__Service__Trend__Pct":83.3333333333333,"Period":"2013-W40"},{"Cust__Service__Trend__Pct":94.1176470588235,"Period":"2013-W41"},{"Cust__Service__Trend__Pct":93.3333333333333,"Period":"2013-W42"},{"Cust__Service__Trend__Pct":95,"Period":"2013-W43"}],"Loads_Delivered":[{"Loads__Delivered":70}],"Cust_Service_Performance_Target_Pct_Month":[{"Cust__Service__Performance__Target__Pct":92}],"Customers_Served":[{"Customers__Served":18}],"Prior_Avg_Cust_Service_Performance_Pct_Month":[{"Prior__Avg__Cust__Service__Performance__Pct":92.7536231884058}]}],"type":"J"}