{"message":"","count":0,"status":0,"data":[{"Orders_Filled":[{"Orders__Filled":62477}],"Avg_Cust_Service_Performance_Pct":[{"Avg__Cust__Service__Performance__Pct":88.4615384615385}],"Cust_Service_Performance_Pct_Month_Region":[{"Period":"2013-W40","Cust__Service__Performance__Pct":100,"Location":"HI"},{"Period":"2013-W40","Cust__Service__Performance__Pct":66.6666666666667,"Location":"VE"},{"Period":"2013-W40","Cust__Service__Performance__Pct":50,"Location":"PU"},{"Period":"2013-W41","Cust__Service__Performance__Pct":100,"Location":"HI"},{"Period":"2013-W41","Cust__Service__Performance__Pct":80,"Location":"VE"},{"Period":"2013-W41","Cust__Service__Performance__Pct":100,"Location":"PU"},{"Period":"2013-W42","Cust__Service__Performance__Pct":100,"Location":"HI"},{"Period":"2013-W42","Cust__Service__Performance__Pct":83.3333333333333,"Location":"VE"},{"Period":"2013-W42","Cust__Service__Performance__Pct":100,"Location":"PU"},{"Period":"2013-W43","Cust__Service__Performance__Pct":100,"Location":"HI"},{"Period":"2013-W43","Cust__Service__Performance__Pct":100,"Location":"VE"},{"Period":"2013-W43","Cust__Service__Performance__Pct":100,"Location":"PU"}],"Prior_Orders_Filled_Month":[{"Prior__Orders__Filled":58438}],"Cust_Service_Trend_Pct_Month_Region":[{"Cust__Service__Trend__Pct":69.2307692307692,"Period":"2013-W40"},{"Cust__Service__Trend__Pct":92.3076923076923,"Period":"2013-W41"},{"Cust__Service__Trend__Pct":92.8571428571429,"Period":"2013-W42"},{"Cust__Service__Trend__Pct":100,"Period":"2013-W43"}],"Loads_Delivered":[{"Loads__Delivered":52}],"Cust_Service_Performance_Target_Pct_Month":[{"Cust__Service__Performance__Target__Pct":92}],"Customers_Served":[{"Customers__Served":18}],"Prior_Avg_Cust_Service_Performance_Pct_Month":[{"Prior__Avg__Cust__Service__Performance__Pct":94.2307692307692}]}],"type":"J"}