{"message":"","count":0,"status":0,"data":[{"Orders_Filled":[{"Orders__Filled":1364217}],"Prior_Avg_Cust_Service_Performance_Pct_Quarter":[{"Prior__Avg__Cust__Service__Performance__Pct":90.2192242833052}],"Avg_Cust_Service_Performance_Pct":[{"Avg__Cust__Service__Performance__Pct":89.873417721519}],"Loads_Delivered":[{"Loads__Delivered":1185}],"Cust_Service_Performance_Pct_Quarter_Country":[{"Period":"2013-W14","Cust__Service__Performance__Pct":100,"Location":"Central"},{"Period":"2013-W14","Cust__Service__Performance__Pct":82.3529411764706,"Location":"Northern"},{"Period":"2013-W14","Cust__Service__Performance__Pct":75,"Location":"West"},{"Period":"2013-W14","Cust__Service__Performance__Pct":86.9565217391304,"Location":"South"},{"Period":"2013-W14","Cust__Service__Performance__Pct":91.6666666666667,"Location":"East"},{"Period":"2013-W15","Cust__Service__Performance__Pct":81.8181818181818,"Location":"Central"},{"Period":"2013-W15","Cust__Service__Performance__Pct":93.3333333333333,"Location":"Northern"},{"Period":"2013-W15","Cust__Service__Performance__Pct":88.2352941176471,"Location":"West"},{"Period":"2013-W15","Cust__Service__Performance__Pct":90.9090909090909,"Location":"South"},{"Period":"2013-W15","Cust__Service__Performance__Pct":100,"Location":"East"},{"Period":"2013-W16","Cust__Service__Performance__Pct":85.7142857142857,"Location":"Central"},{"Period":"2013-W16","Cust__Service__Performance__Pct":85,"Location":"Northern"},{"Period":"2013-W16","Cust__Service__Performance__Pct":94.1176470588235,"Location":"West"},{"Period":"2013-W16","Cust__Service__Performance__Pct":86.9565217391304,"Location":"South"},{"Period":"2013-W16","Cust__Service__Performance__Pct":92.8571428571429,"Location":"East"},{"Period":"2013-W17","Cust__Service__Performance__Pct":100,"Location":"Central"},{"Period":"2013-W17","Cust__Service__Performance__Pct":94.1176470588235,"Location":"Northern"},{"Period":"2013-W17","Cust__Service__Performance__Pct":85,"Location":"West"},{"Period":"2013-W17","Cust__Service__Performance__Pct":84.2105263157895,"Location":"South"},{"Period":"2013-W17","Cust__Service__Performance__Pct":100,"Location":"East"},{"Period":"2013-W18","Cust__Service__Performance__Pct":100,"Location":"Central"},{"Period":"2013-W18","Cust__Service__Performance__Pct":100,"Location":"Northern"},{"Period":"2013-W18","Cust__Service__Performance__Pct":87.5,"Location":"West"},{"Period":"2013-W18","Cust__Service__Performance__Pct":77.2727272727273,"Location":"South"},{"Period":"2013-W18","Cust__Service__Performance__Pct":85.7142857142857,"Location":"East"},{"Period":"2013-W19","Cust__Service__Performance__Pct":91.304347826087,"Location":"Central"},{"Period":"2013-W19","Cust__Service__Performance__Pct":93.75,"Location":"Northern"},{"Period":"2013-W19","Cust__Service__Performance__Pct":87.5,"Location":"West"},{"Period":"2013-W19","Cust__Service__Performance__Pct":91.6666666666667,"Location":"South"},{"Period":"2013-W19","Cust__Service__Performance__Pct":91.6666666666667,"Location":"East"},{"Period":"2013-W20","Cust__Service__Performance__Pct":85.7142857142857,"Location":"Central"},{"Period":"2013-W20","Cust__Service__Performance__Pct":77.7777777777778,"Location":"Northern"},{"Period":"2013-W20","Cust__Service__Performance__Pct":89.4736842105263,"Location":"West"},{"Period":"2013-W20","Cust__Service__Performance__Pct":95.4545454545455,"Location":"South"},{"Period":"2013-W20","Cust__Service__Performance__Pct":92.3076923076923,"Location":"East"},{"Period":"2013-W21","Cust__Service__Performance__Pct":95.2380952380952,"Location":"Central"},{"Period":"2013-W21","Cust__Service__Performance__Pct":95,"Location":"Northern"},{"Period":"2013-W21","Cust__Service__Performance__Pct":83.3333333333333,"Location":"West"},{"Period":"2013-W21","Cust__Service__Performance__Pct":100,"Location":"South"},{"Period":"2013-W21","Cust__Service__Performance__Pct":100,"Location":"East"},{"Period":"2013-W22","Cust__Service__Performance__Pct":95.4545454545455,"Location":"Central"},{"Period":"2013-W22","Cust__Service__Performance__Pct":93.75,"Location":"Northern"},{"Period":"2013-W22","Cust__Service__Performance__Pct":88.2352941176471,"Location":"West"},{"Period":"2013-W22","Cust__Service__Performance__Pct":90.4761904761905,"Location":"South"},{"Period":"2013-W22","Cust__Service__Performance__Pct":69.2307692307692,"Location":"East"},{"Period":"2013-W23","Cust__Service__Performance__Pct":90.9090909090909,"Location":"Central"},{"Period":"2013-W23","Cust__Service__Performance__Pct":100,"Location":"Northern"},{"Period":"2013-W23","Cust__Service__Performance__Pct":93.75,"Location":"West"},{"Period":"2013-W23","Cust__Service__Performance__Pct":100,"Location":"South"},{"Period":"2013-W23","Cust__Service__Performance__Pct":92.8571428571429,"Location":"East"},{"Period":"2013-W24","Cust__Service__Performance__Pct":73.9130434782609,"Location":"Central"},{"Period":"2013-W24","Cust__Service__Performance__Pct":77.7777777777778,"Location":"Northern"},{"Period":"2013-W24","Cust__Service__Performance__Pct":94.1176470588235,"Location":"West"},{"Period":"2013-W24","Cust__Service__Performance__Pct":90.9090909090909,"Location":"South"},{"Period":"2013-W24","Cust__Service__Performance__Pct":84.6153846153846,"Location":"East"},{"Period":"2013-W25","Cust__Service__Performance__Pct":85,"Location":"Central"},{"Period":"2013-W25","Cust__Service__Performance__Pct":94.7368421052632,"Location":"Northern"},{"Period":"2013-W25","Cust__Service__Performance__Pct":94.7368421052632,"Location":"West"},{"Period":"2013-W25","Cust__Service__Performance__Pct":95.2380952380952,"Location":"South"},{"Period":"2013-W25","Cust__Service__Performance__Pct":91.6666666666667,"Location":"East"},{"Period":"2013-W26","Cust__Service__Performance__Pct":95.4545454545455,"Location":"Central"},{"Period":"2013-W26","Cust__Service__Performance__Pct":75,"Location":"Northern"},{"Period":"2013-W26","Cust__Service__Performance__Pct":88.2352941176471,"Location":"West"},{"Period":"2013-W26","Cust__Service__Performance__Pct":90.4761904761905,"Location":"South"},{"Period":"2013-W26","Cust__Service__Performance__Pct":71.4285714285714,"Location":"East"}],"Prior_Orders_Filled_Quarter":[{"Prior__Orders__Filled":1369635}],"Cust_Service_Trend_Pct_Quarter_Country":[{"Cust__Service__Trend__Pct":87.9120879120879,"Period":"2013-W14"},{"Cust__Service__Trend__Pct":89.8876404494382,"Period":"2013-W15"},{"Cust__Service__Trend__Pct":88.4210526315789,"Period":"2013-W16"},{"Cust__Service__Trend__Pct":92.2222222222222,"Period":"2013-W17"},{"Cust__Service__Trend__Pct":90,"Period":"2013-W18"},{"Cust__Service__Trend__Pct":91.2087912087912,"Period":"2013-W19"},{"Cust__Service__Trend__Pct":88.1720430107527,"Period":"2013-W20"},{"Cust__Service__Trend__Pct":94.5652173913043,"Period":"2013-W21"},{"Cust__Service__Trend__Pct":88.7640449438202,"Period":"2013-W22"},{"Cust__Service__Trend__Pct":95.6043956043956,"Period":"2013-W23"},{"Cust__Service__Trend__Pct":83.8709677419355,"Period":"2013-W24"},{"Cust__Service__Trend__Pct":92.3076923076923,"Period":"2013-W25"},{"Cust__Service__Trend__Pct":85.5555555555556,"Period":"2013-W26"}],"Customers_Served":[{"Customers__Served":18}],"Cust_Service_Performance_Target_Pct_Quarter":[{"Cust__Service__Performance__Target__Pct":91}]}],"type":"J"}