{"message":"","count":0,"status":0,"data":[{"Cust_Service_Performance_Pct_Quarter_All":[{"Period":"2013-W40","Cust__Service__Performance__Pct":81.0344827586207,"Location":"CAN"},{"Period":"2013-W40","Cust__Service__Performance__Pct":87.8378378378378,"Location":"USA"},{"Period":"2013-W40","Cust__Service__Performance__Pct":84.4444444444444,"Location":"MX"},{"Period":"2013-W41","Cust__Service__Performance__Pct":87.5,"Location":"CAN"},{"Period":"2013-W41","Cust__Service__Performance__Pct":83.7837837837838,"Location":"USA"},{"Period":"2013-W41","Cust__Service__Performance__Pct":91.3978494623656,"Location":"MX"},{"Period":"2013-W42","Cust__Service__Performance__Pct":92.5925925925926,"Location":"CAN"},{"Period":"2013-W42","Cust__Service__Performance__Pct":94.6666666666667,"Location":"USA"},{"Period":"2013-W42","Cust__Service__Performance__Pct":85.7142857142857,"Location":"MX"},{"Period":"2013-W43","Cust__Service__Performance__Pct":87.9310344827586,"Location":"CAN"},{"Period":"2013-W43","Cust__Service__Performance__Pct":89.041095890411,"Location":"USA"},{"Period":"2013-W43","Cust__Service__Performance__Pct":90.1098901098901,"Location":"MX"},{"Period":"2013-W44","Cust__Service__Performance__Pct":88.135593220339,"Location":"CAN"},{"Period":"2013-W44","Cust__Service__Performance__Pct":94.5205479452055,"Location":"USA"},{"Period":"2013-W44","Cust__Service__Performance__Pct":88.7640449438202,"Location":"MX"},{"Period":"2013-W45","Cust__Service__Performance__Pct":90.7407407407407,"Location":"CAN"},{"Period":"2013-W45","Cust__Service__Performance__Pct":93.3333333333333,"Location":"USA"},{"Period":"2013-W45","Cust__Service__Performance__Pct":89.4736842105263,"Location":"MX"},{"Period":"2013-W46","Cust__Service__Performance__Pct":89.0909090909091,"Location":"CAN"},{"Period":"2013-W46","Cust__Service__Performance__Pct":85.3333333333333,"Location":"USA"},{"Period":"2013-W46","Cust__Service__Performance__Pct":92.2222222222222,"Location":"MX"},{"Period":"2013-W47","Cust__Service__Performance__Pct":89.6551724137931,"Location":"CAN"},{"Period":"2013-W47","Cust__Service__Performance__Pct":80.5555555555556,"Location":"USA"},{"Period":"2013-W47","Cust__Service__Performance__Pct":90,"Location":"MX"},{"Period":"2013-W48","Cust__Service__Performance__Pct":86.4406779661017,"Location":"CAN"},{"Period":"2013-W48","Cust__Service__Performance__Pct":83.5616438356164,"Location":"USA"},{"Period":"2013-W48","Cust__Service__Performance__Pct":92.3076923076923,"Location":"MX"},{"Period":"2013-W49","Cust__Service__Performance__Pct":81.8181818181818,"Location":"CAN"},{"Period":"2013-W49","Cust__Service__Performance__Pct":88,"Location":"USA"},{"Period":"2013-W49","Cust__Service__Performance__Pct":82.7956989247312,"Location":"MX"},{"Period":"2013-W50","Cust__Service__Performance__Pct":83.3333333333333,"Location":"CAN"},{"Period":"2013-W50","Cust__Service__Performance__Pct":93.3333333333333,"Location":"USA"},{"Period":"2013-W50","Cust__Service__Performance__Pct":92.3913043478261,"Location":"MX"},{"Period":"2013-W51","Cust__Service__Performance__Pct":89.6551724137931,"Location":"CAN"},{"Period":"2013-W51","Cust__Service__Performance__Pct":91.6666666666667,"Location":"USA"},{"Period":"2013-W51","Cust__Service__Performance__Pct":89.8876404494382,"Location":"MX"},{"Period":"2013-W52","Cust__Service__Performance__Pct":82.7586206896552,"Location":"CAN"},{"Period":"2013-W52","Cust__Service__Performance__Pct":87.8378378378378,"Location":"USA"},{"Period":"2013-W52","Cust__Service__Performance__Pct":89.010989010989,"Location":"MX"}],"Orders_Filled":[{"Orders__Filled":3343880}],"Prior_Avg_Cust_Service_Performance_Pct_Quarter":[{"Prior__Avg__Cust__Service__Performance__Pct":88.9659958362248}],"Avg_Cust_Service_Performance_Pct":[{"Avg__Cust__Service__Performance__Pct":88.4415133634155}],"Loads_Delivered":[{"Loads__Delivered":2881}],"Prior_Orders_Filled_Quarter":[{"Prior__Orders__Filled":3368941}],"Customers_Served":[{"Customers__Served":18}],"Cust_Service_Trend_Pct_Quarter_All":[{"Cust__Service__Trend__Pct":84.6846846846847,"Period":"2013-W40"},{"Cust__Service__Trend__Pct":87.8923766816144,"Period":"2013-W41"},{"Cust__Service__Trend__Pct":90.4545454545455,"Period":"2013-W42"},{"Cust__Service__Trend__Pct":89.1891891891892,"Period":"2013-W43"},{"Cust__Service__Trend__Pct":90.4977375565611,"Period":"2013-W44"},{"Cust__Service__Trend__Pct":91.0714285714286,"Period":"2013-W45"},{"Cust__Service__Trend__Pct":89.0909090909091,"Period":"2013-W46"},{"Cust__Service__Trend__Pct":86.8181818181818,"Period":"2013-W47"},{"Cust__Service__Trend__Pct":87.8923766816144,"Period":"2013-W48"},{"Cust__Service__Trend__Pct":84.304932735426,"Period":"2013-W49"},{"Cust__Service__Trend__Pct":90.4977375565611,"Period":"2013-W50"},{"Cust__Service__Trend__Pct":90.4109589041096,"Period":"2013-W51"},{"Cust__Service__Trend__Pct":86.9955156950673,"Period":"2013-W52"}],"Cust_Service_Performance_Target_Pct_Quarter":[{"Cust__Service__Performance__Target__Pct":92}]}],"type":"J"}