{"message":"","count":0,"status":0,"data":[{"Cust_Service_Performance_Pct_Quarter_Region":[{"Period":"2013-W14","Cust__Service__Performance__Pct":66.6666666666667,"Location":"MC"},{"Period":"2013-W14","Cust__Service__Performance__Pct":66.6666666666667,"Location":"JA"},{"Period":"2013-W14","Cust__Service__Performance__Pct":75,"Location":"NA"},{"Period":"2013-W14","Cust__Service__Performance__Pct":100,"Location":"CL"},{"Period":"2013-W15","Cust__Service__Performance__Pct":83.3333333333333,"Location":"MC"},{"Period":"2013-W15","Cust__Service__Performance__Pct":75,"Location":"JA"},{"Period":"2013-W15","Cust__Service__Performance__Pct":100,"Location":"NA"},{"Period":"2013-W15","Cust__Service__Performance__Pct":100,"Location":"CL"},{"Period":"2013-W16","Cust__Service__Performance__Pct":100,"Location":"MC"},{"Period":"2013-W16","Cust__Service__Performance__Pct":100,"Location":"JA"},{"Period":"2013-W16","Cust__Service__Performance__Pct":100,"Location":"NA"},{"Period":"2013-W16","Cust__Service__Performance__Pct":75,"Location":"CL"},{"Period":"2013-W17","Cust__Service__Performance__Pct":100,"Location":"MC"},{"Period":"2013-W17","Cust__Service__Performance__Pct":75,"Location":"JA"},{"Period":"2013-W17","Cust__Service__Performance__Pct":100,"Location":"NA"},{"Period":"2013-W17","Cust__Service__Performance__Pct":66.6666666666667,"Location":"CL"},{"Period":"2013-W18","Cust__Service__Performance__Pct":100,"Location":"MC"},{"Period":"2013-W18","Cust__Service__Performance__Pct":83.3333333333333,"Location":"JA"},{"Period":"2013-W18","Cust__Service__Performance__Pct":100,"Location":"NA"},{"Period":"2013-W18","Cust__Service__Performance__Pct":75,"Location":"CL"},{"Period":"2013-W19","Cust__Service__Performance__Pct":100,"Location":"MC"},{"Period":"2013-W19","Cust__Service__Performance__Pct":100,"Location":"JA"},{"Period":"2013-W19","Cust__Service__Performance__Pct":75,"Location":"NA"},{"Period":"2013-W19","Cust__Service__Performance__Pct":66.6666666666667,"Location":"CL"},{"Period":"2013-W20","Cust__Service__Performance__Pct":100,"Location":"MC"},{"Period":"2013-W20","Cust__Service__Performance__Pct":50,"Location":"JA"},{"Period":"2013-W20","Cust__Service__Performance__Pct":100,"Location":"NA"},{"Period":"2013-W20","Cust__Service__Performance__Pct":100,"Location":"CL"},{"Period":"2013-W21","Cust__Service__Performance__Pct":66.6666666666667,"Location":"MC"},{"Period":"2013-W21","Cust__Service__Performance__Pct":100,"Location":"JA"},{"Period":"2013-W21","Cust__Service__Performance__Pct":66.6666666666667,"Location":"NA"},{"Period":"2013-W21","Cust__Service__Performance__Pct":100,"Location":"CL"},{"Period":"2013-W22","Cust__Service__Performance__Pct":75,"Location":"MC"},{"Period":"2013-W22","Cust__Service__Performance__Pct":83.3333333333333,"Location":"JA"},{"Period":"2013-W22","Cust__Service__Performance__Pct":100,"Location":"NA"},{"Period":"2013-W22","Cust__Service__Performance__Pct":100,"Location":"CL"},{"Period":"2013-W23","Cust__Service__Performance__Pct":100,"Location":"MC"},{"Period":"2013-W23","Cust__Service__Performance__Pct":80,"Location":"JA"},{"Period":"2013-W23","Cust__Service__Performance__Pct":100,"Location":"NA"},{"Period":"2013-W23","Cust__Service__Performance__Pct":100,"Location":"CL"},{"Period":"2013-W24","Cust__Service__Performance__Pct":83.3333333333333,"Location":"MC"},{"Period":"2013-W24","Cust__Service__Performance__Pct":100,"Location":"JA"},{"Period":"2013-W24","Cust__Service__Performance__Pct":100,"Location":"NA"},{"Period":"2013-W24","Cust__Service__Performance__Pct":100,"Location":"CL"},{"Period":"2013-W25","Cust__Service__Performance__Pct":75,"Location":"MC"},{"Period":"2013-W25","Cust__Service__Performance__Pct":100,"Location":"JA"},{"Period":"2013-W25","Cust__Service__Performance__Pct":100,"Location":"NA"},{"Period":"2013-W25","Cust__Service__Performance__Pct":100,"Location":"CL"},{"Period":"2013-W26","Cust__Service__Performance__Pct":100,"Location":"MC"},{"Period":"2013-W26","Cust__Service__Performance__Pct":66.6666666666667,"Location":"JA"},{"Period":"2013-W26","Cust__Service__Performance__Pct":100,"Location":"NA"},{"Period":"2013-W26","Cust__Service__Performance__Pct":100,"Location":"CL"}],"Orders_Filled":[{"Orders__Filled":262836}],"Prior_Avg_Cust_Service_Performance_Pct_Quarter":[{"Prior__Avg__Cust__Service__Performance__Pct":88.5462555066079}],"Avg_Cust_Service_Performance_Pct":[{"Avg__Cust__Service__Performance__Pct":88.4444444444444}],"Cust_Service_Trend_Pct_Quarter_Region":[{"Cust__Service__Trend__Pct":75,"Period":"2013-W14"},{"Cust__Service__Trend__Pct":88.2352941176471,"Period":"2013-W15"},{"Cust__Service__Trend__Pct":94.1176470588235,"Period":"2013-W16"},{"Cust__Service__Trend__Pct":85,"Period":"2013-W17"},{"Cust__Service__Trend__Pct":87.5,"Period":"2013-W18"},{"Cust__Service__Trend__Pct":87.5,"Period":"2013-W19"},{"Cust__Service__Trend__Pct":89.4736842105263,"Period":"2013-W20"},{"Cust__Service__Trend__Pct":83.3333333333333,"Period":"2013-W21"},{"Cust__Service__Trend__Pct":88.2352941176471,"Period":"2013-W22"},{"Cust__Service__Trend__Pct":93.75,"Period":"2013-W23"},{"Cust__Service__Trend__Pct":94.1176470588235,"Period":"2013-W24"},{"Cust__Service__Trend__Pct":94.7368421052632,"Period":"2013-W25"},{"Cust__Service__Trend__Pct":88.2352941176471,"Period":"2013-W26"}],"Loads_Delivered":[{"Loads__Delivered":225}],"Prior_Orders_Filled_Quarter":[{"Prior__Orders__Filled":267779}],"Customers_Served":[{"Customers__Served":18}],"Cust_Service_Performance_Target_Pct_Quarter":[{"Cust__Service__Performance__Target__Pct":91}]}],"type":"J"}