{"message":"","count":0,"status":0,"data":[{"Orders_Filled":[{"Orders__Filled":509909}],"Avg_Cust_Service_Performance_Pct":[{"Avg__Cust__Service__Performance__Pct":87.9781420765027}],"Prior_Avg_Cust_Service_Performance_Pct_Week":[{"Prior__Avg__Cust__Service__Performance__Pct":84.2105263157895}],"Prior_Orders_Filled_Week":[{"Prior__Orders__Filled":21390}],"Loads_Delivered":[{"Loads__Delivered":366}],"Cust_Service_Performance_Target_Pct_Week":[{"Cust__Service__Performance__Target__Pct":88}],"Customers_Served":[{"Customers__Served":18}],"Cust_Service_Trend_Pct_Week_Region":[{"Cust__Service__Trend__Pct":86.7924528301887,"Period":"2014-02-02"},{"Cust__Service__Trend__Pct":88.4615384615385,"Period":"2014-02-03"},{"Cust__Service__Trend__Pct":81.1320754716981,"Period":"2014-02-04"},{"Cust__Service__Trend__Pct":88.6792452830189,"Period":"2014-02-05"},{"Cust__Service__Trend__Pct":92.4528301886792,"Period":"2014-02-06"},{"Cust__Service__Trend__Pct":88.2352941176471,"Period":"2014-02-07"},{"Cust__Service__Trend__Pct":90.1960784313726,"Period":"2014-02-08"}],"Cust_Service_Performance_Pct_Week_Region":[{"Period":"2014-02-02","Cust__Service__Performance__Pct":84.6153846153846,"Location":"PE"},{"Period":"2014-02-02","Cust__Service__Performance__Pct":100,"Location":"NB"},{"Period":"2014-02-02","Cust__Service__Performance__Pct":80,"Location":"NL"},{"Period":"2014-02-02","Cust__Service__Performance__Pct":83.3333333333333,"Location":"NS"},{"Period":"2014-02-03","Cust__Service__Performance__Pct":84.6153846153846,"Location":"PE"},{"Period":"2014-02-03","Cust__Service__Performance__Pct":93.3333333333333,"Location":"NB"},{"Period":"2014-02-03","Cust__Service__Performance__Pct":83.3333333333333,"Location":"NL"},{"Period":"2014-02-03","Cust__Service__Performance__Pct":91.6666666666667,"Location":"NS"},{"Period":"2014-02-04","Cust__Service__Performance__Pct":80,"Location":"PE"},{"Period":"2014-02-04","Cust__Service__Performance__Pct":100,"Location":"NB"},{"Period":"2014-02-04","Cust__Service__Performance__Pct":76.9230769230769,"Location":"NL"},{"Period":"2014-02-04","Cust__Service__Performance__Pct":66.6666666666667,"Location":"NS"},{"Period":"2014-02-05","Cust__Service__Performance__Pct":92.3076923076923,"Location":"PE"},{"Period":"2014-02-05","Cust__Service__Performance__Pct":92.8571428571429,"Location":"NB"},{"Period":"2014-02-05","Cust__Service__Performance__Pct":91.6666666666667,"Location":"NL"},{"Period":"2014-02-05","Cust__Service__Performance__Pct":78.5714285714286,"Location":"NS"},{"Period":"2014-02-06","Cust__Service__Performance__Pct":71.4285714285714,"Location":"PE"},{"Period":"2014-02-06","Cust__Service__Performance__Pct":100,"Location":"NB"},{"Period":"2014-02-06","Cust__Service__Performance__Pct":100,"Location":"NL"},{"Period":"2014-02-06","Cust__Service__Performance__Pct":100,"Location":"NS"},{"Period":"2014-02-07","Cust__Service__Performance__Pct":100,"Location":"PE"},{"Period":"2014-02-07","Cust__Service__Performance__Pct":91.6666666666667,"Location":"NB"},{"Period":"2014-02-07","Cust__Service__Performance__Pct":71.4285714285714,"Location":"NL"},{"Period":"2014-02-07","Cust__Service__Performance__Pct":92.8571428571429,"Location":"NS"},{"Period":"2014-02-08","Cust__Service__Performance__Pct":92.3076923076923,"Location":"PE"},{"Period":"2014-02-08","Cust__Service__Performance__Pct":72.7272727272727,"Location":"NB"},{"Period":"2014-02-08","Cust__Service__Performance__Pct":93.3333333333333,"Location":"NL"},{"Period":"2014-02-08","Cust__Service__Performance__Pct":100,"Location":"NS"}]}],"type":"J"}