{"message":"","count":0,"status":0,"data":[{"Orders_Filled":[{"Orders__Filled":25633}],"Avg_Cust_Service_Performance_Pct":[{"Avg__Cust__Service__Performance__Pct":82.6086956521739}],"Prior_Avg_Cust_Service_Performance_Pct_Week":[{"Prior__Avg__Cust__Service__Performance__Pct":100}],"Prior_Orders_Filled_Week":[{"Prior__Orders__Filled":25656}],"Loads_Delivered":[{"Loads__Delivered":23}],"Cust_Service_Performance_Target_Pct_Week":[{"Cust__Service__Performance__Target__Pct":92}],"Customers_Served":[{"Customers__Served":15}],"Cust_Service_Trend_Pct_Week_Region":[{"Cust__Service__Trend__Pct":66.6666666666667,"Period":"2014-01-26"},{"Cust__Service__Trend__Pct":100,"Period":"2014-01-27"},{"Cust__Service__Trend__Pct":66.6666666666667,"Period":"2014-01-28"},{"Cust__Service__Trend__Pct":100,"Period":"2014-01-29"},{"Cust__Service__Trend__Pct":100,"Period":"2014-01-30"},{"Cust__Service__Trend__Pct":100,"Period":"2014-01-31"},{"Cust__Service__Trend__Pct":33.3333333333333,"Period":"2014-02-01"}],"Cust_Service_Performance_Pct_Week_Region":[{"Period":"2014-01-26","Cust__Service__Performance__Pct":100,"Location":"CP"},{"Period":"2014-01-26","Cust__Service__Performance__Pct":100,"Location":"CM"},{"Period":"2014-01-26","Cust__Service__Performance__Pct":0,"Location":"YU"},{"Period":"2014-01-27","Cust__Service__Performance__Pct":100,"Location":"TB"},{"Period":"2014-01-27","Cust__Service__Performance__Pct":100,"Location":"CM"},{"Period":"2014-01-27","Cust__Service__Performance__Pct":100,"Location":"QR"},{"Period":"2014-01-27","Cust__Service__Performance__Pct":100,"Location":"YU"},{"Period":"2014-01-28","Cust__Service__Performance__Pct":100,"Location":"CP"},{"Period":"2014-01-28","Cust__Service__Performance__Pct":0,"Location":"CM"},{"Period":"2014-01-28","Cust__Service__Performance__Pct":100,"Location":"YU"},{"Period":"2014-01-29","Cust__Service__Performance__Pct":100,"Location":"TB"},{"Period":"2014-01-29","Cust__Service__Performance__Pct":100,"Location":"CM"},{"Period":"2014-01-29","Cust__Service__Performance__Pct":100,"Location":"YU"},{"Period":"2014-01-30","Cust__Service__Performance__Pct":100,"Location":"CM"},{"Period":"2014-01-30","Cust__Service__Performance__Pct":100,"Location":"QR"},{"Period":"2014-01-30","Cust__Service__Performance__Pct":100,"Location":"YU"},{"Period":"2014-01-31","Cust__Service__Performance__Pct":100,"Location":"CP"},{"Period":"2014-01-31","Cust__Service__Performance__Pct":100,"Location":"TB"},{"Period":"2014-01-31","Cust__Service__Performance__Pct":100,"Location":"QR"},{"Period":"2014-01-31","Cust__Service__Performance__Pct":100,"Location":"YU"},{"Period":"2014-02-01","Cust__Service__Performance__Pct":100,"Location":"CP"},{"Period":"2014-02-01","Cust__Service__Performance__Pct":0,"Location":"CM"},{"Period":"2014-02-01","Cust__Service__Performance__Pct":0,"Location":"QR"}]}],"type":"J"}