{"message":"","count":0,"status":0,"data":[{"Orders_Filled":[{"Orders__Filled":248192}],"Avg_Cust_Service_Performance_Pct":[{"Avg__Cust__Service__Performance__Pct":84.4444444444444}],"Prior_Orders_Filled_Month":[{"Prior__Orders__Filled":332226}],"Loads_Delivered":[{"Loads__Delivered":225}],"Cust_Service_Performance_Pct_Month_Country":[{"Period":"2013-W49","Cust__Service__Performance__Pct":82.3529411764706,"Location":"Western Canada"},{"Period":"2013-W49","Cust__Service__Performance__Pct":76.9230769230769,"Location":"Northern Canada"},{"Period":"2013-W49","Cust__Service__Performance__Pct":87.5,"Location":"Atlantic Canada"},{"Period":"2013-W49","Cust__Service__Performance__Pct":66.6666666666667,"Location":"Ontario"},{"Period":"2013-W49","Cust__Service__Performance__Pct":100,"Location":"Quebec"},{"Period":"2013-W50","Cust__Service__Performance__Pct":87.5,"Location":"Western Canada"},{"Period":"2013-W50","Cust__Service__Performance__Pct":84.6153846153846,"Location":"Northern Canada"},{"Period":"2013-W50","Cust__Service__Performance__Pct":87.5,"Location":"Atlantic Canada"},{"Period":"2013-W50","Cust__Service__Performance__Pct":50,"Location":"Ontario"},{"Period":"2013-W50","Cust__Service__Performance__Pct":80,"Location":"Quebec"},{"Period":"2013-W51","Cust__Service__Performance__Pct":94.1176470588235,"Location":"Western Canada"},{"Period":"2013-W51","Cust__Service__Performance__Pct":92.3076923076923,"Location":"Northern Canada"},{"Period":"2013-W51","Cust__Service__Performance__Pct":88.8888888888889,"Location":"Atlantic Canada"},{"Period":"2013-W51","Cust__Service__Performance__Pct":75,"Location":"Ontario"},{"Period":"2013-W51","Cust__Service__Performance__Pct":83.3333333333333,"Location":"Quebec"},{"Period":"2013-W52","Cust__Service__Performance__Pct":84.2105263157895,"Location":"Western Canada"},{"Period":"2013-W52","Cust__Service__Performance__Pct":71.4285714285714,"Location":"Northern Canada"},{"Period":"2013-W52","Cust__Service__Performance__Pct":84.2105263157895,"Location":"Atlantic Canada"},{"Period":"2013-W52","Cust__Service__Performance__Pct":100,"Location":"Ontario"},{"Period":"2013-W52","Cust__Service__Performance__Pct":100,"Location":"Quebec"}],"Cust_Service_Performance_Target_Pct_Month":[{"Cust__Service__Performance__Target__Pct":92}],"Customers_Served":[{"Customers__Served":18}],"Cust_Service_Trend_Pct_Month_Country":[{"Cust__Service__Trend__Pct":81.8181818181818,"Period":"2013-W49"},{"Cust__Service__Trend__Pct":83.3333333333333,"Period":"2013-W50"},{"Cust__Service__Trend__Pct":89.6551724137931,"Period":"2013-W51"},{"Cust__Service__Trend__Pct":82.7586206896552,"Period":"2013-W52"}],"Prior_Avg_Cust_Service_Performance_Pct_Month":[{"Prior__Avg__Cust__Service__Performance__Pct":88.7719298245614}]}],"type":"J"}