{"message":"","count":0,"status":0,"data":[{"Orders_Filled":[{"Orders__Filled":58893}],"Avg_Cust_Service_Performance_Pct":[{"Avg__Cust__Service__Performance__Pct":84.3137254901961}],"Cust_Service_Performance_Pct_Month_Region":[{"Period":"2013-W40","Cust__Service__Performance__Pct":66.6666666666667,"Location":"NU"},{"Period":"2013-W40","Cust__Service__Performance__Pct":80,"Location":"YT"},{"Period":"2013-W40","Cust__Service__Performance__Pct":50,"Location":"NT"},{"Period":"2013-W41","Cust__Service__Performance__Pct":100,"Location":"NU"},{"Period":"2013-W41","Cust__Service__Performance__Pct":75,"Location":"YT"},{"Period":"2013-W41","Cust__Service__Performance__Pct":66.6666666666667,"Location":"NT"},{"Period":"2013-W42","Cust__Service__Performance__Pct":100,"Location":"NU"},{"Period":"2013-W42","Cust__Service__Performance__Pct":100,"Location":"YT"},{"Period":"2013-W42","Cust__Service__Performance__Pct":100,"Location":"NT"},{"Period":"2013-W43","Cust__Service__Performance__Pct":100,"Location":"NU"},{"Period":"2013-W43","Cust__Service__Performance__Pct":80,"Location":"YT"},{"Period":"2013-W43","Cust__Service__Performance__Pct":100,"Location":"NT"}],"Prior_Orders_Filled_Month":[{"Prior__Orders__Filled":65395}],"Cust_Service_Trend_Pct_Month_Region":[{"Cust__Service__Trend__Pct":66.6666666666667,"Period":"2013-W40"},{"Cust__Service__Trend__Pct":78.5714285714286,"Period":"2013-W41"},{"Cust__Service__Trend__Pct":100,"Period":"2013-W42"},{"Cust__Service__Trend__Pct":91.6666666666667,"Period":"2013-W43"}],"Loads_Delivered":[{"Loads__Delivered":51}],"Cust_Service_Performance_Target_Pct_Month":[{"Cust__Service__Performance__Target__Pct":92}],"Customers_Served":[{"Customers__Served":18}],"Prior_Avg_Cust_Service_Performance_Pct_Month":[{"Prior__Avg__Cust__Service__Performance__Pct":90.5660377358491}]}],"type":"J"}