{"message":"","count":0,"status":0,"data":[{"Cust_Service_Performance_Pct_Quarter_Region":[{"Period":"2013-W27","Cust__Service__Performance__Pct":100,"Location":"AG"},{"Period":"2013-W27","Cust__Service__Performance__Pct":75,"Location":"MR"},{"Period":"2013-W27","Cust__Service__Performance__Pct":100,"Location":"DF"},{"Period":"2013-W27","Cust__Service__Performance__Pct":100,"Location":"ZA"},{"Period":"2013-W27","Cust__Service__Performance__Pct":80,"Location":"MX"},{"Period":"2013-W28","Cust__Service__Performance__Pct":100,"Location":"AG"},{"Period":"2013-W28","Cust__Service__Performance__Pct":100,"Location":"MR"},{"Period":"2013-W28","Cust__Service__Performance__Pct":75,"Location":"DF"},{"Period":"2013-W28","Cust__Service__Performance__Pct":83.3333333333333,"Location":"ZA"},{"Period":"2013-W28","Cust__Service__Performance__Pct":100,"Location":"MX"},{"Period":"2013-W29","Cust__Service__Performance__Pct":100,"Location":"AG"},{"Period":"2013-W29","Cust__Service__Performance__Pct":75,"Location":"MR"},{"Period":"2013-W29","Cust__Service__Performance__Pct":83.3333333333333,"Location":"DF"},{"Period":"2013-W29","Cust__Service__Performance__Pct":66.6666666666667,"Location":"ZA"},{"Period":"2013-W29","Cust__Service__Performance__Pct":100,"Location":"MX"},{"Period":"2013-W30","Cust__Service__Performance__Pct":83.3333333333333,"Location":"AG"},{"Period":"2013-W30","Cust__Service__Performance__Pct":100,"Location":"MR"},{"Period":"2013-W30","Cust__Service__Performance__Pct":100,"Location":"DF"},{"Period":"2013-W30","Cust__Service__Performance__Pct":100,"Location":"ZA"},{"Period":"2013-W30","Cust__Service__Performance__Pct":83.3333333333333,"Location":"MX"},{"Period":"2013-W31","Cust__Service__Performance__Pct":100,"Location":"AG"},{"Period":"2013-W31","Cust__Service__Performance__Pct":100,"Location":"MR"},{"Period":"2013-W31","Cust__Service__Performance__Pct":66.6666666666667,"Location":"DF"},{"Period":"2013-W31","Cust__Service__Performance__Pct":75,"Location":"ZA"},{"Period":"2013-W31","Cust__Service__Performance__Pct":60,"Location":"MX"},{"Period":"2013-W32","Cust__Service__Performance__Pct":66.6666666666667,"Location":"AG"},{"Period":"2013-W32","Cust__Service__Performance__Pct":100,"Location":"MR"},{"Period":"2013-W32","Cust__Service__Performance__Pct":75,"Location":"DF"},{"Period":"2013-W32","Cust__Service__Performance__Pct":100,"Location":"ZA"},{"Period":"2013-W32","Cust__Service__Performance__Pct":100,"Location":"MX"},{"Period":"2013-W33","Cust__Service__Performance__Pct":66.6666666666667,"Location":"AG"},{"Period":"2013-W33","Cust__Service__Performance__Pct":66.6666666666667,"Location":"MR"},{"Period":"2013-W33","Cust__Service__Performance__Pct":100,"Location":"DF"},{"Period":"2013-W33","Cust__Service__Performance__Pct":100,"Location":"ZA"},{"Period":"2013-W33","Cust__Service__Performance__Pct":100,"Location":"MX"},{"Period":"2013-W34","Cust__Service__Performance__Pct":66.6666666666667,"Location":"AG"},{"Period":"2013-W34","Cust__Service__Performance__Pct":75,"Location":"MR"},{"Period":"2013-W34","Cust__Service__Performance__Pct":100,"Location":"DF"},{"Period":"2013-W34","Cust__Service__Performance__Pct":100,"Location":"ZA"},{"Period":"2013-W34","Cust__Service__Performance__Pct":100,"Location":"MX"},{"Period":"2013-W35","Cust__Service__Performance__Pct":80,"Location":"AG"},{"Period":"2013-W35","Cust__Service__Performance__Pct":50,"Location":"MR"},{"Period":"2013-W35","Cust__Service__Performance__Pct":50,"Location":"DF"},{"Period":"2013-W35","Cust__Service__Performance__Pct":60,"Location":"ZA"},{"Period":"2013-W35","Cust__Service__Performance__Pct":100,"Location":"MX"},{"Period":"2013-W36","Cust__Service__Performance__Pct":100,"Location":"AG"},{"Period":"2013-W36","Cust__Service__Performance__Pct":100,"Location":"MR"},{"Period":"2013-W36","Cust__Service__Performance__Pct":100,"Location":"DF"},{"Period":"2013-W36","Cust__Service__Performance__Pct":83.3333333333333,"Location":"ZA"},{"Period":"2013-W36","Cust__Service__Performance__Pct":100,"Location":"MX"},{"Period":"2013-W37","Cust__Service__Performance__Pct":66.6666666666667,"Location":"AG"},{"Period":"2013-W37","Cust__Service__Performance__Pct":100,"Location":"MR"},{"Period":"2013-W37","Cust__Service__Performance__Pct":100,"Location":"DF"},{"Period":"2013-W37","Cust__Service__Performance__Pct":66.6666666666667,"Location":"ZA"},{"Period":"2013-W37","Cust__Service__Performance__Pct":100,"Location":"MX"},{"Period":"2013-W38","Cust__Service__Performance__Pct":100,"Location":"AG"},{"Period":"2013-W38","Cust__Service__Performance__Pct":100,"Location":"MR"},{"Period":"2013-W38","Cust__Service__Performance__Pct":100,"Location":"DF"},{"Period":"2013-W38","Cust__Service__Performance__Pct":75,"Location":"ZA"},{"Period":"2013-W38","Cust__Service__Performance__Pct":75,"Location":"MX"},{"Period":"2013-W39","Cust__Service__Performance__Pct":100,"Location":"AG"},{"Period":"2013-W39","Cust__Service__Performance__Pct":100,"Location":"MR"},{"Period":"2013-W39","Cust__Service__Performance__Pct":100,"Location":"DF"},{"Period":"2013-W39","Cust__Service__Performance__Pct":75,"Location":"ZA"},{"Period":"2013-W39","Cust__Service__Performance__Pct":100,"Location":"MX"}],"Orders_Filled":[{"Orders__Filled":328349}],"Prior_Avg_Cust_Service_Performance_Pct_Quarter":[{"Prior__Avg__Cust__Service__Performance__Pct":90.8127208480565}],"Avg_Cust_Service_Performance_Pct":[{"Avg__Cust__Service__Performance__Pct":88.339222614841}],"Cust_Service_Trend_Pct_Quarter_Region":[{"Cust__Service__Trend__Pct":90.9090909090909,"Period":"2013-W27"},{"Cust__Service__Trend__Pct":91.304347826087,"Period":"2013-W28"},{"Cust__Service__Trend__Pct":84.2105263157895,"Period":"2013-W29"},{"Cust__Service__Trend__Pct":91.304347826087,"Period":"2013-W30"},{"Cust__Service__Trend__Pct":81.8181818181818,"Period":"2013-W31"},{"Cust__Service__Trend__Pct":91.304347826087,"Period":"2013-W32"},{"Cust__Service__Trend__Pct":89.4736842105263,"Period":"2013-W33"},{"Cust__Service__Trend__Pct":86.3636363636364,"Period":"2013-W34"},{"Cust__Service__Trend__Pct":70.8333333333333,"Period":"2013-W35"},{"Cust__Service__Trend__Pct":95.4545454545455,"Period":"2013-W36"},{"Cust__Service__Trend__Pct":90,"Period":"2013-W37"},{"Cust__Service__Trend__Pct":90.4761904761905,"Period":"2013-W38"},{"Cust__Service__Trend__Pct":95.6521739130435,"Period":"2013-W39"}],"Loads_Delivered":[{"Loads__Delivered":283}],"Prior_Orders_Filled_Quarter":[{"Prior__Orders__Filled":323588}],"Customers_Served":[{"Customers__Served":18}],"Cust_Service_Performance_Target_Pct_Quarter":[{"Cust__Service__Performance__Target__Pct":92}]}],"type":"J"}