{"message":"","count":0,"status":0,"data":[{"Cust_Service_Performance_Pct_Quarter_Region":[{"Period":"2013-W01","Cust__Service__Performance__Pct":100,"Location":"FL"},{"Period":"2013-W01","Cust__Service__Performance__Pct":100,"Location":"NC"},{"Period":"2013-W01","Cust__Service__Performance__Pct":100,"Location":"TN"},{"Period":"2013-W01","Cust__Service__Performance__Pct":100,"Location":"AL"},{"Period":"2013-W01","Cust__Service__Performance__Pct":60,"Location":"GA"},{"Period":"2013-W02","Cust__Service__Performance__Pct":100,"Location":"FL"},{"Period":"2013-W02","Cust__Service__Performance__Pct":60,"Location":"NC"},{"Period":"2013-W02","Cust__Service__Performance__Pct":80,"Location":"TN"},{"Period":"2013-W02","Cust__Service__Performance__Pct":100,"Location":"AL"},{"Period":"2013-W02","Cust__Service__Performance__Pct":83.3333333333333,"Location":"GA"},{"Period":"2013-W03","Cust__Service__Performance__Pct":100,"Location":"FL"},{"Period":"2013-W03","Cust__Service__Performance__Pct":100,"Location":"NC"},{"Period":"2013-W03","Cust__Service__Performance__Pct":75,"Location":"TN"},{"Period":"2013-W03","Cust__Service__Performance__Pct":100,"Location":"AL"},{"Period":"2013-W03","Cust__Service__Performance__Pct":66.6666666666667,"Location":"GA"},{"Period":"2013-W04","Cust__Service__Performance__Pct":100,"Location":"FL"},{"Period":"2013-W04","Cust__Service__Performance__Pct":100,"Location":"NC"},{"Period":"2013-W04","Cust__Service__Performance__Pct":100,"Location":"TN"},{"Period":"2013-W04","Cust__Service__Performance__Pct":100,"Location":"AL"},{"Period":"2013-W04","Cust__Service__Performance__Pct":100,"Location":"GA"},{"Period":"2013-W05","Cust__Service__Performance__Pct":75,"Location":"FL"},{"Period":"2013-W05","Cust__Service__Performance__Pct":100,"Location":"NC"},{"Period":"2013-W05","Cust__Service__Performance__Pct":100,"Location":"TN"},{"Period":"2013-W05","Cust__Service__Performance__Pct":80,"Location":"AL"},{"Period":"2013-W05","Cust__Service__Performance__Pct":75,"Location":"GA"},{"Period":"2013-W06","Cust__Service__Performance__Pct":100,"Location":"FL"},{"Period":"2013-W06","Cust__Service__Performance__Pct":100,"Location":"NC"},{"Period":"2013-W06","Cust__Service__Performance__Pct":100,"Location":"TN"},{"Period":"2013-W06","Cust__Service__Performance__Pct":100,"Location":"AL"},{"Period":"2013-W06","Cust__Service__Performance__Pct":66.6666666666667,"Location":"GA"},{"Period":"2013-W07","Cust__Service__Performance__Pct":100,"Location":"FL"},{"Period":"2013-W07","Cust__Service__Performance__Pct":100,"Location":"NC"},{"Period":"2013-W07","Cust__Service__Performance__Pct":100,"Location":"TN"},{"Period":"2013-W07","Cust__Service__Performance__Pct":66.6666666666667,"Location":"AL"},{"Period":"2013-W07","Cust__Service__Performance__Pct":75,"Location":"GA"},{"Period":"2013-W08","Cust__Service__Performance__Pct":83.3333333333333,"Location":"FL"},{"Period":"2013-W08","Cust__Service__Performance__Pct":100,"Location":"NC"},{"Period":"2013-W08","Cust__Service__Performance__Pct":75,"Location":"TN"},{"Period":"2013-W08","Cust__Service__Performance__Pct":100,"Location":"AL"},{"Period":"2013-W08","Cust__Service__Performance__Pct":100,"Location":"GA"},{"Period":"2013-W09","Cust__Service__Performance__Pct":100,"Location":"FL"},{"Period":"2013-W09","Cust__Service__Performance__Pct":66.6666666666667,"Location":"NC"},{"Period":"2013-W09","Cust__Service__Performance__Pct":100,"Location":"TN"},{"Period":"2013-W09","Cust__Service__Performance__Pct":100,"Location":"AL"},{"Period":"2013-W09","Cust__Service__Performance__Pct":80,"Location":"GA"},{"Period":"2013-W10","Cust__Service__Performance__Pct":66.6666666666667,"Location":"FL"},{"Period":"2013-W10","Cust__Service__Performance__Pct":100,"Location":"NC"},{"Period":"2013-W10","Cust__Service__Performance__Pct":100,"Location":"TN"},{"Period":"2013-W10","Cust__Service__Performance__Pct":100,"Location":"AL"},{"Period":"2013-W10","Cust__Service__Performance__Pct":100,"Location":"GA"},{"Period":"2013-W11","Cust__Service__Performance__Pct":100,"Location":"FL"},{"Period":"2013-W11","Cust__Service__Performance__Pct":66.6666666666667,"Location":"NC"},{"Period":"2013-W11","Cust__Service__Performance__Pct":75,"Location":"TN"},{"Period":"2013-W11","Cust__Service__Performance__Pct":66.6666666666667,"Location":"AL"},{"Period":"2013-W11","Cust__Service__Performance__Pct":33.3333333333333,"Location":"GA"},{"Period":"2013-W12","Cust__Service__Performance__Pct":100,"Location":"FL"},{"Period":"2013-W12","Cust__Service__Performance__Pct":100,"Location":"NC"},{"Period":"2013-W12","Cust__Service__Performance__Pct":66.6666666666667,"Location":"TN"},{"Period":"2013-W12","Cust__Service__Performance__Pct":100,"Location":"AL"},{"Period":"2013-W12","Cust__Service__Performance__Pct":100,"Location":"GA"},{"Period":"2013-W13","Cust__Service__Performance__Pct":100,"Location":"FL"},{"Period":"2013-W13","Cust__Service__Performance__Pct":100,"Location":"NC"},{"Period":"2013-W13","Cust__Service__Performance__Pct":100,"Location":"TN"},{"Period":"2013-W13","Cust__Service__Performance__Pct":100,"Location":"AL"},{"Period":"2013-W13","Cust__Service__Performance__Pct":100,"Location":"GA"}],"Orders_Filled":[{"Orders__Filled":325393}],"Prior_Avg_Cust_Service_Performance_Pct_Quarter":[{"Prior__Avg__Cust__Service__Performance__Pct":88.8157894736842}],"Avg_Cust_Service_Performance_Pct":[{"Avg__Cust__Service__Performance__Pct":90.4929577464789}],"Cust_Service_Trend_Pct_Quarter_Region":[{"Cust__Service__Trend__Pct":90.9090909090909,"Period":"2013-W01"},{"Cust__Service__Trend__Pct":82.6086956521739,"Period":"2013-W02"},{"Cust__Service__Trend__Pct":90,"Period":"2013-W03"},{"Cust__Service__Trend__Pct":100,"Period":"2013-W04"},{"Cust__Service__Trend__Pct":86.3636363636364,"Period":"2013-W05"},{"Cust__Service__Trend__Pct":91.304347826087,"Period":"2013-W06"},{"Cust__Service__Trend__Pct":89.4736842105263,"Period":"2013-W07"},{"Cust__Service__Trend__Pct":91.304347826087,"Period":"2013-W08"},{"Cust__Service__Trend__Pct":90.9090909090909,"Period":"2013-W09"},{"Cust__Service__Trend__Pct":95.6521739130435,"Period":"2013-W10"},{"Cust__Service__Trend__Pct":68.4210526315789,"Period":"2013-W11"},{"Cust__Service__Trend__Pct":95.4545454545455,"Period":"2013-W12"},{"Cust__Service__Trend__Pct":100,"Period":"2013-W13"}],"Loads_Delivered":[{"Loads__Delivered":284}],"Prior_Orders_Filled_Quarter":[{"Prior__Orders__Filled":356329}],"Customers_Served":[{"Customers__Served":18}],"Cust_Service_Performance_Target_Pct_Quarter":[{"Cust__Service__Performance__Target__Pct":90}]}],"type":"J"}