{"message":"","count":0,"status":0,"data":[{"Cust_Service_Performance_Pct_Year_Region":[{"Period":"2013-M01","Cust__Service__Performance__Pct":100,"Location":"BC"},{"Period":"2013-M01","Cust__Service__Performance__Pct":82.3529411764706,"Location":"MB"},{"Period":"2013-M01","Cust__Service__Performance__Pct":82.3529411764706,"Location":"AB"},{"Period":"2013-M01","Cust__Service__Performance__Pct":88.8888888888889,"Location":"SK"},{"Period":"2013-M02","Cust__Service__Performance__Pct":95.2380952380952,"Location":"BC"},{"Period":"2013-M02","Cust__Service__Performance__Pct":91.304347826087,"Location":"MB"},{"Period":"2013-M02","Cust__Service__Performance__Pct":76.1904761904762,"Location":"AB"},{"Period":"2013-M02","Cust__Service__Performance__Pct":95.2380952380952,"Location":"SK"},{"Period":"2013-M03","Cust__Service__Performance__Pct":88.8888888888889,"Location":"BC"},{"Period":"2013-M03","Cust__Service__Performance__Pct":94.1176470588235,"Location":"MB"},{"Period":"2013-M03","Cust__Service__Performance__Pct":83.3333333333333,"Location":"AB"},{"Period":"2013-M03","Cust__Service__Performance__Pct":76.4705882352941,"Location":"SK"},{"Period":"2013-M04","Cust__Service__Performance__Pct":94.1176470588235,"Location":"BC"},{"Period":"2013-M04","Cust__Service__Performance__Pct":100,"Location":"MB"},{"Period":"2013-M04","Cust__Service__Performance__Pct":100,"Location":"AB"},{"Period":"2013-M04","Cust__Service__Performance__Pct":94.4444444444444,"Location":"SK"},{"Period":"2013-M05","Cust__Service__Performance__Pct":80.9523809523809,"Location":"BC"},{"Period":"2013-M05","Cust__Service__Performance__Pct":95.6521739130435,"Location":"MB"},{"Period":"2013-M05","Cust__Service__Performance__Pct":90.9090909090909,"Location":"AB"},{"Period":"2013-M05","Cust__Service__Performance__Pct":90.4761904761905,"Location":"SK"},{"Period":"2013-M06","Cust__Service__Performance__Pct":94.4444444444444,"Location":"BC"},{"Period":"2013-M06","Cust__Service__Performance__Pct":88.8888888888889,"Location":"MB"},{"Period":"2013-M06","Cust__Service__Performance__Pct":88.2352941176471,"Location":"AB"},{"Period":"2013-M06","Cust__Service__Performance__Pct":88.2352941176471,"Location":"SK"},{"Period":"2013-M07","Cust__Service__Performance__Pct":88.2352941176471,"Location":"BC"},{"Period":"2013-M07","Cust__Service__Performance__Pct":88.2352941176471,"Location":"MB"},{"Period":"2013-M07","Cust__Service__Performance__Pct":100,"Location":"AB"},{"Period":"2013-M07","Cust__Service__Performance__Pct":88.2352941176471,"Location":"SK"},{"Period":"2013-M08","Cust__Service__Performance__Pct":95.2380952380952,"Location":"BC"},{"Period":"2013-M08","Cust__Service__Performance__Pct":80.9523809523809,"Location":"MB"},{"Period":"2013-M08","Cust__Service__Performance__Pct":86.9565217391304,"Location":"AB"},{"Period":"2013-M08","Cust__Service__Performance__Pct":82.6086956521739,"Location":"SK"},{"Period":"2013-M09","Cust__Service__Performance__Pct":94.4444444444444,"Location":"BC"},{"Period":"2013-M09","Cust__Service__Performance__Pct":83.3333333333333,"Location":"MB"},{"Period":"2013-M09","Cust__Service__Performance__Pct":94.1176470588235,"Location":"AB"},{"Period":"2013-M09","Cust__Service__Performance__Pct":76.4705882352941,"Location":"SK"},{"Period":"2013-M10","Cust__Service__Performance__Pct":82.3529411764706,"Location":"BC"},{"Period":"2013-M10","Cust__Service__Performance__Pct":82.3529411764706,"Location":"MB"},{"Period":"2013-M10","Cust__Service__Performance__Pct":82.3529411764706,"Location":"AB"},{"Period":"2013-M10","Cust__Service__Performance__Pct":94.4444444444444,"Location":"SK"},{"Period":"2013-M11","Cust__Service__Performance__Pct":90.4761904761905,"Location":"BC"},{"Period":"2013-M11","Cust__Service__Performance__Pct":90.4761904761905,"Location":"MB"},{"Period":"2013-M11","Cust__Service__Performance__Pct":87.5,"Location":"AB"},{"Period":"2013-M11","Cust__Service__Performance__Pct":91.304347826087,"Location":"SK"},{"Period":"2013-M12","Cust__Service__Performance__Pct":82.3529411764706,"Location":"BC"},{"Period":"2013-M12","Cust__Service__Performance__Pct":94.4444444444444,"Location":"MB"},{"Period":"2013-M12","Cust__Service__Performance__Pct":88.2352941176471,"Location":"AB"},{"Period":"2013-M12","Cust__Service__Performance__Pct":82.3529411764706,"Location":"SK"}],"Prior_Orders_Filled_Year":[{"Prior__Orders__Filled":1054018}],"Cust_Service_Trend_Pct_Year_Region":[{"Cust__Service__Trend__Pct":88.4057971014493,"Period":"2013-M01"},{"Cust__Service__Trend__Pct":89.5348837209302,"Period":"2013-M02"},{"Cust__Service__Trend__Pct":85.7142857142857,"Period":"2013-M03"},{"Cust__Service__Trend__Pct":97.1014492753623,"Period":"2013-M04"},{"Cust__Service__Trend__Pct":89.6551724137931,"Period":"2013-M05"},{"Cust__Service__Trend__Pct":90,"Period":"2013-M06"},{"Cust__Service__Trend__Pct":91.1764705882353,"Period":"2013-M07"},{"Cust__Service__Trend__Pct":86.3636363636364,"Period":"2013-M08"},{"Cust__Service__Trend__Pct":87.1428571428571,"Period":"2013-M09"},{"Cust__Service__Trend__Pct":85.5072463768116,"Period":"2013-M10"},{"Cust__Service__Trend__Pct":89.8876404494382,"Period":"2013-M11"},{"Cust__Service__Trend__Pct":86.9565217391304,"Period":"2013-M12"}],"Orders_Filled":[{"Orders__Filled":1043206}],"Avg_Cust_Service_Performance_Pct":[{"Avg__Cust__Service__Performance__Pct":88.9380530973451}],"Loads_Delivered":[{"Loads__Delivered":904}],"Prior_Avg_Cust_Service_Performance_Pct_Year":[{"Prior__Avg__Cust__Service__Performance__Pct":89.2741061755146}],"Customers_Served":[{"Customers__Served":18}],"Cust_Service_Performance_Target_Pct_Year":[{"Cust__Service__Performance__Target__Pct":91.25}]}],"type":"J"}