{"message":"","count":0,"status":0,"data":[{"Cust_Service_Performance_Pct_Quarter_Region":[{"Period":"2013-W27","Cust__Service__Performance__Pct":75,"Location":"QC"},{"Period":"2013-W28","Cust__Service__Performance__Pct":100,"Location":"QC"},{"Period":"2013-W29","Cust__Service__Performance__Pct":100,"Location":"QC"},{"Period":"2013-W30","Cust__Service__Performance__Pct":66.6666666666667,"Location":"QC"},{"Period":"2013-W31","Cust__Service__Performance__Pct":33.3333333333333,"Location":"QC"},{"Period":"2013-W32","Cust__Service__Performance__Pct":100,"Location":"QC"},{"Period":"2013-W33","Cust__Service__Performance__Pct":75,"Location":"QC"},{"Period":"2013-W34","Cust__Service__Performance__Pct":100,"Location":"QC"},{"Period":"2013-W35","Cust__Service__Performance__Pct":75,"Location":"QC"},{"Period":"2013-W36","Cust__Service__Performance__Pct":100,"Location":"QC"},{"Period":"2013-W37","Cust__Service__Performance__Pct":50,"Location":"QC"},{"Period":"2013-W38","Cust__Service__Performance__Pct":83.3333333333333,"Location":"QC"},{"Period":"2013-W39","Cust__Service__Performance__Pct":75,"Location":"QC"}],"Orders_Filled":[{"Orders__Filled":65762}],"Prior_Avg_Cust_Service_Performance_Pct_Quarter":[{"Prior__Avg__Cust__Service__Performance__Pct":89.4736842105263}],"Avg_Cust_Service_Performance_Pct":[{"Avg__Cust__Service__Performance__Pct":80.3571428571429}],"Cust_Service_Trend_Pct_Quarter_Region":[{"Cust__Service__Trend__Pct":75,"Period":"2013-W27"},{"Cust__Service__Trend__Pct":100,"Period":"2013-W28"},{"Cust__Service__Trend__Pct":100,"Period":"2013-W29"},{"Cust__Service__Trend__Pct":66.6666666666667,"Period":"2013-W30"},{"Cust__Service__Trend__Pct":33.3333333333333,"Period":"2013-W31"},{"Cust__Service__Trend__Pct":100,"Period":"2013-W32"},{"Cust__Service__Trend__Pct":75,"Period":"2013-W33"},{"Cust__Service__Trend__Pct":100,"Period":"2013-W34"},{"Cust__Service__Trend__Pct":75,"Period":"2013-W35"},{"Cust__Service__Trend__Pct":100,"Period":"2013-W36"},{"Cust__Service__Trend__Pct":50,"Period":"2013-W37"},{"Cust__Service__Trend__Pct":83.3333333333333,"Period":"2013-W38"},{"Cust__Service__Trend__Pct":75,"Period":"2013-W39"}],"Loads_Delivered":[{"Loads__Delivered":56}],"Prior_Orders_Filled_Quarter":[{"Prior__Orders__Filled":62579}],"Customers_Served":[{"Customers__Served":18}],"Cust_Service_Performance_Target_Pct_Quarter":[{"Cust__Service__Performance__Target__Pct":92}]}],"type":"J"}