{"message":"","count":0,"status":0,"data":[{"Cust_Service_Performance_Pct_Quarter_Region":[{"Period":"2013-W40","Cust__Service__Performance__Pct":100,"Location":"IL"},{"Period":"2013-W40","Cust__Service__Performance__Pct":100,"Location":"MN"},{"Period":"2013-W40","Cust__Service__Performance__Pct":100,"Location":"WI"},{"Period":"2013-W40","Cust__Service__Performance__Pct":100,"Location":"OH"},{"Period":"2013-W41","Cust__Service__Performance__Pct":100,"Location":"IL"},{"Period":"2013-W41","Cust__Service__Performance__Pct":83.3333333333333,"Location":"MN"},{"Period":"2013-W41","Cust__Service__Performance__Pct":75,"Location":"WI"},{"Period":"2013-W41","Cust__Service__Performance__Pct":50,"Location":"OH"},{"Period":"2013-W42","Cust__Service__Performance__Pct":100,"Location":"IL"},{"Period":"2013-W42","Cust__Service__Performance__Pct":100,"Location":"MN"},{"Period":"2013-W42","Cust__Service__Performance__Pct":100,"Location":"WI"},{"Period":"2013-W42","Cust__Service__Performance__Pct":100,"Location":"OH"},{"Period":"2013-W43","Cust__Service__Performance__Pct":75,"Location":"IL"},{"Period":"2013-W43","Cust__Service__Performance__Pct":66.6666666666667,"Location":"MN"},{"Period":"2013-W43","Cust__Service__Performance__Pct":83.3333333333333,"Location":"WI"},{"Period":"2013-W43","Cust__Service__Performance__Pct":100,"Location":"OH"},{"Period":"2013-W44","Cust__Service__Performance__Pct":100,"Location":"IL"},{"Period":"2013-W44","Cust__Service__Performance__Pct":100,"Location":"MN"},{"Period":"2013-W44","Cust__Service__Performance__Pct":100,"Location":"WI"},{"Period":"2013-W44","Cust__Service__Performance__Pct":83.3333333333333,"Location":"OH"},{"Period":"2013-W45","Cust__Service__Performance__Pct":100,"Location":"IL"},{"Period":"2013-W45","Cust__Service__Performance__Pct":100,"Location":"MN"},{"Period":"2013-W45","Cust__Service__Performance__Pct":100,"Location":"WI"},{"Period":"2013-W45","Cust__Service__Performance__Pct":100,"Location":"OH"},{"Period":"2013-W46","Cust__Service__Performance__Pct":100,"Location":"IL"},{"Period":"2013-W46","Cust__Service__Performance__Pct":60,"Location":"MN"},{"Period":"2013-W46","Cust__Service__Performance__Pct":100,"Location":"WI"},{"Period":"2013-W46","Cust__Service__Performance__Pct":75,"Location":"OH"},{"Period":"2013-W47","Cust__Service__Performance__Pct":75,"Location":"IL"},{"Period":"2013-W47","Cust__Service__Performance__Pct":100,"Location":"MN"},{"Period":"2013-W47","Cust__Service__Performance__Pct":66.6666666666667,"Location":"WI"},{"Period":"2013-W47","Cust__Service__Performance__Pct":100,"Location":"OH"},{"Period":"2013-W48","Cust__Service__Performance__Pct":50,"Location":"IL"},{"Period":"2013-W48","Cust__Service__Performance__Pct":100,"Location":"MN"},{"Period":"2013-W48","Cust__Service__Performance__Pct":33.3333333333333,"Location":"WI"},{"Period":"2013-W48","Cust__Service__Performance__Pct":83.3333333333333,"Location":"OH"},{"Period":"2013-W49","Cust__Service__Performance__Pct":100,"Location":"IL"},{"Period":"2013-W49","Cust__Service__Performance__Pct":100,"Location":"MN"},{"Period":"2013-W49","Cust__Service__Performance__Pct":50,"Location":"WI"},{"Period":"2013-W49","Cust__Service__Performance__Pct":100,"Location":"OH"},{"Period":"2013-W50","Cust__Service__Performance__Pct":100,"Location":"IL"},{"Period":"2013-W50","Cust__Service__Performance__Pct":100,"Location":"MN"},{"Period":"2013-W50","Cust__Service__Performance__Pct":100,"Location":"WI"},{"Period":"2013-W50","Cust__Service__Performance__Pct":100,"Location":"OH"},{"Period":"2013-W51","Cust__Service__Performance__Pct":66.6666666666667,"Location":"IL"},{"Period":"2013-W51","Cust__Service__Performance__Pct":100,"Location":"MN"},{"Period":"2013-W51","Cust__Service__Performance__Pct":100,"Location":"WI"},{"Period":"2013-W51","Cust__Service__Performance__Pct":100,"Location":"OH"},{"Period":"2013-W52","Cust__Service__Performance__Pct":100,"Location":"IL"},{"Period":"2013-W52","Cust__Service__Performance__Pct":75,"Location":"MN"},{"Period":"2013-W52","Cust__Service__Performance__Pct":100,"Location":"WI"},{"Period":"2013-W52","Cust__Service__Performance__Pct":66.6666666666667,"Location":"OH"}],"Orders_Filled":[{"Orders__Filled":263302}],"Prior_Avg_Cust_Service_Performance_Pct_Quarter":[{"Prior__Avg__Cust__Service__Performance__Pct":89.9122807017544}],"Avg_Cust_Service_Performance_Pct":[{"Avg__Cust__Service__Performance__Pct":88.4955752212389}],"Cust_Service_Trend_Pct_Quarter_Region":[{"Cust__Service__Trend__Pct":100,"Period":"2013-W40"},{"Cust__Service__Trend__Pct":76.4705882352941,"Period":"2013-W41"},{"Cust__Service__Trend__Pct":100,"Period":"2013-W42"},{"Cust__Service__Trend__Pct":82.3529411764706,"Period":"2013-W43"},{"Cust__Service__Trend__Pct":94.7368421052632,"Period":"2013-W44"},{"Cust__Service__Trend__Pct":100,"Period":"2013-W45"},{"Cust__Service__Trend__Pct":82.3529411764706,"Period":"2013-W46"},{"Cust__Service__Trend__Pct":82.3529411764706,"Period":"2013-W47"},{"Cust__Service__Trend__Pct":66.6666666666667,"Period":"2013-W48"},{"Cust__Service__Trend__Pct":88.8888888888889,"Period":"2013-W49"},{"Cust__Service__Trend__Pct":100,"Period":"2013-W50"},{"Cust__Service__Trend__Pct":93.3333333333333,"Period":"2013-W51"},{"Cust__Service__Trend__Pct":85,"Period":"2013-W52"}],"Loads_Delivered":[{"Loads__Delivered":226}],"Prior_Orders_Filled_Quarter":[{"Prior__Orders__Filled":266364}],"Customers_Served":[{"Customers__Served":18}],"Cust_Service_Performance_Target_Pct_Quarter":[{"Cust__Service__Performance__Target__Pct":92}]}],"type":"J"}