{"message":"","count":0,"status":0,"data":[{"Cust_Service_Performance_Pct_Quarter_Region":[{"Period":"2013-W27","Cust__Service__Performance__Pct":100,"Location":"NU"},{"Period":"2013-W27","Cust__Service__Performance__Pct":83.3333333333333,"Location":"YT"},{"Period":"2013-W27","Cust__Service__Performance__Pct":100,"Location":"NT"},{"Period":"2013-W28","Cust__Service__Performance__Pct":100,"Location":"NU"},{"Period":"2013-W28","Cust__Service__Performance__Pct":100,"Location":"YT"},{"Period":"2013-W28","Cust__Service__Performance__Pct":83.3333333333333,"Location":"NT"},{"Period":"2013-W29","Cust__Service__Performance__Pct":100,"Location":"NU"},{"Period":"2013-W29","Cust__Service__Performance__Pct":100,"Location":"YT"},{"Period":"2013-W29","Cust__Service__Performance__Pct":100,"Location":"NT"},{"Period":"2013-W30","Cust__Service__Performance__Pct":83.3333333333333,"Location":"NU"},{"Period":"2013-W30","Cust__Service__Performance__Pct":100,"Location":"YT"},{"Period":"2013-W30","Cust__Service__Performance__Pct":66.6666666666667,"Location":"NT"},{"Period":"2013-W31","Cust__Service__Performance__Pct":100,"Location":"NU"},{"Period":"2013-W31","Cust__Service__Performance__Pct":100,"Location":"YT"},{"Period":"2013-W31","Cust__Service__Performance__Pct":66.6666666666667,"Location":"NT"},{"Period":"2013-W32","Cust__Service__Performance__Pct":100,"Location":"NU"},{"Period":"2013-W32","Cust__Service__Performance__Pct":100,"Location":"YT"},{"Period":"2013-W32","Cust__Service__Performance__Pct":83.3333333333333,"Location":"NT"},{"Period":"2013-W33","Cust__Service__Performance__Pct":100,"Location":"NU"},{"Period":"2013-W33","Cust__Service__Performance__Pct":75,"Location":"YT"},{"Period":"2013-W33","Cust__Service__Performance__Pct":100,"Location":"NT"},{"Period":"2013-W34","Cust__Service__Performance__Pct":66.6666666666667,"Location":"NU"},{"Period":"2013-W34","Cust__Service__Performance__Pct":66.6666666666667,"Location":"YT"},{"Period":"2013-W34","Cust__Service__Performance__Pct":50,"Location":"NT"},{"Period":"2013-W35","Cust__Service__Performance__Pct":100,"Location":"NU"},{"Period":"2013-W35","Cust__Service__Performance__Pct":100,"Location":"YT"},{"Period":"2013-W35","Cust__Service__Performance__Pct":100,"Location":"NT"},{"Period":"2013-W36","Cust__Service__Performance__Pct":100,"Location":"NU"},{"Period":"2013-W36","Cust__Service__Performance__Pct":80,"Location":"YT"},{"Period":"2013-W36","Cust__Service__Performance__Pct":100,"Location":"NT"},{"Period":"2013-W37","Cust__Service__Performance__Pct":100,"Location":"NU"},{"Period":"2013-W37","Cust__Service__Performance__Pct":66.6666666666667,"Location":"YT"},{"Period":"2013-W37","Cust__Service__Performance__Pct":83.3333333333333,"Location":"NT"},{"Period":"2013-W38","Cust__Service__Performance__Pct":83.3333333333333,"Location":"NU"},{"Period":"2013-W38","Cust__Service__Performance__Pct":100,"Location":"YT"},{"Period":"2013-W38","Cust__Service__Performance__Pct":100,"Location":"NT"},{"Period":"2013-W39","Cust__Service__Performance__Pct":75,"Location":"NU"},{"Period":"2013-W39","Cust__Service__Performance__Pct":100,"Location":"YT"},{"Period":"2013-W39","Cust__Service__Performance__Pct":100,"Location":"NT"}],"Orders_Filled":[{"Orders__Filled":198672}],"Prior_Avg_Cust_Service_Performance_Pct_Quarter":[{"Prior__Avg__Cust__Service__Performance__Pct":85.2941176470588}],"Avg_Cust_Service_Performance_Pct":[{"Avg__Cust__Service__Performance__Pct":89.9408284023669}],"Cust_Service_Trend_Pct_Quarter_Region":[{"Cust__Service__Trend__Pct":91.6666666666667,"Period":"2013-W27"},{"Cust__Service__Trend__Pct":92.8571428571429,"Period":"2013-W28"},{"Cust__Service__Trend__Pct":100,"Period":"2013-W29"},{"Cust__Service__Trend__Pct":84.6153846153846,"Period":"2013-W30"},{"Cust__Service__Trend__Pct":92.3076923076923,"Period":"2013-W31"},{"Cust__Service__Trend__Pct":92.3076923076923,"Period":"2013-W32"},{"Cust__Service__Trend__Pct":92.8571428571429,"Period":"2013-W33"},{"Cust__Service__Trend__Pct":61.5384615384615,"Period":"2013-W34"},{"Cust__Service__Trend__Pct":100,"Period":"2013-W35"},{"Cust__Service__Trend__Pct":92.8571428571429,"Period":"2013-W36"},{"Cust__Service__Trend__Pct":84.6153846153846,"Period":"2013-W37"},{"Cust__Service__Trend__Pct":91.6666666666667,"Period":"2013-W38"},{"Cust__Service__Trend__Pct":92.8571428571429,"Period":"2013-W39"}],"Loads_Delivered":[{"Loads__Delivered":169}],"Prior_Orders_Filled_Quarter":[{"Prior__Orders__Filled":205361}],"Customers_Served":[{"Customers__Served":18}],"Cust_Service_Performance_Target_Pct_Quarter":[{"Cust__Service__Performance__Target__Pct":92}]}],"type":"J"}