{"message":"","count":0,"status":0,"data":[{"Cust_Service_Performance_Pct_Week_Country":[{"Period":"2014-01-12","Cust__Service__Performance__Pct":100,"Location":"Central"},{"Period":"2014-01-12","Cust__Service__Performance__Pct":100,"Location":"Northern"},{"Period":"2014-01-12","Cust__Service__Performance__Pct":100,"Location":"West"},{"Period":"2014-01-12","Cust__Service__Performance__Pct":100,"Location":"South"},{"Period":"2014-01-12","Cust__Service__Performance__Pct":66.6666666666667,"Location":"East"},{"Period":"2014-01-13","Cust__Service__Performance__Pct":100,"Location":"Central"},{"Period":"2014-01-13","Cust__Service__Performance__Pct":100,"Location":"Northern"},{"Period":"2014-01-13","Cust__Service__Performance__Pct":100,"Location":"West"},{"Period":"2014-01-13","Cust__Service__Performance__Pct":100,"Location":"South"},{"Period":"2014-01-13","Cust__Service__Performance__Pct":100,"Location":"East"},{"Period":"2014-01-14","Cust__Service__Performance__Pct":66.6666666666667,"Location":"Central"},{"Period":"2014-01-14","Cust__Service__Performance__Pct":66.6666666666667,"Location":"Northern"},{"Period":"2014-01-14","Cust__Service__Performance__Pct":100,"Location":"West"},{"Period":"2014-01-14","Cust__Service__Performance__Pct":100,"Location":"South"},{"Period":"2014-01-14","Cust__Service__Performance__Pct":100,"Location":"East"},{"Period":"2014-01-15","Cust__Service__Performance__Pct":100,"Location":"Central"},{"Period":"2014-01-15","Cust__Service__Performance__Pct":100,"Location":"Northern"},{"Period":"2014-01-15","Cust__Service__Performance__Pct":100,"Location":"West"},{"Period":"2014-01-15","Cust__Service__Performance__Pct":100,"Location":"South"},{"Period":"2014-01-15","Cust__Service__Performance__Pct":100,"Location":"East"},{"Period":"2014-01-16","Cust__Service__Performance__Pct":100,"Location":"Central"},{"Period":"2014-01-16","Cust__Service__Performance__Pct":100,"Location":"Northern"},{"Period":"2014-01-16","Cust__Service__Performance__Pct":100,"Location":"West"},{"Period":"2014-01-16","Cust__Service__Performance__Pct":100,"Location":"South"},{"Period":"2014-01-16","Cust__Service__Performance__Pct":66.6666666666667,"Location":"East"},{"Period":"2014-01-17","Cust__Service__Performance__Pct":100,"Location":"Central"},{"Period":"2014-01-17","Cust__Service__Performance__Pct":100,"Location":"Northern"},{"Period":"2014-01-17","Cust__Service__Performance__Pct":100,"Location":"West"},{"Period":"2014-01-17","Cust__Service__Performance__Pct":66.6666666666667,"Location":"South"},{"Period":"2014-01-17","Cust__Service__Performance__Pct":0,"Location":"East"},{"Period":"2014-01-18","Cust__Service__Performance__Pct":100,"Location":"Central"},{"Period":"2014-01-18","Cust__Service__Performance__Pct":66.6666666666667,"Location":"Northern"},{"Period":"2014-01-18","Cust__Service__Performance__Pct":100,"Location":"West"},{"Period":"2014-01-18","Cust__Service__Performance__Pct":100,"Location":"South"},{"Period":"2014-01-18","Cust__Service__Performance__Pct":100,"Location":"East"}],"Orders_Filled":[{"Orders__Filled":113330}],"Avg_Cust_Service_Performance_Pct":[{"Avg__Cust__Service__Performance__Pct":92.3913043478261}],"Prior_Avg_Cust_Service_Performance_Pct_Week":[{"Prior__Avg__Cust__Service__Performance__Pct":82.7956989247312}],"Prior_Orders_Filled_Week":[{"Prior__Orders__Filled":102798}],"Cust_Service_Trend_Pct_Week_Country":[{"Cust__Service__Trend__Pct":92.8571428571429,"Period":"2014-01-12"},{"Cust__Service__Trend__Pct":100,"Period":"2014-01-13"},{"Cust__Service__Trend__Pct":84.6153846153846,"Period":"2014-01-14"},{"Cust__Service__Trend__Pct":100,"Period":"2014-01-15"},{"Cust__Service__Trend__Pct":92.8571428571429,"Period":"2014-01-16"},{"Cust__Service__Trend__Pct":84.6153846153846,"Period":"2014-01-17"},{"Cust__Service__Trend__Pct":92.8571428571429,"Period":"2014-01-18"}],"Loads_Delivered":[{"Loads__Delivered":92}],"Cust_Service_Performance_Target_Pct_Week":[{"Cust__Service__Performance__Target__Pct":92}],"Customers_Served":[{"Customers__Served":18}]}],"type":"J"}