{"message":"","count":0,"status":0,"data":[{"Cust_Service_Performance_Pct_Year_Region":[{"Period":"2013-M01","Cust__Service__Performance__Pct":82.3529411764706,"Location":"CH"},{"Period":"2013-M01","Cust__Service__Performance__Pct":94.1176470588235,"Location":"BS"},{"Period":"2013-M01","Cust__Service__Performance__Pct":88.8888888888889,"Location":"BN"},{"Period":"2013-M01","Cust__Service__Performance__Pct":100,"Location":"DU"},{"Period":"2013-M02","Cust__Service__Performance__Pct":80.9523809523809,"Location":"CH"},{"Period":"2013-M02","Cust__Service__Performance__Pct":95.6521739130435,"Location":"BS"},{"Period":"2013-M02","Cust__Service__Performance__Pct":100,"Location":"BN"},{"Period":"2013-M02","Cust__Service__Performance__Pct":80.9523809523809,"Location":"DU"},{"Period":"2013-M03","Cust__Service__Performance__Pct":100,"Location":"CH"},{"Period":"2013-M03","Cust__Service__Performance__Pct":88.2352941176471,"Location":"BS"},{"Period":"2013-M03","Cust__Service__Performance__Pct":82.3529411764706,"Location":"BN"},{"Period":"2013-M03","Cust__Service__Performance__Pct":88.8888888888889,"Location":"DU"},{"Period":"2013-M04","Cust__Service__Performance__Pct":88.2352941176471,"Location":"CH"},{"Period":"2013-M04","Cust__Service__Performance__Pct":64.7058823529412,"Location":"BS"},{"Period":"2013-M04","Cust__Service__Performance__Pct":100,"Location":"BN"},{"Period":"2013-M04","Cust__Service__Performance__Pct":100,"Location":"DU"},{"Period":"2013-M05","Cust__Service__Performance__Pct":95.2380952380952,"Location":"CH"},{"Period":"2013-M05","Cust__Service__Performance__Pct":91.6666666666667,"Location":"BS"},{"Period":"2013-M05","Cust__Service__Performance__Pct":95.2380952380952,"Location":"BN"},{"Period":"2013-M05","Cust__Service__Performance__Pct":85.7142857142857,"Location":"DU"},{"Period":"2013-M06","Cust__Service__Performance__Pct":88.2352941176471,"Location":"CH"},{"Period":"2013-M06","Cust__Service__Performance__Pct":94.1176470588235,"Location":"BS"},{"Period":"2013-M06","Cust__Service__Performance__Pct":82.3529411764706,"Location":"BN"},{"Period":"2013-M06","Cust__Service__Performance__Pct":83.3333333333333,"Location":"DU"},{"Period":"2013-M07","Cust__Service__Performance__Pct":88.8888888888889,"Location":"CH"},{"Period":"2013-M07","Cust__Service__Performance__Pct":100,"Location":"BS"},{"Period":"2013-M07","Cust__Service__Performance__Pct":83.3333333333333,"Location":"BN"},{"Period":"2013-M07","Cust__Service__Performance__Pct":88.2352941176471,"Location":"DU"},{"Period":"2013-M08","Cust__Service__Performance__Pct":100,"Location":"CH"},{"Period":"2013-M08","Cust__Service__Performance__Pct":90.9090909090909,"Location":"BS"},{"Period":"2013-M08","Cust__Service__Performance__Pct":90.4761904761905,"Location":"BN"},{"Period":"2013-M08","Cust__Service__Performance__Pct":95.2380952380952,"Location":"DU"},{"Period":"2013-M09","Cust__Service__Performance__Pct":100,"Location":"CH"},{"Period":"2013-M09","Cust__Service__Performance__Pct":88.2352941176471,"Location":"BS"},{"Period":"2013-M09","Cust__Service__Performance__Pct":76.4705882352941,"Location":"BN"},{"Period":"2013-M09","Cust__Service__Performance__Pct":94.4444444444444,"Location":"DU"},{"Period":"2013-M10","Cust__Service__Performance__Pct":76.4705882352941,"Location":"CH"},{"Period":"2013-M10","Cust__Service__Performance__Pct":83.3333333333333,"Location":"BS"},{"Period":"2013-M10","Cust__Service__Performance__Pct":88.8888888888889,"Location":"BN"},{"Period":"2013-M10","Cust__Service__Performance__Pct":82.3529411764706,"Location":"DU"},{"Period":"2013-M11","Cust__Service__Performance__Pct":95.6521739130435,"Location":"CH"},{"Period":"2013-M11","Cust__Service__Performance__Pct":90.4761904761905,"Location":"BS"},{"Period":"2013-M11","Cust__Service__Performance__Pct":95,"Location":"BN"},{"Period":"2013-M11","Cust__Service__Performance__Pct":85.7142857142857,"Location":"DU"},{"Period":"2013-M12","Cust__Service__Performance__Pct":82.3529411764706,"Location":"CH"},{"Period":"2013-M12","Cust__Service__Performance__Pct":82.3529411764706,"Location":"BS"},{"Period":"2013-M12","Cust__Service__Performance__Pct":88.8888888888889,"Location":"BN"},{"Period":"2013-M12","Cust__Service__Performance__Pct":77.7777777777778,"Location":"DU"}],"Prior_Orders_Filled_Year":[{"Prior__Orders__Filled":1077860}],"Cust_Service_Trend_Pct_Year_Region":[{"Cust__Service__Trend__Pct":91.304347826087,"Period":"2013-M01"},{"Cust__Service__Trend__Pct":89.5348837209302,"Period":"2013-M02"},{"Cust__Service__Trend__Pct":90,"Period":"2013-M03"},{"Cust__Service__Trend__Pct":88.4057971014493,"Period":"2013-M04"},{"Cust__Service__Trend__Pct":91.9540229885057,"Period":"2013-M05"},{"Cust__Service__Trend__Pct":86.9565217391304,"Period":"2013-M06"},{"Cust__Service__Trend__Pct":90,"Period":"2013-M07"},{"Cust__Service__Trend__Pct":94.1860465116279,"Period":"2013-M08"},{"Cust__Service__Trend__Pct":90,"Period":"2013-M09"},{"Cust__Service__Trend__Pct":82.8571428571429,"Period":"2013-M10"},{"Cust__Service__Trend__Pct":91.7647058823529,"Period":"2013-M11"},{"Cust__Service__Trend__Pct":82.8571428571429,"Period":"2013-M12"}],"Orders_Filled":[{"Orders__Filled":1032564}],"Avg_Cust_Service_Performance_Pct":[{"Avg__Cust__Service__Performance__Pct":89.3451720310766}],"Loads_Delivered":[{"Loads__Delivered":901}],"Prior_Avg_Cust_Service_Performance_Pct_Year":[{"Prior__Avg__Cust__Service__Performance__Pct":89.1540130151844}],"Customers_Served":[{"Customers__Served":18}],"Cust_Service_Performance_Target_Pct_Year":[{"Cust__Service__Performance__Target__Pct":91.25}]}],"type":"J"}