{"message":"","count":0,"status":0,"data":[{"Cust_Service_Performance_Pct_Quarter_Region":[{"Period":"2013-W27","Cust__Service__Performance__Pct":83.3333333333333,"Location":"HI"},{"Period":"2013-W27","Cust__Service__Performance__Pct":100,"Location":"VE"},{"Period":"2013-W27","Cust__Service__Performance__Pct":100,"Location":"PU"},{"Period":"2013-W28","Cust__Service__Performance__Pct":66.6666666666667,"Location":"HI"},{"Period":"2013-W28","Cust__Service__Performance__Pct":100,"Location":"VE"},{"Period":"2013-W28","Cust__Service__Performance__Pct":100,"Location":"PU"},{"Period":"2013-W29","Cust__Service__Performance__Pct":50,"Location":"HI"},{"Period":"2013-W29","Cust__Service__Performance__Pct":83.3333333333333,"Location":"VE"},{"Period":"2013-W29","Cust__Service__Performance__Pct":75,"Location":"PU"},{"Period":"2013-W30","Cust__Service__Performance__Pct":50,"Location":"HI"},{"Period":"2013-W30","Cust__Service__Performance__Pct":80,"Location":"VE"},{"Period":"2013-W30","Cust__Service__Performance__Pct":100,"Location":"PU"},{"Period":"2013-W31","Cust__Service__Performance__Pct":83.3333333333333,"Location":"HI"},{"Period":"2013-W31","Cust__Service__Performance__Pct":50,"Location":"VE"},{"Period":"2013-W31","Cust__Service__Performance__Pct":50,"Location":"PU"},{"Period":"2013-W32","Cust__Service__Performance__Pct":75,"Location":"HI"},{"Period":"2013-W32","Cust__Service__Performance__Pct":66.6666666666667,"Location":"VE"},{"Period":"2013-W32","Cust__Service__Performance__Pct":83.3333333333333,"Location":"PU"},{"Period":"2013-W33","Cust__Service__Performance__Pct":100,"Location":"HI"},{"Period":"2013-W33","Cust__Service__Performance__Pct":80,"Location":"VE"},{"Period":"2013-W33","Cust__Service__Performance__Pct":75,"Location":"PU"},{"Period":"2013-W34","Cust__Service__Performance__Pct":80,"Location":"HI"},{"Period":"2013-W34","Cust__Service__Performance__Pct":83.3333333333333,"Location":"VE"},{"Period":"2013-W34","Cust__Service__Performance__Pct":100,"Location":"PU"},{"Period":"2013-W35","Cust__Service__Performance__Pct":83.3333333333333,"Location":"HI"},{"Period":"2013-W35","Cust__Service__Performance__Pct":100,"Location":"VE"},{"Period":"2013-W35","Cust__Service__Performance__Pct":100,"Location":"PU"},{"Period":"2013-W36","Cust__Service__Performance__Pct":100,"Location":"HI"},{"Period":"2013-W36","Cust__Service__Performance__Pct":100,"Location":"VE"},{"Period":"2013-W36","Cust__Service__Performance__Pct":100,"Location":"PU"},{"Period":"2013-W37","Cust__Service__Performance__Pct":100,"Location":"HI"},{"Period":"2013-W37","Cust__Service__Performance__Pct":100,"Location":"VE"},{"Period":"2013-W37","Cust__Service__Performance__Pct":100,"Location":"PU"},{"Period":"2013-W38","Cust__Service__Performance__Pct":100,"Location":"HI"},{"Period":"2013-W38","Cust__Service__Performance__Pct":83.3333333333333,"Location":"VE"},{"Period":"2013-W38","Cust__Service__Performance__Pct":66.6666666666667,"Location":"PU"},{"Period":"2013-W39","Cust__Service__Performance__Pct":100,"Location":"HI"},{"Period":"2013-W39","Cust__Service__Performance__Pct":75,"Location":"VE"},{"Period":"2013-W39","Cust__Service__Performance__Pct":100,"Location":"PU"}],"Orders_Filled":[{"Orders__Filled":197338}],"Prior_Avg_Cust_Service_Performance_Pct_Quarter":[{"Prior__Avg__Cust__Service__Performance__Pct":89.3491124260355}],"Avg_Cust_Service_Performance_Pct":[{"Avg__Cust__Service__Performance__Pct":85.207100591716}],"Cust_Service_Trend_Pct_Quarter_Region":[{"Cust__Service__Trend__Pct":92.3076923076923,"Period":"2013-W27"},{"Cust__Service__Trend__Pct":91.6666666666667,"Period":"2013-W28"},{"Cust__Service__Trend__Pct":71.4285714285714,"Period":"2013-W29"},{"Cust__Service__Trend__Pct":75,"Period":"2013-W30"},{"Cust__Service__Trend__Pct":64.2857142857143,"Period":"2013-W31"},{"Cust__Service__Trend__Pct":76.9230769230769,"Period":"2013-W32"},{"Cust__Service__Trend__Pct":83.3333333333333,"Period":"2013-W33"},{"Cust__Service__Trend__Pct":86.6666666666667,"Period":"2013-W34"},{"Cust__Service__Trend__Pct":91.6666666666667,"Period":"2013-W35"},{"Cust__Service__Trend__Pct":100,"Period":"2013-W36"},{"Cust__Service__Trend__Pct":100,"Period":"2013-W37"},{"Cust__Service__Trend__Pct":84.6153846153846,"Period":"2013-W38"},{"Cust__Service__Trend__Pct":92.3076923076923,"Period":"2013-W39"}],"Loads_Delivered":[{"Loads__Delivered":169}],"Prior_Orders_Filled_Quarter":[{"Prior__Orders__Filled":193693}],"Customers_Served":[{"Customers__Served":18}],"Cust_Service_Performance_Target_Pct_Quarter":[{"Cust__Service__Performance__Target__Pct":92}]}],"type":"J"}