{"message":"","count":0,"status":0,"data":[{"Orders_Filled":[{"Orders__Filled":1133652}],"Prior_Avg_Cust_Service_Performance_Pct_Quarter":[{"Prior__Avg__Cust__Service__Performance__Pct":89.6659707724426}],"Avg_Cust_Service_Performance_Pct":[{"Avg__Cust__Service__Performance__Pct":89.2819979188345}],"Loads_Delivered":[{"Loads__Delivered":961}],"Cust_Service_Performance_Pct_Quarter_Country":[{"Period":"2013-W27","Cust__Service__Performance__Pct":85.7142857142857,"Location":"West"},{"Period":"2013-W27","Cust__Service__Performance__Pct":95.4545454545455,"Location":"Northeast"},{"Period":"2013-W27","Cust__Service__Performance__Pct":83.3333333333333,"Location":"Midwest"},{"Period":"2013-W27","Cust__Service__Performance__Pct":85.7142857142857,"Location":"South"},{"Period":"2013-W28","Cust__Service__Performance__Pct":75,"Location":"West"},{"Period":"2013-W28","Cust__Service__Performance__Pct":80.9523809523809,"Location":"Northeast"},{"Period":"2013-W28","Cust__Service__Performance__Pct":90,"Location":"Midwest"},{"Period":"2013-W28","Cust__Service__Performance__Pct":95.2380952380952,"Location":"South"},{"Period":"2013-W29","Cust__Service__Performance__Pct":100,"Location":"West"},{"Period":"2013-W29","Cust__Service__Performance__Pct":91.304347826087,"Location":"Northeast"},{"Period":"2013-W29","Cust__Service__Performance__Pct":93.75,"Location":"Midwest"},{"Period":"2013-W29","Cust__Service__Performance__Pct":95.4545454545455,"Location":"South"},{"Period":"2013-W30","Cust__Service__Performance__Pct":61.5384615384615,"Location":"West"},{"Period":"2013-W30","Cust__Service__Performance__Pct":90.4761904761905,"Location":"Northeast"},{"Period":"2013-W30","Cust__Service__Performance__Pct":100,"Location":"Midwest"},{"Period":"2013-W30","Cust__Service__Performance__Pct":86.3636363636364,"Location":"South"},{"Period":"2013-W31","Cust__Service__Performance__Pct":92.3076923076923,"Location":"West"},{"Period":"2013-W31","Cust__Service__Performance__Pct":80.9523809523809,"Location":"Northeast"},{"Period":"2013-W31","Cust__Service__Performance__Pct":94.4444444444444,"Location":"Midwest"},{"Period":"2013-W31","Cust__Service__Performance__Pct":91.304347826087,"Location":"South"},{"Period":"2013-W32","Cust__Service__Performance__Pct":92.8571428571429,"Location":"West"},{"Period":"2013-W32","Cust__Service__Performance__Pct":81.8181818181818,"Location":"Northeast"},{"Period":"2013-W32","Cust__Service__Performance__Pct":89.4736842105263,"Location":"Midwest"},{"Period":"2013-W32","Cust__Service__Performance__Pct":85,"Location":"South"},{"Period":"2013-W33","Cust__Service__Performance__Pct":84.6153846153846,"Location":"West"},{"Period":"2013-W33","Cust__Service__Performance__Pct":81.8181818181818,"Location":"Northeast"},{"Period":"2013-W33","Cust__Service__Performance__Pct":81.25,"Location":"Midwest"},{"Period":"2013-W33","Cust__Service__Performance__Pct":90.9090909090909,"Location":"South"},{"Period":"2013-W34","Cust__Service__Performance__Pct":91.6666666666667,"Location":"West"},{"Period":"2013-W34","Cust__Service__Performance__Pct":95.6521739130435,"Location":"Northeast"},{"Period":"2013-W34","Cust__Service__Performance__Pct":94.1176470588235,"Location":"Midwest"},{"Period":"2013-W34","Cust__Service__Performance__Pct":95.4545454545455,"Location":"South"},{"Period":"2013-W35","Cust__Service__Performance__Pct":78.5714285714286,"Location":"West"},{"Period":"2013-W35","Cust__Service__Performance__Pct":100,"Location":"Northeast"},{"Period":"2013-W35","Cust__Service__Performance__Pct":94.1176470588235,"Location":"Midwest"},{"Period":"2013-W35","Cust__Service__Performance__Pct":91.304347826087,"Location":"South"},{"Period":"2013-W36","Cust__Service__Performance__Pct":92.3076923076923,"Location":"West"},{"Period":"2013-W36","Cust__Service__Performance__Pct":81.8181818181818,"Location":"Northeast"},{"Period":"2013-W36","Cust__Service__Performance__Pct":75,"Location":"Midwest"},{"Period":"2013-W36","Cust__Service__Performance__Pct":78.9473684210526,"Location":"South"},{"Period":"2013-W37","Cust__Service__Performance__Pct":91.6666666666667,"Location":"West"},{"Period":"2013-W37","Cust__Service__Performance__Pct":90.9090909090909,"Location":"Northeast"},{"Period":"2013-W37","Cust__Service__Performance__Pct":93.75,"Location":"Midwest"},{"Period":"2013-W37","Cust__Service__Performance__Pct":86.9565217391304,"Location":"South"},{"Period":"2013-W38","Cust__Service__Performance__Pct":85.7142857142857,"Location":"West"},{"Period":"2013-W38","Cust__Service__Performance__Pct":95.6521739130435,"Location":"Northeast"},{"Period":"2013-W38","Cust__Service__Performance__Pct":93.75,"Location":"Midwest"},{"Period":"2013-W38","Cust__Service__Performance__Pct":100,"Location":"South"},{"Period":"2013-W39","Cust__Service__Performance__Pct":91.6666666666667,"Location":"West"},{"Period":"2013-W39","Cust__Service__Performance__Pct":84.2105263157895,"Location":"Northeast"},{"Period":"2013-W39","Cust__Service__Performance__Pct":89.4736842105263,"Location":"Midwest"},{"Period":"2013-W39","Cust__Service__Performance__Pct":100,"Location":"South"}],"Prior_Orders_Filled_Quarter":[{"Prior__Orders__Filled":1116836}],"Cust_Service_Trend_Pct_Quarter_Country":[{"Cust__Service__Trend__Pct":88,"Period":"2013-W27"},{"Cust__Service__Trend__Pct":86.4864864864865,"Period":"2013-W28"},{"Cust__Service__Trend__Pct":94.5945945945946,"Period":"2013-W29"},{"Cust__Service__Trend__Pct":86.1111111111111,"Period":"2013-W30"},{"Cust__Service__Trend__Pct":89.3333333333333,"Period":"2013-W31"},{"Cust__Service__Trend__Pct":86.6666666666667,"Period":"2013-W32"},{"Cust__Service__Trend__Pct":84.9315068493151,"Period":"2013-W33"},{"Cust__Service__Trend__Pct":94.5945945945946,"Period":"2013-W34"},{"Cust__Service__Trend__Pct":91.8918918918919,"Period":"2013-W35"},{"Cust__Service__Trend__Pct":81.0810810810811,"Period":"2013-W36"},{"Cust__Service__Trend__Pct":90.4109589041096,"Period":"2013-W37"},{"Cust__Service__Trend__Pct":94.6666666666667,"Period":"2013-W38"},{"Cust__Service__Trend__Pct":91.7808219178082,"Period":"2013-W39"}],"Customers_Served":[{"Customers__Served":18}],"Cust_Service_Performance_Target_Pct_Quarter":[{"Cust__Service__Performance__Target__Pct":92}]}],"type":"J"}