{"message":"","count":0,"status":0,"data":[{"Cust_Service_Performance_Pct_Quarter_Region":[{"Period":"2013-W14","Cust__Service__Performance__Pct":100,"Location":"BC"},{"Period":"2013-W14","Cust__Service__Performance__Pct":100,"Location":"MB"},{"Period":"2013-W14","Cust__Service__Performance__Pct":100,"Location":"AB"},{"Period":"2013-W14","Cust__Service__Performance__Pct":80,"Location":"SK"},{"Period":"2013-W15","Cust__Service__Performance__Pct":75,"Location":"BC"},{"Period":"2013-W15","Cust__Service__Performance__Pct":100,"Location":"MB"},{"Period":"2013-W15","Cust__Service__Performance__Pct":100,"Location":"AB"},{"Period":"2013-W15","Cust__Service__Performance__Pct":100,"Location":"SK"},{"Period":"2013-W16","Cust__Service__Performance__Pct":100,"Location":"BC"},{"Period":"2013-W16","Cust__Service__Performance__Pct":100,"Location":"MB"},{"Period":"2013-W16","Cust__Service__Performance__Pct":100,"Location":"AB"},{"Period":"2013-W16","Cust__Service__Performance__Pct":100,"Location":"SK"},{"Period":"2013-W17","Cust__Service__Performance__Pct":100,"Location":"BC"},{"Period":"2013-W17","Cust__Service__Performance__Pct":100,"Location":"MB"},{"Period":"2013-W17","Cust__Service__Performance__Pct":100,"Location":"AB"},{"Period":"2013-W17","Cust__Service__Performance__Pct":100,"Location":"SK"},{"Period":"2013-W18","Cust__Service__Performance__Pct":75,"Location":"BC"},{"Period":"2013-W18","Cust__Service__Performance__Pct":83.3333333333333,"Location":"MB"},{"Period":"2013-W18","Cust__Service__Performance__Pct":100,"Location":"AB"},{"Period":"2013-W18","Cust__Service__Performance__Pct":75,"Location":"SK"},{"Period":"2013-W19","Cust__Service__Performance__Pct":100,"Location":"BC"},{"Period":"2013-W19","Cust__Service__Performance__Pct":100,"Location":"MB"},{"Period":"2013-W19","Cust__Service__Performance__Pct":100,"Location":"AB"},{"Period":"2013-W19","Cust__Service__Performance__Pct":83.3333333333333,"Location":"SK"},{"Period":"2013-W20","Cust__Service__Performance__Pct":66.6666666666667,"Location":"BC"},{"Period":"2013-W20","Cust__Service__Performance__Pct":100,"Location":"MB"},{"Period":"2013-W20","Cust__Service__Performance__Pct":100,"Location":"AB"},{"Period":"2013-W20","Cust__Service__Performance__Pct":100,"Location":"SK"},{"Period":"2013-W21","Cust__Service__Performance__Pct":80,"Location":"BC"},{"Period":"2013-W21","Cust__Service__Performance__Pct":100,"Location":"MB"},{"Period":"2013-W21","Cust__Service__Performance__Pct":75,"Location":"AB"},{"Period":"2013-W21","Cust__Service__Performance__Pct":100,"Location":"SK"},{"Period":"2013-W22","Cust__Service__Performance__Pct":100,"Location":"BC"},{"Period":"2013-W22","Cust__Service__Performance__Pct":100,"Location":"MB"},{"Period":"2013-W22","Cust__Service__Performance__Pct":75,"Location":"AB"},{"Period":"2013-W22","Cust__Service__Performance__Pct":100,"Location":"SK"},{"Period":"2013-W23","Cust__Service__Performance__Pct":100,"Location":"BC"},{"Period":"2013-W23","Cust__Service__Performance__Pct":75,"Location":"MB"},{"Period":"2013-W23","Cust__Service__Performance__Pct":83.3333333333333,"Location":"AB"},{"Period":"2013-W23","Cust__Service__Performance__Pct":100,"Location":"SK"},{"Period":"2013-W24","Cust__Service__Performance__Pct":83.3333333333333,"Location":"BC"},{"Period":"2013-W24","Cust__Service__Performance__Pct":100,"Location":"MB"},{"Period":"2013-W24","Cust__Service__Performance__Pct":100,"Location":"AB"},{"Period":"2013-W24","Cust__Service__Performance__Pct":50,"Location":"SK"},{"Period":"2013-W25","Cust__Service__Performance__Pct":100,"Location":"BC"},{"Period":"2013-W25","Cust__Service__Performance__Pct":100,"Location":"MB"},{"Period":"2013-W25","Cust__Service__Performance__Pct":66.6666666666667,"Location":"AB"},{"Period":"2013-W25","Cust__Service__Performance__Pct":100,"Location":"SK"},{"Period":"2013-W26","Cust__Service__Performance__Pct":100,"Location":"BC"},{"Period":"2013-W26","Cust__Service__Performance__Pct":83.3333333333333,"Location":"MB"},{"Period":"2013-W26","Cust__Service__Performance__Pct":100,"Location":"AB"},{"Period":"2013-W26","Cust__Service__Performance__Pct":100,"Location":"SK"}],"Orders_Filled":[{"Orders__Filled":260102}],"Prior_Avg_Cust_Service_Performance_Pct_Quarter":[{"Prior__Avg__Cust__Service__Performance__Pct":88}],"Avg_Cust_Service_Performance_Pct":[{"Avg__Cust__Service__Performance__Pct":92.0353982300885}],"Cust_Service_Trend_Pct_Quarter_Region":[{"Cust__Service__Trend__Pct":94.1176470588235,"Period":"2013-W14"},{"Cust__Service__Trend__Pct":95,"Period":"2013-W15"},{"Cust__Service__Trend__Pct":100,"Period":"2013-W16"},{"Cust__Service__Trend__Pct":100,"Period":"2013-W17"},{"Cust__Service__Trend__Pct":84.2105263157895,"Period":"2013-W18"},{"Cust__Service__Trend__Pct":94.4444444444444,"Period":"2013-W19"},{"Cust__Service__Trend__Pct":88.2352941176471,"Period":"2013-W20"},{"Cust__Service__Trend__Pct":87.5,"Period":"2013-W21"},{"Cust__Service__Trend__Pct":94.1176470588235,"Period":"2013-W22"},{"Cust__Service__Trend__Pct":89.4736842105263,"Period":"2013-W23"},{"Cust__Service__Trend__Pct":82.3529411764706,"Period":"2013-W24"},{"Cust__Service__Trend__Pct":94.1176470588235,"Period":"2013-W25"},{"Cust__Service__Trend__Pct":94.1176470588235,"Period":"2013-W26"}],"Loads_Delivered":[{"Loads__Delivered":226}],"Prior_Orders_Filled_Quarter":[{"Prior__Orders__Filled":260902}],"Customers_Served":[{"Customers__Served":18}],"Cust_Service_Performance_Target_Pct_Quarter":[{"Cust__Service__Performance__Target__Pct":91}]}],"type":"J"}