{"message":"","count":0,"status":0,"data":[{"Cust_Service_Performance_Pct_Quarter_Region":[{"Period":"2013-W14","Cust__Service__Performance__Pct":100,"Location":"AZ"},{"Period":"2013-W14","Cust__Service__Performance__Pct":100,"Location":"CA"},{"Period":"2013-W14","Cust__Service__Performance__Pct":50,"Location":"NV"},{"Period":"2013-W15","Cust__Service__Performance__Pct":66.6666666666667,"Location":"AZ"},{"Period":"2013-W15","Cust__Service__Performance__Pct":66.6666666666667,"Location":"CA"},{"Period":"2013-W15","Cust__Service__Performance__Pct":100,"Location":"NV"},{"Period":"2013-W16","Cust__Service__Performance__Pct":100,"Location":"AZ"},{"Period":"2013-W16","Cust__Service__Performance__Pct":66.6666666666667,"Location":"CA"},{"Period":"2013-W16","Cust__Service__Performance__Pct":100,"Location":"NV"},{"Period":"2013-W17","Cust__Service__Performance__Pct":100,"Location":"AZ"},{"Period":"2013-W17","Cust__Service__Performance__Pct":100,"Location":"CA"},{"Period":"2013-W17","Cust__Service__Performance__Pct":100,"Location":"NV"},{"Period":"2013-W18","Cust__Service__Performance__Pct":100,"Location":"AZ"},{"Period":"2013-W18","Cust__Service__Performance__Pct":100,"Location":"CA"},{"Period":"2013-W18","Cust__Service__Performance__Pct":100,"Location":"NV"},{"Period":"2013-W19","Cust__Service__Performance__Pct":100,"Location":"AZ"},{"Period":"2013-W19","Cust__Service__Performance__Pct":83.3333333333333,"Location":"CA"},{"Period":"2013-W19","Cust__Service__Performance__Pct":100,"Location":"NV"},{"Period":"2013-W20","Cust__Service__Performance__Pct":100,"Location":"AZ"},{"Period":"2013-W20","Cust__Service__Performance__Pct":100,"Location":"CA"},{"Period":"2013-W20","Cust__Service__Performance__Pct":100,"Location":"NV"},{"Period":"2013-W21","Cust__Service__Performance__Pct":80,"Location":"AZ"},{"Period":"2013-W21","Cust__Service__Performance__Pct":66.6666666666667,"Location":"CA"},{"Period":"2013-W21","Cust__Service__Performance__Pct":100,"Location":"NV"},{"Period":"2013-W22","Cust__Service__Performance__Pct":66.6666666666667,"Location":"AZ"},{"Period":"2013-W22","Cust__Service__Performance__Pct":75,"Location":"CA"},{"Period":"2013-W22","Cust__Service__Performance__Pct":100,"Location":"NV"},{"Period":"2013-W23","Cust__Service__Performance__Pct":100,"Location":"AZ"},{"Period":"2013-W23","Cust__Service__Performance__Pct":83.3333333333333,"Location":"CA"},{"Period":"2013-W23","Cust__Service__Performance__Pct":100,"Location":"NV"},{"Period":"2013-W24","Cust__Service__Performance__Pct":100,"Location":"AZ"},{"Period":"2013-W24","Cust__Service__Performance__Pct":75,"Location":"CA"},{"Period":"2013-W24","Cust__Service__Performance__Pct":100,"Location":"NV"},{"Period":"2013-W25","Cust__Service__Performance__Pct":100,"Location":"AZ"},{"Period":"2013-W25","Cust__Service__Performance__Pct":100,"Location":"CA"},{"Period":"2013-W25","Cust__Service__Performance__Pct":83.3333333333333,"Location":"NV"},{"Period":"2013-W26","Cust__Service__Performance__Pct":66.6666666666667,"Location":"AZ"},{"Period":"2013-W26","Cust__Service__Performance__Pct":100,"Location":"CA"},{"Period":"2013-W26","Cust__Service__Performance__Pct":100,"Location":"NV"}],"Orders_Filled":[{"Orders__Filled":224761}],"Prior_Avg_Cust_Service_Performance_Pct_Quarter":[{"Prior__Avg__Cust__Service__Performance__Pct":91.7159763313609}],"Avg_Cust_Service_Performance_Pct":[{"Avg__Cust__Service__Performance__Pct":90}],"Cust_Service_Trend_Pct_Quarter_Region":[{"Cust__Service__Trend__Pct":86.6666666666667,"Period":"2013-W14"},{"Cust__Service__Trend__Pct":75,"Period":"2013-W15"},{"Cust__Service__Trend__Pct":92.3076923076923,"Period":"2013-W16"},{"Cust__Service__Trend__Pct":100,"Period":"2013-W17"},{"Cust__Service__Trend__Pct":100,"Period":"2013-W18"},{"Cust__Service__Trend__Pct":92.3076923076923,"Period":"2013-W19"},{"Cust__Service__Trend__Pct":100,"Period":"2013-W20"},{"Cust__Service__Trend__Pct":84.6153846153846,"Period":"2013-W21"},{"Cust__Service__Trend__Pct":78.5714285714286,"Period":"2013-W22"},{"Cust__Service__Trend__Pct":91.6666666666667,"Period":"2013-W23"},{"Cust__Service__Trend__Pct":92.3076923076923,"Period":"2013-W24"},{"Cust__Service__Trend__Pct":92.8571428571429,"Period":"2013-W25"},{"Cust__Service__Trend__Pct":83.3333333333333,"Period":"2013-W26"}],"Loads_Delivered":[{"Loads__Delivered":170}],"Prior_Orders_Filled_Quarter":[{"Prior__Orders__Filled":228433}],"Customers_Served":[{"Customers__Served":18}],"Cust_Service_Performance_Target_Pct_Quarter":[{"Cust__Service__Performance__Target__Pct":91}]}],"type":"J"}