{"message":"","count":0,"status":0,"data":[{"Cust_Service_Trend_Pct_Week_All":[{"Cust__Service__Trend__Pct":84.375,"Period":"2014-01-12"},{"Cust__Service__Trend__Pct":90.3225806451613,"Period":"2014-01-13"},{"Cust__Service__Trend__Pct":87.0967741935484,"Period":"2014-01-14"},{"Cust__Service__Trend__Pct":96.7741935483871,"Period":"2014-01-15"},{"Cust__Service__Trend__Pct":90.625,"Period":"2014-01-16"},{"Cust__Service__Trend__Pct":90.625,"Period":"2014-01-17"},{"Cust__Service__Trend__Pct":93.75,"Period":"2014-01-18"}],"Orders_Filled":[{"Orders__Filled":261690}],"Avg_Cust_Service_Performance_Pct":[{"Avg__Cust__Service__Performance__Pct":90.4977375565611}],"Prior_Avg_Cust_Service_Performance_Pct_Week":[{"Prior__Avg__Cust__Service__Performance__Pct":84.304932735426}],"Prior_Orders_Filled_Week":[{"Prior__Orders__Filled":249172}],"Loads_Delivered":[{"Loads__Delivered":221}],"Cust_Service_Performance_Target_Pct_Week":[{"Cust__Service__Performance__Target__Pct":92}],"Cust_Service_Performance_Pct_Week_All":[{"Period":"2014-01-12","Cust__Service__Performance__Pct":71.4285714285714,"Location":"CAN"},{"Period":"2014-01-12","Cust__Service__Performance__Pct":81.8181818181818,"Location":"USA"},{"Period":"2014-01-12","Cust__Service__Performance__Pct":92.8571428571429,"Location":"MX"},{"Period":"2014-01-13","Cust__Service__Performance__Pct":66.6666666666667,"Location":"CAN"},{"Period":"2014-01-13","Cust__Service__Performance__Pct":100,"Location":"USA"},{"Period":"2014-01-13","Cust__Service__Performance__Pct":100,"Location":"MX"},{"Period":"2014-01-14","Cust__Service__Performance__Pct":87.5,"Location":"CAN"},{"Period":"2014-01-14","Cust__Service__Performance__Pct":90,"Location":"USA"},{"Period":"2014-01-14","Cust__Service__Performance__Pct":84.6153846153846,"Location":"MX"},{"Period":"2014-01-15","Cust__Service__Performance__Pct":87.5,"Location":"CAN"},{"Period":"2014-01-15","Cust__Service__Performance__Pct":100,"Location":"USA"},{"Period":"2014-01-15","Cust__Service__Performance__Pct":100,"Location":"MX"},{"Period":"2014-01-16","Cust__Service__Performance__Pct":85.7142857142857,"Location":"CAN"},{"Period":"2014-01-16","Cust__Service__Performance__Pct":90.9090909090909,"Location":"USA"},{"Period":"2014-01-16","Cust__Service__Performance__Pct":92.8571428571429,"Location":"MX"},{"Period":"2014-01-17","Cust__Service__Performance__Pct":87.5,"Location":"CAN"},{"Period":"2014-01-17","Cust__Service__Performance__Pct":100,"Location":"USA"},{"Period":"2014-01-17","Cust__Service__Performance__Pct":84.6153846153846,"Location":"MX"},{"Period":"2014-01-18","Cust__Service__Performance__Pct":100,"Location":"CAN"},{"Period":"2014-01-18","Cust__Service__Performance__Pct":90.9090909090909,"Location":"USA"},{"Period":"2014-01-18","Cust__Service__Performance__Pct":92.8571428571429,"Location":"MX"}],"Customers_Served":[{"Customers__Served":18}]}],"type":"J"}