{"message":"","count":0,"status":0,"data":[{"Orders_Filled":[{"Orders__Filled":842489}],"Prior_Avg_Cust_Service_Performance_Pct_Quarter":[{"Prior__Avg__Cust__Service__Performance__Pct":88.5786802030457}],"Avg_Cust_Service_Performance_Pct":[{"Avg__Cust__Service__Performance__Pct":88.5402455661664}],"Loads_Delivered":[{"Loads__Delivered":733}],"Cust_Service_Performance_Pct_Quarter_Country":[{"Period":"2013-W01","Cust__Service__Performance__Pct":80,"Location":"Western Canada"},{"Period":"2013-W01","Cust__Service__Performance__Pct":92.3076923076923,"Location":"Northern Canada"},{"Period":"2013-W01","Cust__Service__Performance__Pct":100,"Location":"Atlantic Canada"},{"Period":"2013-W01","Cust__Service__Performance__Pct":100,"Location":"Ontario"},{"Period":"2013-W01","Cust__Service__Performance__Pct":100,"Location":"Quebec"},{"Period":"2013-W02","Cust__Service__Performance__Pct":85,"Location":"Western Canada"},{"Period":"2013-W02","Cust__Service__Performance__Pct":84.6153846153846,"Location":"Northern Canada"},{"Period":"2013-W02","Cust__Service__Performance__Pct":94.4444444444444,"Location":"Atlantic Canada"},{"Period":"2013-W02","Cust__Service__Performance__Pct":66.6666666666667,"Location":"Ontario"},{"Period":"2013-W02","Cust__Service__Performance__Pct":100,"Location":"Quebec"},{"Period":"2013-W03","Cust__Service__Performance__Pct":94.1176470588235,"Location":"Western Canada"},{"Period":"2013-W03","Cust__Service__Performance__Pct":92.3076923076923,"Location":"Northern Canada"},{"Period":"2013-W03","Cust__Service__Performance__Pct":94.1176470588235,"Location":"Atlantic Canada"},{"Period":"2013-W03","Cust__Service__Performance__Pct":100,"Location":"Ontario"},{"Period":"2013-W03","Cust__Service__Performance__Pct":50,"Location":"Quebec"},{"Period":"2013-W04","Cust__Service__Performance__Pct":94.1176470588235,"Location":"Western Canada"},{"Period":"2013-W04","Cust__Service__Performance__Pct":92.8571428571429,"Location":"Northern Canada"},{"Period":"2013-W04","Cust__Service__Performance__Pct":87.5,"Location":"Atlantic Canada"},{"Period":"2013-W04","Cust__Service__Performance__Pct":83.3333333333333,"Location":"Ontario"},{"Period":"2013-W04","Cust__Service__Performance__Pct":75,"Location":"Quebec"},{"Period":"2013-W05","Cust__Service__Performance__Pct":87.5,"Location":"Western Canada"},{"Period":"2013-W05","Cust__Service__Performance__Pct":84.6153846153846,"Location":"Northern Canada"},{"Period":"2013-W05","Cust__Service__Performance__Pct":88.2352941176471,"Location":"Atlantic Canada"},{"Period":"2013-W05","Cust__Service__Performance__Pct":100,"Location":"Ontario"},{"Period":"2013-W05","Cust__Service__Performance__Pct":100,"Location":"Quebec"},{"Period":"2013-W06","Cust__Service__Performance__Pct":83.3333333333333,"Location":"Western Canada"},{"Period":"2013-W06","Cust__Service__Performance__Pct":83.3333333333333,"Location":"Northern Canada"},{"Period":"2013-W06","Cust__Service__Performance__Pct":94.7368421052632,"Location":"Atlantic Canada"},{"Period":"2013-W06","Cust__Service__Performance__Pct":75,"Location":"Ontario"},{"Period":"2013-W06","Cust__Service__Performance__Pct":100,"Location":"Quebec"},{"Period":"2013-W07","Cust__Service__Performance__Pct":100,"Location":"Western Canada"},{"Period":"2013-W07","Cust__Service__Performance__Pct":92.8571428571429,"Location":"Northern Canada"},{"Period":"2013-W07","Cust__Service__Performance__Pct":94.1176470588235,"Location":"Atlantic Canada"},{"Period":"2013-W07","Cust__Service__Performance__Pct":100,"Location":"Ontario"},{"Period":"2013-W07","Cust__Service__Performance__Pct":100,"Location":"Quebec"},{"Period":"2013-W08","Cust__Service__Performance__Pct":100,"Location":"Western Canada"},{"Period":"2013-W08","Cust__Service__Performance__Pct":84.6153846153846,"Location":"Northern Canada"},{"Period":"2013-W08","Cust__Service__Performance__Pct":88.2352941176471,"Location":"Atlantic Canada"},{"Period":"2013-W08","Cust__Service__Performance__Pct":83.3333333333333,"Location":"Ontario"},{"Period":"2013-W08","Cust__Service__Performance__Pct":75,"Location":"Quebec"},{"Period":"2013-W09","Cust__Service__Performance__Pct":75,"Location":"Western Canada"},{"Period":"2013-W09","Cust__Service__Performance__Pct":83.3333333333333,"Location":"Northern Canada"},{"Period":"2013-W09","Cust__Service__Performance__Pct":88.2352941176471,"Location":"Atlantic Canada"},{"Period":"2013-W09","Cust__Service__Performance__Pct":100,"Location":"Ontario"},{"Period":"2013-W09","Cust__Service__Performance__Pct":83.3333333333333,"Location":"Quebec"},{"Period":"2013-W10","Cust__Service__Performance__Pct":83.3333333333333,"Location":"Western Canada"},{"Period":"2013-W10","Cust__Service__Performance__Pct":92.8571428571429,"Location":"Northern Canada"},{"Period":"2013-W10","Cust__Service__Performance__Pct":83.3333333333333,"Location":"Atlantic Canada"},{"Period":"2013-W10","Cust__Service__Performance__Pct":100,"Location":"Ontario"},{"Period":"2013-W10","Cust__Service__Performance__Pct":75,"Location":"Quebec"},{"Period":"2013-W11","Cust__Service__Performance__Pct":73.6842105263158,"Location":"Western Canada"},{"Period":"2013-W11","Cust__Service__Performance__Pct":91.6666666666667,"Location":"Northern Canada"},{"Period":"2013-W11","Cust__Service__Performance__Pct":88.8888888888889,"Location":"Atlantic Canada"},{"Period":"2013-W11","Cust__Service__Performance__Pct":80,"Location":"Ontario"},{"Period":"2013-W11","Cust__Service__Performance__Pct":25,"Location":"Quebec"},{"Period":"2013-W12","Cust__Service__Performance__Pct":93.75,"Location":"Western Canada"},{"Period":"2013-W12","Cust__Service__Performance__Pct":71.4285714285714,"Location":"Northern Canada"},{"Period":"2013-W12","Cust__Service__Performance__Pct":94.1176470588235,"Location":"Atlantic Canada"},{"Period":"2013-W12","Cust__Service__Performance__Pct":100,"Location":"Ontario"},{"Period":"2013-W12","Cust__Service__Performance__Pct":100,"Location":"Quebec"},{"Period":"2013-W13","Cust__Service__Performance__Pct":94.1176470588235,"Location":"Western Canada"},{"Period":"2013-W13","Cust__Service__Performance__Pct":92.3076923076923,"Location":"Northern Canada"},{"Period":"2013-W13","Cust__Service__Performance__Pct":93.3333333333333,"Location":"Atlantic Canada"},{"Period":"2013-W13","Cust__Service__Performance__Pct":33.3333333333333,"Location":"Ontario"},{"Period":"2013-W13","Cust__Service__Performance__Pct":83.3333333333333,"Location":"Quebec"}],"Prior_Orders_Filled_Quarter":[{"Prior__Orders__Filled":917585}],"Cust_Service_Trend_Pct_Quarter_Country":[{"Cust__Service__Trend__Pct":92.9824561403509,"Period":"2013-W01"},{"Cust__Service__Trend__Pct":87.719298245614,"Period":"2013-W02"},{"Cust__Service__Trend__Pct":91.0714285714286,"Period":"2013-W03"},{"Cust__Service__Trend__Pct":89.4736842105263,"Period":"2013-W04"},{"Cust__Service__Trend__Pct":89.0909090909091,"Period":"2013-W05"},{"Cust__Service__Trend__Pct":87.719298245614,"Period":"2013-W06"},{"Cust__Service__Trend__Pct":96.551724137931,"Period":"2013-W07"},{"Cust__Service__Trend__Pct":89.2857142857143,"Period":"2013-W08"},{"Cust__Service__Trend__Pct":83.6363636363636,"Period":"2013-W09"},{"Cust__Service__Trend__Pct":85.9649122807018,"Period":"2013-W10"},{"Cust__Service__Trend__Pct":79.3103448275862,"Period":"2013-W11"},{"Cust__Service__Trend__Pct":89.2857142857143,"Period":"2013-W12"},{"Cust__Service__Trend__Pct":88.8888888888889,"Period":"2013-W13"}],"Customers_Served":[{"Customers__Served":18}],"Cust_Service_Performance_Target_Pct_Quarter":[{"Cust__Service__Performance__Target__Pct":90}]}],"type":"J"}