{"message":"","count":0,"status":0,"data":[{"Cust_Service_Performance_Pct_Week_Country":[{"Period":"2014-01-19","Cust__Service__Performance__Pct":100,"Location":"West"},{"Period":"2014-01-19","Cust__Service__Performance__Pct":100,"Location":"Northeast"},{"Period":"2014-01-19","Cust__Service__Performance__Pct":100,"Location":"Midwest"},{"Period":"2014-01-19","Cust__Service__Performance__Pct":100,"Location":"South"},{"Period":"2014-01-20","Cust__Service__Performance__Pct":0,"Location":"West"},{"Period":"2014-01-20","Cust__Service__Performance__Pct":100,"Location":"Northeast"},{"Period":"2014-01-20","Cust__Service__Performance__Pct":100,"Location":"Midwest"},{"Period":"2014-01-20","Cust__Service__Performance__Pct":25,"Location":"South"},{"Period":"2014-01-21","Cust__Service__Performance__Pct":100,"Location":"West"},{"Period":"2014-01-21","Cust__Service__Performance__Pct":100,"Location":"Northeast"},{"Period":"2014-01-21","Cust__Service__Performance__Pct":100,"Location":"Midwest"},{"Period":"2014-01-21","Cust__Service__Performance__Pct":100,"Location":"South"},{"Period":"2014-01-22","Cust__Service__Performance__Pct":100,"Location":"West"},{"Period":"2014-01-22","Cust__Service__Performance__Pct":100,"Location":"Northeast"},{"Period":"2014-01-22","Cust__Service__Performance__Pct":100,"Location":"Midwest"},{"Period":"2014-01-22","Cust__Service__Performance__Pct":100,"Location":"South"},{"Period":"2014-01-23","Cust__Service__Performance__Pct":100,"Location":"West"},{"Period":"2014-01-23","Cust__Service__Performance__Pct":100,"Location":"Northeast"},{"Period":"2014-01-23","Cust__Service__Performance__Pct":100,"Location":"Midwest"},{"Period":"2014-01-23","Cust__Service__Performance__Pct":100,"Location":"South"},{"Period":"2014-01-24","Cust__Service__Performance__Pct":100,"Location":"West"},{"Period":"2014-01-24","Cust__Service__Performance__Pct":100,"Location":"Northeast"},{"Period":"2014-01-24","Cust__Service__Performance__Pct":100,"Location":"Midwest"},{"Period":"2014-01-24","Cust__Service__Performance__Pct":100,"Location":"South"},{"Period":"2014-01-25","Cust__Service__Performance__Pct":100,"Location":"West"},{"Period":"2014-01-25","Cust__Service__Performance__Pct":66.6666666666667,"Location":"Northeast"},{"Period":"2014-01-25","Cust__Service__Performance__Pct":50,"Location":"Midwest"},{"Period":"2014-01-25","Cust__Service__Performance__Pct":100,"Location":"South"}],"Orders_Filled":[{"Orders__Filled":83505}],"Avg_Cust_Service_Performance_Pct":[{"Avg__Cust__Service__Performance__Pct":91.6666666666667}],"Prior_Avg_Cust_Service_Performance_Pct_Week":[{"Prior__Avg__Cust__Service__Performance__Pct":93.3333333333333}],"Prior_Orders_Filled_Week":[{"Prior__Orders__Filled":86907}],"Cust_Service_Trend_Pct_Week_Country":[{"Cust__Service__Trend__Pct":100,"Period":"2014-01-19"},{"Cust__Service__Trend__Pct":60,"Period":"2014-01-20"},{"Cust__Service__Trend__Pct":100,"Period":"2014-01-21"},{"Cust__Service__Trend__Pct":100,"Period":"2014-01-22"},{"Cust__Service__Trend__Pct":100,"Period":"2014-01-23"},{"Cust__Service__Trend__Pct":100,"Period":"2014-01-24"},{"Cust__Service__Trend__Pct":81.8181818181818,"Period":"2014-01-25"}],"Loads_Delivered":[{"Loads__Delivered":72}],"Cust_Service_Performance_Target_Pct_Week":[{"Cust__Service__Performance__Target__Pct":92}],"Customers_Served":[{"Customers__Served":18}]}],"type":"J"}