{"message":"","count":0,"status":0,"data":[{"Orders_Filled":[{"Orders__Filled":514456}],"Avg_Cust_Service_Performance_Pct":[{"Avg__Cust__Service__Performance__Pct":89.3150684931507}],"Prior_Avg_Cust_Service_Performance_Pct_Week":[{"Prior__Avg__Cust__Service__Performance__Pct":93.75}],"Prior_Orders_Filled_Week":[{"Prior__Orders__Filled":17339}],"Loads_Delivered":[{"Loads__Delivered":365}],"Cust_Service_Performance_Target_Pct_Week":[{"Cust__Service__Performance__Target__Pct":88}],"Customers_Served":[{"Customers__Served":18}],"Cust_Service_Trend_Pct_Week_Region":[{"Cust__Service__Trend__Pct":88.2352941176471,"Period":"2014-02-02"},{"Cust__Service__Trend__Pct":92.3076923076923,"Period":"2014-02-03"},{"Cust__Service__Trend__Pct":86.7924528301887,"Period":"2014-02-04"},{"Cust__Service__Trend__Pct":90.3846153846154,"Period":"2014-02-05"},{"Cust__Service__Trend__Pct":86.7924528301887,"Period":"2014-02-06"},{"Cust__Service__Trend__Pct":90.5660377358491,"Period":"2014-02-07"},{"Cust__Service__Trend__Pct":90.1960784313726,"Period":"2014-02-08"}],"Cust_Service_Performance_Pct_Week_Region":[{"Period":"2014-02-02","Cust__Service__Performance__Pct":92.3076923076923,"Location":"MC"},{"Period":"2014-02-02","Cust__Service__Performance__Pct":85.7142857142857,"Location":"JA"},{"Period":"2014-02-02","Cust__Service__Performance__Pct":76.9230769230769,"Location":"NA"},{"Period":"2014-02-02","Cust__Service__Performance__Pct":100,"Location":"CL"},{"Period":"2014-02-03","Cust__Service__Performance__Pct":92.3076923076923,"Location":"MC"},{"Period":"2014-02-03","Cust__Service__Performance__Pct":100,"Location":"JA"},{"Period":"2014-02-03","Cust__Service__Performance__Pct":81.8181818181818,"Location":"NA"},{"Period":"2014-02-03","Cust__Service__Performance__Pct":92.8571428571429,"Location":"CL"},{"Period":"2014-02-04","Cust__Service__Performance__Pct":83.3333333333333,"Location":"MC"},{"Period":"2014-02-04","Cust__Service__Performance__Pct":92.3076923076923,"Location":"JA"},{"Period":"2014-02-04","Cust__Service__Performance__Pct":86.6666666666667,"Location":"NA"},{"Period":"2014-02-04","Cust__Service__Performance__Pct":84.6153846153846,"Location":"CL"},{"Period":"2014-02-05","Cust__Service__Performance__Pct":92.3076923076923,"Location":"MC"},{"Period":"2014-02-05","Cust__Service__Performance__Pct":92.3076923076923,"Location":"JA"},{"Period":"2014-02-05","Cust__Service__Performance__Pct":84.6153846153846,"Location":"NA"},{"Period":"2014-02-05","Cust__Service__Performance__Pct":92.3076923076923,"Location":"CL"},{"Period":"2014-02-06","Cust__Service__Performance__Pct":85.7142857142857,"Location":"MC"},{"Period":"2014-02-06","Cust__Service__Performance__Pct":90.9090909090909,"Location":"JA"},{"Period":"2014-02-06","Cust__Service__Performance__Pct":85.7142857142857,"Location":"NA"},{"Period":"2014-02-06","Cust__Service__Performance__Pct":85.7142857142857,"Location":"CL"},{"Period":"2014-02-07","Cust__Service__Performance__Pct":80,"Location":"MC"},{"Period":"2014-02-07","Cust__Service__Performance__Pct":91.6666666666667,"Location":"JA"},{"Period":"2014-02-07","Cust__Service__Performance__Pct":92.3076923076923,"Location":"NA"},{"Period":"2014-02-07","Cust__Service__Performance__Pct":100,"Location":"CL"},{"Period":"2014-02-08","Cust__Service__Performance__Pct":76.9230769230769,"Location":"MC"},{"Period":"2014-02-08","Cust__Service__Performance__Pct":92.3076923076923,"Location":"JA"},{"Period":"2014-02-08","Cust__Service__Performance__Pct":100,"Location":"NA"},{"Period":"2014-02-08","Cust__Service__Performance__Pct":91.6666666666667,"Location":"CL"}]}],"type":"J"}