{"message":"","count":0,"status":0,"data":[{"Cust_Service_Performance_Pct_Quarter_Region":[{"Period":"2013-W27","Cust__Service__Performance__Pct":66.6666666666667,"Location":"IL"},{"Period":"2013-W27","Cust__Service__Performance__Pct":100,"Location":"MN"},{"Period":"2013-W27","Cust__Service__Performance__Pct":100,"Location":"WI"},{"Period":"2013-W27","Cust__Service__Performance__Pct":80,"Location":"OH"},{"Period":"2013-W28","Cust__Service__Performance__Pct":100,"Location":"IL"},{"Period":"2013-W28","Cust__Service__Performance__Pct":100,"Location":"MN"},{"Period":"2013-W28","Cust__Service__Performance__Pct":75,"Location":"WI"},{"Period":"2013-W28","Cust__Service__Performance__Pct":83.3333333333333,"Location":"OH"},{"Period":"2013-W29","Cust__Service__Performance__Pct":100,"Location":"IL"},{"Period":"2013-W29","Cust__Service__Performance__Pct":100,"Location":"MN"},{"Period":"2013-W29","Cust__Service__Performance__Pct":100,"Location":"WI"},{"Period":"2013-W29","Cust__Service__Performance__Pct":66.6666666666667,"Location":"OH"},{"Period":"2013-W30","Cust__Service__Performance__Pct":100,"Location":"IL"},{"Period":"2013-W30","Cust__Service__Performance__Pct":100,"Location":"MN"},{"Period":"2013-W30","Cust__Service__Performance__Pct":100,"Location":"WI"},{"Period":"2013-W30","Cust__Service__Performance__Pct":100,"Location":"OH"},{"Period":"2013-W31","Cust__Service__Performance__Pct":100,"Location":"IL"},{"Period":"2013-W31","Cust__Service__Performance__Pct":75,"Location":"MN"},{"Period":"2013-W31","Cust__Service__Performance__Pct":100,"Location":"WI"},{"Period":"2013-W31","Cust__Service__Performance__Pct":100,"Location":"OH"},{"Period":"2013-W32","Cust__Service__Performance__Pct":100,"Location":"IL"},{"Period":"2013-W32","Cust__Service__Performance__Pct":75,"Location":"MN"},{"Period":"2013-W32","Cust__Service__Performance__Pct":100,"Location":"WI"},{"Period":"2013-W32","Cust__Service__Performance__Pct":83.3333333333333,"Location":"OH"},{"Period":"2013-W33","Cust__Service__Performance__Pct":100,"Location":"IL"},{"Period":"2013-W33","Cust__Service__Performance__Pct":83.3333333333333,"Location":"MN"},{"Period":"2013-W33","Cust__Service__Performance__Pct":66.6666666666667,"Location":"WI"},{"Period":"2013-W33","Cust__Service__Performance__Pct":75,"Location":"OH"},{"Period":"2013-W34","Cust__Service__Performance__Pct":100,"Location":"IL"},{"Period":"2013-W34","Cust__Service__Performance__Pct":100,"Location":"MN"},{"Period":"2013-W34","Cust__Service__Performance__Pct":83.3333333333333,"Location":"WI"},{"Period":"2013-W34","Cust__Service__Performance__Pct":100,"Location":"OH"},{"Period":"2013-W35","Cust__Service__Performance__Pct":100,"Location":"IL"},{"Period":"2013-W35","Cust__Service__Performance__Pct":100,"Location":"MN"},{"Period":"2013-W35","Cust__Service__Performance__Pct":100,"Location":"WI"},{"Period":"2013-W35","Cust__Service__Performance__Pct":80,"Location":"OH"},{"Period":"2013-W36","Cust__Service__Performance__Pct":50,"Location":"IL"},{"Period":"2013-W36","Cust__Service__Performance__Pct":100,"Location":"MN"},{"Period":"2013-W36","Cust__Service__Performance__Pct":75,"Location":"WI"},{"Period":"2013-W36","Cust__Service__Performance__Pct":83.3333333333333,"Location":"OH"},{"Period":"2013-W37","Cust__Service__Performance__Pct":75,"Location":"IL"},{"Period":"2013-W37","Cust__Service__Performance__Pct":100,"Location":"MN"},{"Period":"2013-W37","Cust__Service__Performance__Pct":100,"Location":"WI"},{"Period":"2013-W37","Cust__Service__Performance__Pct":100,"Location":"OH"},{"Period":"2013-W38","Cust__Service__Performance__Pct":100,"Location":"IL"},{"Period":"2013-W38","Cust__Service__Performance__Pct":100,"Location":"MN"},{"Period":"2013-W38","Cust__Service__Performance__Pct":80,"Location":"WI"},{"Period":"2013-W38","Cust__Service__Performance__Pct":100,"Location":"OH"},{"Period":"2013-W39","Cust__Service__Performance__Pct":80,"Location":"IL"},{"Period":"2013-W39","Cust__Service__Performance__Pct":100,"Location":"MN"},{"Period":"2013-W39","Cust__Service__Performance__Pct":100,"Location":"WI"},{"Period":"2013-W39","Cust__Service__Performance__Pct":75,"Location":"OH"}],"Orders_Filled":[{"Orders__Filled":266364}],"Prior_Avg_Cust_Service_Performance_Pct_Quarter":[{"Prior__Avg__Cust__Service__Performance__Pct":89.7777777777778}],"Avg_Cust_Service_Performance_Pct":[{"Avg__Cust__Service__Performance__Pct":89.9122807017544}],"Cust_Service_Trend_Pct_Quarter_Region":[{"Cust__Service__Trend__Pct":83.3333333333333,"Period":"2013-W27"},{"Cust__Service__Trend__Pct":90,"Period":"2013-W28"},{"Cust__Service__Trend__Pct":93.75,"Period":"2013-W29"},{"Cust__Service__Trend__Pct":100,"Period":"2013-W30"},{"Cust__Service__Trend__Pct":94.4444444444444,"Period":"2013-W31"},{"Cust__Service__Trend__Pct":89.4736842105263,"Period":"2013-W32"},{"Cust__Service__Trend__Pct":81.25,"Period":"2013-W33"},{"Cust__Service__Trend__Pct":94.1176470588235,"Period":"2013-W34"},{"Cust__Service__Trend__Pct":94.1176470588235,"Period":"2013-W35"},{"Cust__Service__Trend__Pct":75,"Period":"2013-W36"},{"Cust__Service__Trend__Pct":93.75,"Period":"2013-W37"},{"Cust__Service__Trend__Pct":93.75,"Period":"2013-W38"},{"Cust__Service__Trend__Pct":89.4736842105263,"Period":"2013-W39"}],"Loads_Delivered":[{"Loads__Delivered":228}],"Prior_Orders_Filled_Quarter":[{"Prior__Orders__Filled":254361}],"Customers_Served":[{"Customers__Served":18}],"Cust_Service_Performance_Target_Pct_Quarter":[{"Cust__Service__Performance__Target__Pct":92}]}],"type":"J"}