{"message":"","count":0,"status":0,"data":[{"Cust_Service_Performance_Pct_Week_Country":[{"Period":"2014-02-02","Cust__Service__Performance__Pct":84.3137254901961,"Location":"Western Canada"},{"Period":"2014-02-02","Cust__Service__Performance__Pct":92.1052631578947,"Location":"Northern Canada"},{"Period":"2014-02-02","Cust__Service__Performance__Pct":86.7924528301887,"Location":"Atlantic Canada"},{"Period":"2014-02-02","Cust__Service__Performance__Pct":100,"Location":"Ontario"},{"Period":"2014-02-02","Cust__Service__Performance__Pct":85.7142857142857,"Location":"Quebec"},{"Period":"2014-02-03","Cust__Service__Performance__Pct":98.0769230769231,"Location":"Western Canada"},{"Period":"2014-02-03","Cust__Service__Performance__Pct":85,"Location":"Northern Canada"},{"Period":"2014-02-03","Cust__Service__Performance__Pct":88.4615384615385,"Location":"Atlantic Canada"},{"Period":"2014-02-03","Cust__Service__Performance__Pct":93.3333333333333,"Location":"Ontario"},{"Period":"2014-02-03","Cust__Service__Performance__Pct":90.9090909090909,"Location":"Quebec"},{"Period":"2014-02-04","Cust__Service__Performance__Pct":90.3846153846154,"Location":"Western Canada"},{"Period":"2014-02-04","Cust__Service__Performance__Pct":81.0810810810811,"Location":"Northern Canada"},{"Period":"2014-02-04","Cust__Service__Performance__Pct":81.1320754716981,"Location":"Atlantic Canada"},{"Period":"2014-02-04","Cust__Service__Performance__Pct":84.6153846153846,"Location":"Ontario"},{"Period":"2014-02-04","Cust__Service__Performance__Pct":100,"Location":"Quebec"},{"Period":"2014-02-05","Cust__Service__Performance__Pct":90.7407407407407,"Location":"Western Canada"},{"Period":"2014-02-05","Cust__Service__Performance__Pct":90,"Location":"Northern Canada"},{"Period":"2014-02-05","Cust__Service__Performance__Pct":88.6792452830189,"Location":"Atlantic Canada"},{"Period":"2014-02-05","Cust__Service__Performance__Pct":83.3333333333333,"Location":"Ontario"},{"Period":"2014-02-05","Cust__Service__Performance__Pct":100,"Location":"Quebec"},{"Period":"2014-02-06","Cust__Service__Performance__Pct":90.1960784313726,"Location":"Western Canada"},{"Period":"2014-02-06","Cust__Service__Performance__Pct":94.7368421052632,"Location":"Northern Canada"},{"Period":"2014-02-06","Cust__Service__Performance__Pct":92.4528301886792,"Location":"Atlantic Canada"},{"Period":"2014-02-06","Cust__Service__Performance__Pct":91.6666666666667,"Location":"Ontario"},{"Period":"2014-02-06","Cust__Service__Performance__Pct":86.6666666666667,"Location":"Quebec"},{"Period":"2014-02-07","Cust__Service__Performance__Pct":84.9056603773585,"Location":"Western Canada"},{"Period":"2014-02-07","Cust__Service__Performance__Pct":90,"Location":"Northern Canada"},{"Period":"2014-02-07","Cust__Service__Performance__Pct":88.2352941176471,"Location":"Atlantic Canada"},{"Period":"2014-02-07","Cust__Service__Performance__Pct":69.2307692307692,"Location":"Ontario"},{"Period":"2014-02-07","Cust__Service__Performance__Pct":100,"Location":"Quebec"},{"Period":"2014-02-08","Cust__Service__Performance__Pct":86,"Location":"Western Canada"},{"Period":"2014-02-08","Cust__Service__Performance__Pct":86.8421052631579,"Location":"Northern Canada"},{"Period":"2014-02-08","Cust__Service__Performance__Pct":90.1960784313726,"Location":"Atlantic Canada"},{"Period":"2014-02-08","Cust__Service__Performance__Pct":78.5714285714286,"Location":"Ontario"},{"Period":"2014-02-08","Cust__Service__Performance__Pct":80,"Location":"Quebec"}],"Orders_Filled":[{"Orders__Filled":1642318}],"Avg_Cust_Service_Performance_Pct":[{"Avg__Cust__Service__Performance__Pct":88.6075949367089}],"Prior_Avg_Cust_Service_Performance_Pct_Week":[{"Prior__Avg__Cust__Service__Performance__Pct":82.7586206896552}],"Prior_Orders_Filled_Week":[{"Prior__Orders__Filled":64923}],"Cust_Service_Trend_Pct_Week_Country":[{"Cust__Service__Trend__Pct":88.2352941176471,"Period":"2014-02-02"},{"Cust__Service__Trend__Pct":91.1764705882353,"Period":"2014-02-03"},{"Cust__Service__Trend__Pct":85.7142857142857,"Period":"2014-02-04"},{"Cust__Service__Trend__Pct":90,"Period":"2014-02-05"},{"Cust__Service__Trend__Pct":91.7159763313609,"Period":"2014-02-06"},{"Cust__Service__Trend__Pct":87.0588235294118,"Period":"2014-02-07"},{"Cust__Service__Trend__Pct":86.3095238095238,"Period":"2014-02-08"}],"Loads_Delivered":[{"Loads__Delivered":1185}],"Cust_Service_Performance_Target_Pct_Week":[{"Cust__Service__Performance__Target__Pct":88}],"Customers_Served":[{"Customers__Served":18}]}],"type":"J"}