{"message":"","count":0,"status":0,"data":[{"Orders_Filled":[{"Orders__Filled":124692}],"Avg_Cust_Service_Performance_Pct":[{"Avg__Cust__Service__Performance__Pct":88.0733944954129}],"Cust_Service_Performance_Pct_Month_Region":[{"Period":"2013-W44","Cust__Service__Performance__Pct":100,"Location":"MA"},{"Period":"2013-W44","Cust__Service__Performance__Pct":80,"Location":"VT"},{"Period":"2013-W44","Cust__Service__Performance__Pct":83.3333333333333,"Location":"NY"},{"Period":"2013-W44","Cust__Service__Performance__Pct":100,"Location":"ME"},{"Period":"2013-W44","Cust__Service__Performance__Pct":100,"Location":"NH"},{"Period":"2013-W45","Cust__Service__Performance__Pct":80,"Location":"MA"},{"Period":"2013-W45","Cust__Service__Performance__Pct":83.3333333333333,"Location":"VT"},{"Period":"2013-W45","Cust__Service__Performance__Pct":100,"Location":"NY"},{"Period":"2013-W45","Cust__Service__Performance__Pct":100,"Location":"ME"},{"Period":"2013-W45","Cust__Service__Performance__Pct":75,"Location":"NH"},{"Period":"2013-W46","Cust__Service__Performance__Pct":66.6666666666667,"Location":"MA"},{"Period":"2013-W46","Cust__Service__Performance__Pct":100,"Location":"VT"},{"Period":"2013-W46","Cust__Service__Performance__Pct":100,"Location":"NY"},{"Period":"2013-W46","Cust__Service__Performance__Pct":100,"Location":"ME"},{"Period":"2013-W46","Cust__Service__Performance__Pct":83.3333333333333,"Location":"NH"},{"Period":"2013-W47","Cust__Service__Performance__Pct":100,"Location":"MA"},{"Period":"2013-W47","Cust__Service__Performance__Pct":75,"Location":"VT"},{"Period":"2013-W47","Cust__Service__Performance__Pct":100,"Location":"NY"},{"Period":"2013-W47","Cust__Service__Performance__Pct":83.3333333333333,"Location":"ME"},{"Period":"2013-W47","Cust__Service__Performance__Pct":75,"Location":"NH"},{"Period":"2013-W48","Cust__Service__Performance__Pct":100,"Location":"MA"},{"Period":"2013-W48","Cust__Service__Performance__Pct":75,"Location":"VT"},{"Period":"2013-W48","Cust__Service__Performance__Pct":80,"Location":"NY"},{"Period":"2013-W48","Cust__Service__Performance__Pct":100,"Location":"ME"},{"Period":"2013-W48","Cust__Service__Performance__Pct":100,"Location":"NH"}],"Prior_Orders_Filled_Month":[{"Prior__Orders__Filled":105134}],"Cust_Service_Trend_Pct_Month_Region":[{"Cust__Service__Trend__Pct":90.9090909090909,"Period":"2013-W44"},{"Cust__Service__Trend__Pct":87.5,"Period":"2013-W45"},{"Cust__Service__Trend__Pct":86.3636363636364,"Period":"2013-W46"},{"Cust__Service__Trend__Pct":85,"Period":"2013-W47"},{"Cust__Service__Trend__Pct":90.4761904761905,"Period":"2013-W48"}],"Loads_Delivered":[{"Loads__Delivered":109}],"Cust_Service_Performance_Target_Pct_Month":[{"Cust__Service__Performance__Target__Pct":92}],"Customers_Served":[{"Customers__Served":18}],"Prior_Avg_Cust_Service_Performance_Pct_Month":[{"Prior__Avg__Cust__Service__Performance__Pct":86.2068965517241}]}],"type":"J"}