{"message":"","count":0,"status":0,"data":[{"Orders_Filled":[{"Orders__Filled":374648}],"Avg_Cust_Service_Performance_Pct":[{"Avg__Cust__Service__Performance__Pct":92.2794117647059}],"Prior_Avg_Cust_Service_Performance_Pct_Week":[{"Prior__Avg__Cust__Service__Performance__Pct":92.8571428571429}],"Prior_Orders_Filled_Week":[{"Prior__Orders__Filled":17105}],"Loads_Delivered":[{"Loads__Delivered":272}],"Cust_Service_Performance_Target_Pct_Week":[{"Cust__Service__Performance__Target__Pct":88}],"Customers_Served":[{"Customers__Served":18}],"Cust_Service_Trend_Pct_Week_Region":[{"Cust__Service__Trend__Pct":92.1052631578947,"Period":"2014-02-02"},{"Cust__Service__Trend__Pct":97.4358974358974,"Period":"2014-02-03"},{"Cust__Service__Trend__Pct":94.8717948717949,"Period":"2014-02-04"},{"Cust__Service__Trend__Pct":89.7435897435898,"Period":"2014-02-05"},{"Cust__Service__Trend__Pct":84.2105263157895,"Period":"2014-02-06"},{"Cust__Service__Trend__Pct":89.7435897435898,"Period":"2014-02-07"},{"Cust__Service__Trend__Pct":97.5,"Period":"2014-02-08"}],"Cust_Service_Performance_Pct_Week_Region":[{"Period":"2014-02-02","Cust__Service__Performance__Pct":92.8571428571429,"Location":"HI"},{"Period":"2014-02-02","Cust__Service__Performance__Pct":90.9090909090909,"Location":"VE"},{"Period":"2014-02-02","Cust__Service__Performance__Pct":92.3076923076923,"Location":"PU"},{"Period":"2014-02-03","Cust__Service__Performance__Pct":92.8571428571429,"Location":"HI"},{"Period":"2014-02-03","Cust__Service__Performance__Pct":100,"Location":"VE"},{"Period":"2014-02-03","Cust__Service__Performance__Pct":100,"Location":"PU"},{"Period":"2014-02-04","Cust__Service__Performance__Pct":92.8571428571429,"Location":"HI"},{"Period":"2014-02-04","Cust__Service__Performance__Pct":92.3076923076923,"Location":"VE"},{"Period":"2014-02-04","Cust__Service__Performance__Pct":100,"Location":"PU"},{"Period":"2014-02-05","Cust__Service__Performance__Pct":100,"Location":"HI"},{"Period":"2014-02-05","Cust__Service__Performance__Pct":78.5714285714286,"Location":"VE"},{"Period":"2014-02-05","Cust__Service__Performance__Pct":91.6666666666667,"Location":"PU"},{"Period":"2014-02-06","Cust__Service__Performance__Pct":100,"Location":"HI"},{"Period":"2014-02-06","Cust__Service__Performance__Pct":69.2307692307692,"Location":"VE"},{"Period":"2014-02-06","Cust__Service__Performance__Pct":84.6153846153846,"Location":"PU"},{"Period":"2014-02-07","Cust__Service__Performance__Pct":83.3333333333333,"Location":"HI"},{"Period":"2014-02-07","Cust__Service__Performance__Pct":100,"Location":"VE"},{"Period":"2014-02-07","Cust__Service__Performance__Pct":85.7142857142857,"Location":"PU"},{"Period":"2014-02-08","Cust__Service__Performance__Pct":100,"Location":"HI"},{"Period":"2014-02-08","Cust__Service__Performance__Pct":92.3076923076923,"Location":"VE"},{"Period":"2014-02-08","Cust__Service__Performance__Pct":100,"Location":"PU"}]}],"type":"J"}