{"message":"","count":0,"status":0,"data":[{"Cust_Service_Trend_Pct_Week_All":[{"Cust__Service__Trend__Pct":87.0967741935484,"Period":"2014-01-19"},{"Cust__Service__Trend__Pct":80.6451612903226,"Period":"2014-01-20"},{"Cust__Service__Trend__Pct":93.75,"Period":"2014-01-21"},{"Cust__Service__Trend__Pct":93.5483870967742,"Period":"2014-01-22"},{"Cust__Service__Trend__Pct":100,"Period":"2014-01-23"},{"Cust__Service__Trend__Pct":93.5483870967742,"Period":"2014-01-24"},{"Cust__Service__Trend__Pct":84.375,"Period":"2014-01-25"}],"Orders_Filled":[{"Orders__Filled":251595}],"Avg_Cust_Service_Performance_Pct":[{"Avg__Cust__Service__Performance__Pct":90.4109589041096}],"Prior_Avg_Cust_Service_Performance_Pct_Week":[{"Prior__Avg__Cust__Service__Performance__Pct":90.4977375565611}],"Prior_Orders_Filled_Week":[{"Prior__Orders__Filled":261690}],"Loads_Delivered":[{"Loads__Delivered":219}],"Cust_Service_Performance_Target_Pct_Week":[{"Cust__Service__Performance__Target__Pct":92}],"Cust_Service_Performance_Pct_Week_All":[{"Period":"2014-01-19","Cust__Service__Performance__Pct":100,"Location":"CAN"},{"Period":"2014-01-19","Cust__Service__Performance__Pct":100,"Location":"USA"},{"Period":"2014-01-19","Cust__Service__Performance__Pct":66.6666666666667,"Location":"MX"},{"Period":"2014-01-20","Cust__Service__Performance__Pct":87.5,"Location":"CAN"},{"Period":"2014-01-20","Cust__Service__Performance__Pct":60,"Location":"USA"},{"Period":"2014-01-20","Cust__Service__Performance__Pct":92.3076923076923,"Location":"MX"},{"Period":"2014-01-21","Cust__Service__Performance__Pct":77.7777777777778,"Location":"CAN"},{"Period":"2014-01-21","Cust__Service__Performance__Pct":100,"Location":"USA"},{"Period":"2014-01-21","Cust__Service__Performance__Pct":100,"Location":"MX"},{"Period":"2014-01-22","Cust__Service__Performance__Pct":87.5,"Location":"CAN"},{"Period":"2014-01-22","Cust__Service__Performance__Pct":100,"Location":"USA"},{"Period":"2014-01-22","Cust__Service__Performance__Pct":92.3076923076923,"Location":"MX"},{"Period":"2014-01-23","Cust__Service__Performance__Pct":100,"Location":"CAN"},{"Period":"2014-01-23","Cust__Service__Performance__Pct":100,"Location":"USA"},{"Period":"2014-01-23","Cust__Service__Performance__Pct":100,"Location":"MX"},{"Period":"2014-01-24","Cust__Service__Performance__Pct":100,"Location":"CAN"},{"Period":"2014-01-24","Cust__Service__Performance__Pct":100,"Location":"USA"},{"Period":"2014-01-24","Cust__Service__Performance__Pct":83.3333333333333,"Location":"MX"},{"Period":"2014-01-25","Cust__Service__Performance__Pct":75,"Location":"CAN"},{"Period":"2014-01-25","Cust__Service__Performance__Pct":81.8181818181818,"Location":"USA"},{"Period":"2014-01-25","Cust__Service__Performance__Pct":92.3076923076923,"Location":"MX"}],"Customers_Served":[{"Customers__Served":18}]}],"type":"J"}