{"message":"","count":0,"status":0,"data":[{"Orders_Filled":[{"Orders__Filled":73806}],"Avg_Cust_Service_Performance_Pct":[{"Avg__Cust__Service__Performance__Pct":92.5925925925926}],"Cust_Service_Performance_Pct_Month_Region":[{"Period":"2013-W40","Cust__Service__Performance__Pct":75,"Location":"AZ"},{"Period":"2013-W40","Cust__Service__Performance__Pct":100,"Location":"CA"},{"Period":"2013-W40","Cust__Service__Performance__Pct":100,"Location":"NV"},{"Period":"2013-W41","Cust__Service__Performance__Pct":100,"Location":"AZ"},{"Period":"2013-W41","Cust__Service__Performance__Pct":75,"Location":"CA"},{"Period":"2013-W41","Cust__Service__Performance__Pct":83.3333333333333,"Location":"NV"},{"Period":"2013-W42","Cust__Service__Performance__Pct":100,"Location":"AZ"},{"Period":"2013-W42","Cust__Service__Performance__Pct":100,"Location":"CA"},{"Period":"2013-W42","Cust__Service__Performance__Pct":100,"Location":"NV"},{"Period":"2013-W43","Cust__Service__Performance__Pct":100,"Location":"AZ"},{"Period":"2013-W43","Cust__Service__Performance__Pct":100,"Location":"CA"},{"Period":"2013-W43","Cust__Service__Performance__Pct":75,"Location":"NV"}],"Prior_Orders_Filled_Month":[{"Prior__Orders__Filled":65076}],"Cust_Service_Trend_Pct_Month_Region":[{"Cust__Service__Trend__Pct":92.8571428571429,"Period":"2013-W40"},{"Cust__Service__Trend__Pct":84.6153846153846,"Period":"2013-W41"},{"Cust__Service__Trend__Pct":100,"Period":"2013-W42"},{"Cust__Service__Trend__Pct":93.3333333333333,"Period":"2013-W43"}],"Loads_Delivered":[{"Loads__Delivered":54}],"Cust_Service_Performance_Target_Pct_Month":[{"Cust__Service__Performance__Target__Pct":92}],"Customers_Served":[{"Customers__Served":18}],"Prior_Avg_Cust_Service_Performance_Pct_Month":[{"Prior__Avg__Cust__Service__Performance__Pct":90.1960784313726}]}],"type":"J"}