{"message":"","count":0,"status":0,"data":[{"Cust_Service_Performance_Pct_Quarter_Region":[{"Period":"2013-W01","Cust__Service__Performance__Pct":100,"Location":"CH"},{"Period":"2013-W01","Cust__Service__Performance__Pct":83.3333333333333,"Location":"BS"},{"Period":"2013-W01","Cust__Service__Performance__Pct":75,"Location":"BN"},{"Period":"2013-W01","Cust__Service__Performance__Pct":100,"Location":"DU"},{"Period":"2013-W02","Cust__Service__Performance__Pct":80,"Location":"CH"},{"Period":"2013-W02","Cust__Service__Performance__Pct":100,"Location":"BS"},{"Period":"2013-W02","Cust__Service__Performance__Pct":100,"Location":"BN"},{"Period":"2013-W02","Cust__Service__Performance__Pct":100,"Location":"DU"},{"Period":"2013-W03","Cust__Service__Performance__Pct":66.6666666666667,"Location":"CH"},{"Period":"2013-W03","Cust__Service__Performance__Pct":100,"Location":"BS"},{"Period":"2013-W03","Cust__Service__Performance__Pct":80,"Location":"BN"},{"Period":"2013-W03","Cust__Service__Performance__Pct":100,"Location":"DU"},{"Period":"2013-W04","Cust__Service__Performance__Pct":100,"Location":"CH"},{"Period":"2013-W04","Cust__Service__Performance__Pct":100,"Location":"BS"},{"Period":"2013-W04","Cust__Service__Performance__Pct":100,"Location":"BN"},{"Period":"2013-W04","Cust__Service__Performance__Pct":100,"Location":"DU"},{"Period":"2013-W05","Cust__Service__Performance__Pct":75,"Location":"CH"},{"Period":"2013-W05","Cust__Service__Performance__Pct":100,"Location":"BS"},{"Period":"2013-W05","Cust__Service__Performance__Pct":100,"Location":"BN"},{"Period":"2013-W05","Cust__Service__Performance__Pct":50,"Location":"DU"},{"Period":"2013-W06","Cust__Service__Performance__Pct":100,"Location":"CH"},{"Period":"2013-W06","Cust__Service__Performance__Pct":100,"Location":"BS"},{"Period":"2013-W06","Cust__Service__Performance__Pct":100,"Location":"BN"},{"Period":"2013-W06","Cust__Service__Performance__Pct":66.6666666666667,"Location":"DU"},{"Period":"2013-W07","Cust__Service__Performance__Pct":66.6666666666667,"Location":"CH"},{"Period":"2013-W07","Cust__Service__Performance__Pct":66.6666666666667,"Location":"BS"},{"Period":"2013-W07","Cust__Service__Performance__Pct":100,"Location":"BN"},{"Period":"2013-W07","Cust__Service__Performance__Pct":100,"Location":"DU"},{"Period":"2013-W08","Cust__Service__Performance__Pct":100,"Location":"CH"},{"Period":"2013-W08","Cust__Service__Performance__Pct":100,"Location":"BS"},{"Period":"2013-W08","Cust__Service__Performance__Pct":100,"Location":"BN"},{"Period":"2013-W08","Cust__Service__Performance__Pct":83.3333333333333,"Location":"DU"},{"Period":"2013-W09","Cust__Service__Performance__Pct":66.6666666666667,"Location":"CH"},{"Period":"2013-W09","Cust__Service__Performance__Pct":100,"Location":"BS"},{"Period":"2013-W09","Cust__Service__Performance__Pct":100,"Location":"BN"},{"Period":"2013-W09","Cust__Service__Performance__Pct":100,"Location":"DU"},{"Period":"2013-W10","Cust__Service__Performance__Pct":100,"Location":"CH"},{"Period":"2013-W10","Cust__Service__Performance__Pct":100,"Location":"BS"},{"Period":"2013-W10","Cust__Service__Performance__Pct":100,"Location":"BN"},{"Period":"2013-W10","Cust__Service__Performance__Pct":100,"Location":"DU"},{"Period":"2013-W11","Cust__Service__Performance__Pct":100,"Location":"CH"},{"Period":"2013-W11","Cust__Service__Performance__Pct":100,"Location":"BS"},{"Period":"2013-W11","Cust__Service__Performance__Pct":75,"Location":"BN"},{"Period":"2013-W11","Cust__Service__Performance__Pct":66.6666666666667,"Location":"DU"},{"Period":"2013-W12","Cust__Service__Performance__Pct":100,"Location":"CH"},{"Period":"2013-W12","Cust__Service__Performance__Pct":66.6666666666667,"Location":"BS"},{"Period":"2013-W12","Cust__Service__Performance__Pct":83.3333333333333,"Location":"BN"},{"Period":"2013-W12","Cust__Service__Performance__Pct":100,"Location":"DU"},{"Period":"2013-W13","Cust__Service__Performance__Pct":100,"Location":"CH"},{"Period":"2013-W13","Cust__Service__Performance__Pct":80,"Location":"BS"},{"Period":"2013-W13","Cust__Service__Performance__Pct":75,"Location":"BN"},{"Period":"2013-W13","Cust__Service__Performance__Pct":80,"Location":"DU"}],"Orders_Filled":[{"Orders__Filled":259577}],"Prior_Avg_Cust_Service_Performance_Pct_Quarter":[{"Prior__Avg__Cust__Service__Performance__Pct":90.2834008097166}],"Avg_Cust_Service_Performance_Pct":[{"Avg__Cust__Service__Performance__Pct":90.2222222222222}],"Cust_Service_Trend_Pct_Quarter_Region":[{"Cust__Service__Trend__Pct":87.5,"Period":"2013-W01"},{"Cust__Service__Trend__Pct":93.75,"Period":"2013-W02"},{"Cust__Service__Trend__Pct":84.2105263157895,"Period":"2013-W03"},{"Cust__Service__Trend__Pct":100,"Period":"2013-W04"},{"Cust__Service__Trend__Pct":82.3529411764706,"Period":"2013-W05"},{"Cust__Service__Trend__Pct":93.75,"Period":"2013-W06"},{"Cust__Service__Trend__Pct":82.3529411764706,"Period":"2013-W07"},{"Cust__Service__Trend__Pct":94.7368421052632,"Period":"2013-W08"},{"Cust__Service__Trend__Pct":94.1176470588235,"Period":"2013-W09"},{"Cust__Service__Trend__Pct":100,"Period":"2013-W10"},{"Cust__Service__Trend__Pct":88.2352941176471,"Period":"2013-W11"},{"Cust__Service__Trend__Pct":88.8888888888889,"Period":"2013-W12"},{"Cust__Service__Trend__Pct":83.3333333333333,"Period":"2013-W13"}],"Loads_Delivered":[{"Loads__Delivered":225}],"Prior_Orders_Filled_Quarter":[{"Prior__Orders__Filled":293022}],"Customers_Served":[{"Customers__Served":18}],"Cust_Service_Performance_Target_Pct_Quarter":[{"Cust__Service__Performance__Target__Pct":90}]}],"type":"J"}