{"message":"","count":0,"status":0,"data":[{"Orders_Filled":[{"Orders__Filled":16320}],"Avg_Cust_Service_Performance_Pct":[{"Avg__Cust__Service__Performance__Pct":81.25}],"Prior_Avg_Cust_Service_Performance_Pct_Week":[{"Prior__Avg__Cust__Service__Performance__Pct":81.25}],"Prior_Orders_Filled_Week":[{"Prior__Orders__Filled":18506}],"Loads_Delivered":[{"Loads__Delivered":16}],"Cust_Service_Performance_Target_Pct_Week":[{"Cust__Service__Performance__Target__Pct":92}],"Customers_Served":[{"Customers__Served":13}],"Cust_Service_Trend_Pct_Week_Region":[{"Cust__Service__Trend__Pct":100,"Period":"2014-01-26"},{"Cust__Service__Trend__Pct":100,"Period":"2014-01-27"},{"Cust__Service__Trend__Pct":0,"Period":"2014-01-28"},{"Cust__Service__Trend__Pct":100,"Period":"2014-01-29"},{"Cust__Service__Trend__Pct":100,"Period":"2014-01-30"},{"Cust__Service__Trend__Pct":66.6666666666667,"Period":"2014-01-31"},{"Cust__Service__Trend__Pct":100,"Period":"2014-02-01"}],"Cust_Service_Performance_Pct_Week_Region":[{"Period":"2014-01-26","Cust__Service__Performance__Pct":100,"Location":"CH"},{"Period":"2014-01-26","Cust__Service__Performance__Pct":100,"Location":"DU"},{"Period":"2014-01-27","Cust__Service__Performance__Pct":100,"Location":"CH"},{"Period":"2014-01-27","Cust__Service__Performance__Pct":100,"Location":"BS"},{"Period":"2014-01-27","Cust__Service__Performance__Pct":100,"Location":"BN"},{"Period":"2014-01-28","Cust__Service__Performance__Pct":0,"Location":"CH"},{"Period":"2014-01-28","Cust__Service__Performance__Pct":0,"Location":"DU"},{"Period":"2014-01-29","Cust__Service__Performance__Pct":100,"Location":"BS"},{"Period":"2014-01-29","Cust__Service__Performance__Pct":100,"Location":"BN"},{"Period":"2014-01-30","Cust__Service__Performance__Pct":100,"Location":"CH"},{"Period":"2014-01-30","Cust__Service__Performance__Pct":100,"Location":"DU"},{"Period":"2014-01-31","Cust__Service__Performance__Pct":100,"Location":"CH"},{"Period":"2014-01-31","Cust__Service__Performance__Pct":0,"Location":"BS"},{"Period":"2014-01-31","Cust__Service__Performance__Pct":100,"Location":"BN"},{"Period":"2014-02-01","Cust__Service__Performance__Pct":100,"Location":"CH"},{"Period":"2014-02-01","Cust__Service__Performance__Pct":100,"Location":"DU"}]}],"type":"J"}