{"message":"","count":0,"status":0,"data":[{"Orders_Filled":[{"Orders__Filled":645163}],"Avg_Cust_Service_Performance_Pct":[{"Avg__Cust__Service__Performance__Pct":85.7768052516411}],"Prior_Avg_Cust_Service_Performance_Pct_Week":[{"Prior__Avg__Cust__Service__Performance__Pct":82.6086956521739}],"Prior_Orders_Filled_Week":[{"Prior__Orders__Filled":25633}],"Loads_Delivered":[{"Loads__Delivered":457}],"Cust_Service_Performance_Target_Pct_Week":[{"Cust__Service__Performance__Target__Pct":88}],"Customers_Served":[{"Customers__Served":18}],"Cust_Service_Trend_Pct_Week_Region":[{"Cust__Service__Trend__Pct":83.5820895522388,"Period":"2014-02-02"},{"Cust__Service__Trend__Pct":90.9090909090909,"Period":"2014-02-03"},{"Cust__Service__Trend__Pct":80,"Period":"2014-02-04"},{"Cust__Service__Trend__Pct":83.0769230769231,"Period":"2014-02-05"},{"Cust__Service__Trend__Pct":86.1538461538462,"Period":"2014-02-06"},{"Cust__Service__Trend__Pct":89.0625,"Period":"2014-02-07"},{"Cust__Service__Trend__Pct":87.6923076923077,"Period":"2014-02-08"}],"Cust_Service_Performance_Pct_Week_Region":[{"Period":"2014-02-02","Cust__Service__Performance__Pct":85.7142857142857,"Location":"CP"},{"Period":"2014-02-02","Cust__Service__Performance__Pct":83.3333333333333,"Location":"TB"},{"Period":"2014-02-02","Cust__Service__Performance__Pct":69.2307692307692,"Location":"CM"},{"Period":"2014-02-02","Cust__Service__Performance__Pct":86.6666666666667,"Location":"QR"},{"Period":"2014-02-02","Cust__Service__Performance__Pct":92.3076923076923,"Location":"YU"},{"Period":"2014-02-03","Cust__Service__Performance__Pct":92.8571428571429,"Location":"CP"},{"Period":"2014-02-03","Cust__Service__Performance__Pct":100,"Location":"TB"},{"Period":"2014-02-03","Cust__Service__Performance__Pct":86.6666666666667,"Location":"CM"},{"Period":"2014-02-03","Cust__Service__Performance__Pct":91.6666666666667,"Location":"QR"},{"Period":"2014-02-03","Cust__Service__Performance__Pct":84.6153846153846,"Location":"YU"},{"Period":"2014-02-04","Cust__Service__Performance__Pct":83.3333333333333,"Location":"CP"},{"Period":"2014-02-04","Cust__Service__Performance__Pct":66.6666666666667,"Location":"TB"},{"Period":"2014-02-04","Cust__Service__Performance__Pct":100,"Location":"CM"},{"Period":"2014-02-04","Cust__Service__Performance__Pct":84.6153846153846,"Location":"QR"},{"Period":"2014-02-04","Cust__Service__Performance__Pct":66.6666666666667,"Location":"YU"},{"Period":"2014-02-05","Cust__Service__Performance__Pct":83.3333333333333,"Location":"CP"},{"Period":"2014-02-05","Cust__Service__Performance__Pct":71.4285714285714,"Location":"TB"},{"Period":"2014-02-05","Cust__Service__Performance__Pct":92.8571428571429,"Location":"CM"},{"Period":"2014-02-05","Cust__Service__Performance__Pct":75,"Location":"QR"},{"Period":"2014-02-05","Cust__Service__Performance__Pct":92.3076923076923,"Location":"YU"},{"Period":"2014-02-06","Cust__Service__Performance__Pct":75,"Location":"CP"},{"Period":"2014-02-06","Cust__Service__Performance__Pct":92.8571428571429,"Location":"TB"},{"Period":"2014-02-06","Cust__Service__Performance__Pct":83.3333333333333,"Location":"CM"},{"Period":"2014-02-06","Cust__Service__Performance__Pct":84.6153846153846,"Location":"QR"},{"Period":"2014-02-06","Cust__Service__Performance__Pct":92.8571428571429,"Location":"YU"},{"Period":"2014-02-07","Cust__Service__Performance__Pct":84.6153846153846,"Location":"CP"},{"Period":"2014-02-07","Cust__Service__Performance__Pct":85.7142857142857,"Location":"TB"},{"Period":"2014-02-07","Cust__Service__Performance__Pct":91.6666666666667,"Location":"CM"},{"Period":"2014-02-07","Cust__Service__Performance__Pct":92.8571428571429,"Location":"QR"},{"Period":"2014-02-07","Cust__Service__Performance__Pct":90.9090909090909,"Location":"YU"},{"Period":"2014-02-08","Cust__Service__Performance__Pct":85.7142857142857,"Location":"CP"},{"Period":"2014-02-08","Cust__Service__Performance__Pct":83.3333333333333,"Location":"TB"},{"Period":"2014-02-08","Cust__Service__Performance__Pct":90.9090909090909,"Location":"CM"},{"Period":"2014-02-08","Cust__Service__Performance__Pct":93.3333333333333,"Location":"QR"},{"Period":"2014-02-08","Cust__Service__Performance__Pct":84.6153846153846,"Location":"YU"}]}],"type":"J"}