{"message":"","count":0,"status":0,"data":[{"Orders_Filled":[{"Orders__Filled":1125671}],"Prior_Avg_Cust_Service_Performance_Pct_Quarter":[{"Prior__Avg__Cust__Service__Performance__Pct":89.8550724637681}],"Avg_Cust_Service_Performance_Pct":[{"Avg__Cust__Service__Performance__Pct":88.2414151925078}],"Loads_Delivered":[{"Loads__Delivered":961}],"Cust_Service_Performance_Pct_Quarter_Country":[{"Period":"2013-W01","Cust__Service__Performance__Pct":76.9230769230769,"Location":"West"},{"Period":"2013-W01","Cust__Service__Performance__Pct":80.9523809523809,"Location":"Northeast"},{"Period":"2013-W01","Cust__Service__Performance__Pct":100,"Location":"Midwest"},{"Period":"2013-W01","Cust__Service__Performance__Pct":90.9090909090909,"Location":"South"},{"Period":"2013-W02","Cust__Service__Performance__Pct":84.6153846153846,"Location":"West"},{"Period":"2013-W02","Cust__Service__Performance__Pct":95.2380952380952,"Location":"Northeast"},{"Period":"2013-W02","Cust__Service__Performance__Pct":88.8888888888889,"Location":"Midwest"},{"Period":"2013-W02","Cust__Service__Performance__Pct":82.6086956521739,"Location":"South"},{"Period":"2013-W03","Cust__Service__Performance__Pct":100,"Location":"West"},{"Period":"2013-W03","Cust__Service__Performance__Pct":86.3636363636364,"Location":"Northeast"},{"Period":"2013-W03","Cust__Service__Performance__Pct":78.9473684210526,"Location":"Midwest"},{"Period":"2013-W03","Cust__Service__Performance__Pct":90,"Location":"South"},{"Period":"2013-W04","Cust__Service__Performance__Pct":84.6153846153846,"Location":"West"},{"Period":"2013-W04","Cust__Service__Performance__Pct":81.8181818181818,"Location":"Northeast"},{"Period":"2013-W04","Cust__Service__Performance__Pct":93.75,"Location":"Midwest"},{"Period":"2013-W04","Cust__Service__Performance__Pct":100,"Location":"South"},{"Period":"2013-W05","Cust__Service__Performance__Pct":100,"Location":"West"},{"Period":"2013-W05","Cust__Service__Performance__Pct":86.9565217391304,"Location":"Northeast"},{"Period":"2013-W05","Cust__Service__Performance__Pct":82.3529411764706,"Location":"Midwest"},{"Period":"2013-W05","Cust__Service__Performance__Pct":86.3636363636364,"Location":"South"},{"Period":"2013-W06","Cust__Service__Performance__Pct":85.7142857142857,"Location":"West"},{"Period":"2013-W06","Cust__Service__Performance__Pct":75,"Location":"Northeast"},{"Period":"2013-W06","Cust__Service__Performance__Pct":82.3529411764706,"Location":"Midwest"},{"Period":"2013-W06","Cust__Service__Performance__Pct":91.304347826087,"Location":"South"},{"Period":"2013-W07","Cust__Service__Performance__Pct":100,"Location":"West"},{"Period":"2013-W07","Cust__Service__Performance__Pct":77.2727272727273,"Location":"Northeast"},{"Period":"2013-W07","Cust__Service__Performance__Pct":80,"Location":"Midwest"},{"Period":"2013-W07","Cust__Service__Performance__Pct":89.4736842105263,"Location":"South"},{"Period":"2013-W08","Cust__Service__Performance__Pct":100,"Location":"West"},{"Period":"2013-W08","Cust__Service__Performance__Pct":81.8181818181818,"Location":"Northeast"},{"Period":"2013-W08","Cust__Service__Performance__Pct":87.5,"Location":"Midwest"},{"Period":"2013-W08","Cust__Service__Performance__Pct":91.304347826087,"Location":"South"},{"Period":"2013-W09","Cust__Service__Performance__Pct":100,"Location":"West"},{"Period":"2013-W09","Cust__Service__Performance__Pct":95.6521739130435,"Location":"Northeast"},{"Period":"2013-W09","Cust__Service__Performance__Pct":81.25,"Location":"Midwest"},{"Period":"2013-W09","Cust__Service__Performance__Pct":90.9090909090909,"Location":"South"},{"Period":"2013-W10","Cust__Service__Performance__Pct":100,"Location":"West"},{"Period":"2013-W10","Cust__Service__Performance__Pct":94.7368421052632,"Location":"Northeast"},{"Period":"2013-W10","Cust__Service__Performance__Pct":78.9473684210526,"Location":"Midwest"},{"Period":"2013-W10","Cust__Service__Performance__Pct":95.6521739130435,"Location":"South"},{"Period":"2013-W11","Cust__Service__Performance__Pct":78.5714285714286,"Location":"West"},{"Period":"2013-W11","Cust__Service__Performance__Pct":82.6086956521739,"Location":"Northeast"},{"Period":"2013-W11","Cust__Service__Performance__Pct":83.3333333333333,"Location":"Midwest"},{"Period":"2013-W11","Cust__Service__Performance__Pct":68.4210526315789,"Location":"South"},{"Period":"2013-W12","Cust__Service__Performance__Pct":92.3076923076923,"Location":"West"},{"Period":"2013-W12","Cust__Service__Performance__Pct":90.9090909090909,"Location":"Northeast"},{"Period":"2013-W12","Cust__Service__Performance__Pct":88.2352941176471,"Location":"Midwest"},{"Period":"2013-W12","Cust__Service__Performance__Pct":95.4545454545455,"Location":"South"},{"Period":"2013-W13","Cust__Service__Performance__Pct":91.6666666666667,"Location":"West"},{"Period":"2013-W13","Cust__Service__Performance__Pct":82.6086956521739,"Location":"Northeast"},{"Period":"2013-W13","Cust__Service__Performance__Pct":100,"Location":"Midwest"},{"Period":"2013-W13","Cust__Service__Performance__Pct":100,"Location":"South"}],"Prior_Orders_Filled_Quarter":[{"Prior__Orders__Filled":1221881}],"Cust_Service_Trend_Pct_Quarter_Country":[{"Cust__Service__Trend__Pct":87.5,"Period":"2013-W01"},{"Cust__Service__Trend__Pct":88,"Period":"2013-W02"},{"Cust__Service__Trend__Pct":88,"Period":"2013-W03"},{"Cust__Service__Trend__Pct":90.4109589041096,"Period":"2013-W04"},{"Cust__Service__Trend__Pct":87.8378378378378,"Period":"2013-W05"},{"Cust__Service__Trend__Pct":83.7837837837838,"Period":"2013-W06"},{"Cust__Service__Trend__Pct":85.1351351351351,"Period":"2013-W07"},{"Cust__Service__Trend__Pct":89.041095890411,"Period":"2013-W08"},{"Cust__Service__Trend__Pct":92,"Period":"2013-W09"},{"Cust__Service__Trend__Pct":91.7808219178082,"Period":"2013-W10"},{"Cust__Service__Trend__Pct":78.3783783783784,"Period":"2013-W11"},{"Cust__Service__Trend__Pct":91.8918918918919,"Period":"2013-W12"},{"Cust__Service__Trend__Pct":93.3333333333333,"Period":"2013-W13"}],"Customers_Served":[{"Customers__Served":18}],"Cust_Service_Performance_Target_Pct_Quarter":[{"Cust__Service__Performance__Target__Pct":90}]}],"type":"J"}