{"message":"","count":0,"status":0,"data":[{"Orders_Filled":[{"Orders__Filled":436940}],"Avg_Cust_Service_Performance_Pct":[{"Avg__Cust__Service__Performance__Pct":87.5}],"Prior_Orders_Filled_Month":[{"Prior__Orders__Filled":353064}],"Loads_Delivered":[{"Loads__Delivered":368}],"Cust_Service_Performance_Pct_Month_Country":[{"Period":"2013-W44","Cust__Service__Performance__Pct":91.6666666666667,"Location":"West"},{"Period":"2013-W44","Cust__Service__Performance__Pct":90.9090909090909,"Location":"Northeast"},{"Period":"2013-W44","Cust__Service__Performance__Pct":94.7368421052632,"Location":"Midwest"},{"Period":"2013-W44","Cust__Service__Performance__Pct":100,"Location":"South"},{"Period":"2013-W45","Cust__Service__Performance__Pct":92.3076923076923,"Location":"West"},{"Period":"2013-W45","Cust__Service__Performance__Pct":87.5,"Location":"Northeast"},{"Period":"2013-W45","Cust__Service__Performance__Pct":100,"Location":"Midwest"},{"Period":"2013-W45","Cust__Service__Performance__Pct":95.2380952380952,"Location":"South"},{"Period":"2013-W46","Cust__Service__Performance__Pct":76.9230769230769,"Location":"West"},{"Period":"2013-W46","Cust__Service__Performance__Pct":86.3636363636364,"Location":"Northeast"},{"Period":"2013-W46","Cust__Service__Performance__Pct":82.3529411764706,"Location":"Midwest"},{"Period":"2013-W46","Cust__Service__Performance__Pct":91.304347826087,"Location":"South"},{"Period":"2013-W47","Cust__Service__Performance__Pct":84.6153846153846,"Location":"West"},{"Period":"2013-W47","Cust__Service__Performance__Pct":85,"Location":"Northeast"},{"Period":"2013-W47","Cust__Service__Performance__Pct":82.3529411764706,"Location":"Midwest"},{"Period":"2013-W47","Cust__Service__Performance__Pct":72.7272727272727,"Location":"South"},{"Period":"2013-W48","Cust__Service__Performance__Pct":84.6153846153846,"Location":"West"},{"Period":"2013-W48","Cust__Service__Performance__Pct":90.4761904761905,"Location":"Northeast"},{"Period":"2013-W48","Cust__Service__Performance__Pct":66.6666666666667,"Location":"Midwest"},{"Period":"2013-W48","Cust__Service__Performance__Pct":90.4761904761905,"Location":"South"}],"Cust_Service_Performance_Target_Pct_Month":[{"Cust__Service__Performance__Target__Pct":92}],"Customers_Served":[{"Customers__Served":18}],"Cust_Service_Trend_Pct_Month_Country":[{"Cust__Service__Trend__Pct":94.5205479452055,"Period":"2013-W44"},{"Cust__Service__Trend__Pct":93.3333333333333,"Period":"2013-W45"},{"Cust__Service__Trend__Pct":85.3333333333333,"Period":"2013-W46"},{"Cust__Service__Trend__Pct":80.5555555555556,"Period":"2013-W47"},{"Cust__Service__Trend__Pct":83.5616438356164,"Period":"2013-W48"}],"Prior_Avg_Cust_Service_Performance_Pct_Month":[{"Prior__Avg__Cust__Service__Performance__Pct":88.8513513513514}]}],"type":"J"}