{"message":"","count":0,"status":0,"data":[{"Cust_Service_Performance_Pct_Quarter_All":[{"Period":"2013-W27","Cust__Service__Performance__Pct":92.9824561403509,"Location":"CAN"},{"Period":"2013-W27","Cust__Service__Performance__Pct":88,"Location":"USA"},{"Period":"2013-W27","Cust__Service__Performance__Pct":90.2173913043478,"Location":"MX"},{"Period":"2013-W28","Cust__Service__Performance__Pct":91.2280701754386,"Location":"CAN"},{"Period":"2013-W28","Cust__Service__Performance__Pct":86.4864864864865,"Location":"USA"},{"Period":"2013-W28","Cust__Service__Performance__Pct":86.8131868131868,"Location":"MX"},{"Period":"2013-W29","Cust__Service__Performance__Pct":96.3636363636364,"Location":"CAN"},{"Period":"2013-W29","Cust__Service__Performance__Pct":94.5945945945946,"Location":"USA"},{"Period":"2013-W29","Cust__Service__Performance__Pct":86.9565217391304,"Location":"MX"},{"Period":"2013-W30","Cust__Service__Performance__Pct":85.9649122807018,"Location":"CAN"},{"Period":"2013-W30","Cust__Service__Performance__Pct":86.1111111111111,"Location":"USA"},{"Period":"2013-W30","Cust__Service__Performance__Pct":91.2087912087912,"Location":"MX"},{"Period":"2013-W31","Cust__Service__Performance__Pct":84.2105263157895,"Location":"CAN"},{"Period":"2013-W31","Cust__Service__Performance__Pct":89.3333333333333,"Location":"USA"},{"Period":"2013-W31","Cust__Service__Performance__Pct":81.1111111111111,"Location":"MX"},{"Period":"2013-W32","Cust__Service__Performance__Pct":83.9285714285714,"Location":"CAN"},{"Period":"2013-W32","Cust__Service__Performance__Pct":86.6666666666667,"Location":"USA"},{"Period":"2013-W32","Cust__Service__Performance__Pct":87.0967741935484,"Location":"MX"},{"Period":"2013-W33","Cust__Service__Performance__Pct":92.9824561403509,"Location":"CAN"},{"Period":"2013-W33","Cust__Service__Performance__Pct":84.9315068493151,"Location":"USA"},{"Period":"2013-W33","Cust__Service__Performance__Pct":91.1111111111111,"Location":"MX"},{"Period":"2013-W34","Cust__Service__Performance__Pct":85.4545454545455,"Location":"CAN"},{"Period":"2013-W34","Cust__Service__Performance__Pct":94.5945945945946,"Location":"USA"},{"Period":"2013-W34","Cust__Service__Performance__Pct":89.1304347826087,"Location":"MX"},{"Period":"2013-W35","Cust__Service__Performance__Pct":85.9649122807018,"Location":"CAN"},{"Period":"2013-W35","Cust__Service__Performance__Pct":91.8918918918919,"Location":"USA"},{"Period":"2013-W35","Cust__Service__Performance__Pct":86.8131868131868,"Location":"MX"},{"Period":"2013-W36","Cust__Service__Performance__Pct":84.4827586206897,"Location":"CAN"},{"Period":"2013-W36","Cust__Service__Performance__Pct":81.0810810810811,"Location":"USA"},{"Period":"2013-W36","Cust__Service__Performance__Pct":94.4444444444444,"Location":"MX"},{"Period":"2013-W37","Cust__Service__Performance__Pct":91.0714285714286,"Location":"CAN"},{"Period":"2013-W37","Cust__Service__Performance__Pct":90.4109589041096,"Location":"USA"},{"Period":"2013-W37","Cust__Service__Performance__Pct":91.3978494623656,"Location":"MX"},{"Period":"2013-W38","Cust__Service__Performance__Pct":87.2727272727273,"Location":"CAN"},{"Period":"2013-W38","Cust__Service__Performance__Pct":94.6666666666667,"Location":"USA"},{"Period":"2013-W38","Cust__Service__Performance__Pct":86.8131868131868,"Location":"MX"},{"Period":"2013-W39","Cust__Service__Performance__Pct":89.4736842105263,"Location":"CAN"},{"Period":"2013-W39","Cust__Service__Performance__Pct":91.7808219178082,"Location":"USA"},{"Period":"2013-W39","Cust__Service__Performance__Pct":93.4065934065934,"Location":"MX"}],"Orders_Filled":[{"Orders__Filled":3368941}],"Prior_Avg_Cust_Service_Performance_Pct_Quarter":[{"Prior__Avg__Cust__Service__Performance__Pct":89.6491837443557}],"Avg_Cust_Service_Performance_Pct":[{"Avg__Cust__Service__Performance__Pct":88.9659958362248}],"Loads_Delivered":[{"Loads__Delivered":2882}],"Prior_Orders_Filled_Quarter":[{"Prior__Orders__Filled":3335225}],"Customers_Served":[{"Customers__Served":18}],"Cust_Service_Trend_Pct_Quarter_All":[{"Cust__Service__Trend__Pct":90.1785714285714,"Period":"2013-W27"},{"Cust__Service__Trend__Pct":87.8378378378378,"Period":"2013-W28"},{"Cust__Service__Trend__Pct":91.8552036199095,"Period":"2013-W29"},{"Cust__Service__Trend__Pct":88.1818181818182,"Period":"2013-W30"},{"Cust__Service__Trend__Pct":84.6846846846847,"Period":"2013-W31"},{"Cust__Service__Trend__Pct":86.1607142857143,"Period":"2013-W32"},{"Cust__Service__Trend__Pct":89.5454545454545,"Period":"2013-W33"},{"Cust__Service__Trend__Pct":90.0452488687783,"Period":"2013-W34"},{"Cust__Service__Trend__Pct":88.2882882882883,"Period":"2013-W35"},{"Cust__Service__Trend__Pct":87.3873873873874,"Period":"2013-W36"},{"Cust__Service__Trend__Pct":90.990990990991,"Period":"2013-W37"},{"Cust__Service__Trend__Pct":89.5927601809955,"Period":"2013-W38"},{"Cust__Service__Trend__Pct":91.8552036199095,"Period":"2013-W39"}],"Cust_Service_Performance_Target_Pct_Quarter":[{"Cust__Service__Performance__Target__Pct":92}]}],"type":"J"}