{"message":"","count":0,"status":0,"data":[{"Orders_Filled":[{"Orders__Filled":82067}],"Avg_Cust_Service_Performance_Pct":[{"Avg__Cust__Service__Performance__Pct":91.4285714285714}],"Cust_Service_Performance_Pct_Month_Region":[{"Period":"2013-W49","Cust__Service__Performance__Pct":100,"Location":"IL"},{"Period":"2013-W49","Cust__Service__Performance__Pct":100,"Location":"MN"},{"Period":"2013-W49","Cust__Service__Performance__Pct":50,"Location":"WI"},{"Period":"2013-W49","Cust__Service__Performance__Pct":100,"Location":"OH"},{"Period":"2013-W50","Cust__Service__Performance__Pct":100,"Location":"IL"},{"Period":"2013-W50","Cust__Service__Performance__Pct":100,"Location":"MN"},{"Period":"2013-W50","Cust__Service__Performance__Pct":100,"Location":"WI"},{"Period":"2013-W50","Cust__Service__Performance__Pct":100,"Location":"OH"},{"Period":"2013-W51","Cust__Service__Performance__Pct":66.6666666666667,"Location":"IL"},{"Period":"2013-W51","Cust__Service__Performance__Pct":100,"Location":"MN"},{"Period":"2013-W51","Cust__Service__Performance__Pct":100,"Location":"WI"},{"Period":"2013-W51","Cust__Service__Performance__Pct":100,"Location":"OH"},{"Period":"2013-W52","Cust__Service__Performance__Pct":100,"Location":"IL"},{"Period":"2013-W52","Cust__Service__Performance__Pct":75,"Location":"MN"},{"Period":"2013-W52","Cust__Service__Performance__Pct":100,"Location":"WI"},{"Period":"2013-W52","Cust__Service__Performance__Pct":66.6666666666667,"Location":"OH"}],"Prior_Orders_Filled_Month":[{"Prior__Orders__Filled":100338}],"Cust_Service_Trend_Pct_Month_Region":[{"Cust__Service__Trend__Pct":88.8888888888889,"Period":"2013-W49"},{"Cust__Service__Trend__Pct":100,"Period":"2013-W50"},{"Cust__Service__Trend__Pct":93.3333333333333,"Period":"2013-W51"},{"Cust__Service__Trend__Pct":85,"Period":"2013-W52"}],"Loads_Delivered":[{"Loads__Delivered":70}],"Cust_Service_Performance_Target_Pct_Month":[{"Cust__Service__Performance__Target__Pct":92}],"Customers_Served":[{"Customers__Served":18}],"Prior_Avg_Cust_Service_Performance_Pct_Month":[{"Prior__Avg__Cust__Service__Performance__Pct":85.2272727272727}]}],"type":"J"}