{"message":"","count":0,"status":0,"data":[{"Orders_Filled":[{"Orders__Filled":133184}],"Avg_Cust_Service_Performance_Pct":[{"Avg__Cust__Service__Performance__Pct":91.304347826087}],"Prior_Avg_Cust_Service_Performance_Pct_Week":[{"Prior__Avg__Cust__Service__Performance__Pct":100}],"Prior_Orders_Filled_Week":[{"Prior__Orders__Filled":3586}],"Loads_Delivered":[{"Loads__Delivered":92}],"Cust_Service_Performance_Target_Pct_Week":[{"Cust__Service__Performance__Target__Pct":88}],"Customers_Served":[{"Customers__Served":18}],"Cust_Service_Trend_Pct_Week_Region":[{"Cust__Service__Trend__Pct":85.7142857142857,"Period":"2014-02-02"},{"Cust__Service__Trend__Pct":90.9090909090909,"Period":"2014-02-03"},{"Cust__Service__Trend__Pct":100,"Period":"2014-02-04"},{"Cust__Service__Trend__Pct":100,"Period":"2014-02-05"},{"Cust__Service__Trend__Pct":86.6666666666667,"Period":"2014-02-06"},{"Cust__Service__Trend__Pct":100,"Period":"2014-02-07"},{"Cust__Service__Trend__Pct":80,"Period":"2014-02-08"}],"Cust_Service_Performance_Pct_Week_Region":[{"Period":"2014-02-02","Cust__Service__Performance__Pct":85.7142857142857,"Location":"QC"},{"Period":"2014-02-03","Cust__Service__Performance__Pct":90.9090909090909,"Location":"QC"},{"Period":"2014-02-04","Cust__Service__Performance__Pct":100,"Location":"QC"},{"Period":"2014-02-05","Cust__Service__Performance__Pct":100,"Location":"QC"},{"Period":"2014-02-06","Cust__Service__Performance__Pct":86.6666666666667,"Location":"QC"},{"Period":"2014-02-07","Cust__Service__Performance__Pct":100,"Location":"QC"},{"Period":"2014-02-08","Cust__Service__Performance__Pct":80,"Location":"QC"}]}],"type":"J"}