{"message":"","count":0,"status":0,"data":[{"Orders_Filled":[{"Orders__Filled":23503}],"Avg_Cust_Service_Performance_Pct":[{"Avg__Cust__Service__Performance__Pct":88.8888888888889}],"Cust_Service_Performance_Pct_Month_Region":[{"Period":"2013-W40","Cust__Service__Performance__Pct":75,"Location":"QC"},{"Period":"2013-W41","Cust__Service__Performance__Pct":100,"Location":"QC"},{"Period":"2013-W42","Cust__Service__Performance__Pct":83.3333333333333,"Location":"QC"},{"Period":"2013-W43","Cust__Service__Performance__Pct":100,"Location":"QC"}],"Prior_Orders_Filled_Month":[{"Prior__Orders__Filled":20035}],"Cust_Service_Trend_Pct_Month_Region":[{"Cust__Service__Trend__Pct":75,"Period":"2013-W40"},{"Cust__Service__Trend__Pct":100,"Period":"2013-W41"},{"Cust__Service__Trend__Pct":83.3333333333333,"Period":"2013-W42"},{"Cust__Service__Trend__Pct":100,"Period":"2013-W43"}],"Loads_Delivered":[{"Loads__Delivered":18}],"Cust_Service_Performance_Target_Pct_Month":[{"Cust__Service__Performance__Target__Pct":92}],"Customers_Served":[{"Customers__Served":18}],"Prior_Avg_Cust_Service_Performance_Pct_Month":[{"Prior__Avg__Cust__Service__Performance__Pct":76.4705882352941}]}],"type":"J"}