{"message":"","count":0,"status":0,"data":[{"Cust_Service_Performance_Pct_Month_All":[{"Period":"2013-W40","Cust__Service__Performance__Pct":81.0344827586207,"Location":"CAN"},{"Period":"2013-W40","Cust__Service__Performance__Pct":87.8378378378378,"Location":"USA"},{"Period":"2013-W40","Cust__Service__Performance__Pct":84.4444444444444,"Location":"MX"},{"Period":"2013-W41","Cust__Service__Performance__Pct":87.5,"Location":"CAN"},{"Period":"2013-W41","Cust__Service__Performance__Pct":83.7837837837838,"Location":"USA"},{"Period":"2013-W41","Cust__Service__Performance__Pct":91.3978494623656,"Location":"MX"},{"Period":"2013-W42","Cust__Service__Performance__Pct":92.5925925925926,"Location":"CAN"},{"Period":"2013-W42","Cust__Service__Performance__Pct":94.6666666666667,"Location":"USA"},{"Period":"2013-W42","Cust__Service__Performance__Pct":85.7142857142857,"Location":"MX"},{"Period":"2013-W43","Cust__Service__Performance__Pct":87.9310344827586,"Location":"CAN"},{"Period":"2013-W43","Cust__Service__Performance__Pct":89.041095890411,"Location":"USA"},{"Period":"2013-W43","Cust__Service__Performance__Pct":90.1098901098901,"Location":"MX"}],"Orders_Filled":[{"Orders__Filled":1034609}],"Avg_Cust_Service_Performance_Pct":[{"Avg__Cust__Service__Performance__Pct":88.0496054114994}],"Prior_Orders_Filled_Month":[{"Prior__Orders__Filled":1042922}],"Loads_Delivered":[{"Loads__Delivered":887}],"Cust_Service_Performance_Target_Pct_Month":[{"Cust__Service__Performance__Target__Pct":92}],"Customers_Served":[{"Customers__Served":18}],"Prior_Avg_Cust_Service_Performance_Pct_Month":[{"Prior__Avg__Cust__Service__Performance__Pct":89.9548532731377}],"Cust_Service_Trend_Pct_Month_All":[{"Cust__Service__Trend__Pct":84.6846846846847,"Period":"2013-W40"},{"Cust__Service__Trend__Pct":87.8923766816144,"Period":"2013-W41"},{"Cust__Service__Trend__Pct":90.4545454545455,"Period":"2013-W42"},{"Cust__Service__Trend__Pct":89.1891891891892,"Period":"2013-W43"}]}],"type":"J"}