{"message":"","count":0,"status":0,"data":[{"Cust_Service_Performance_Pct_Week_Country":[{"Period":"2014-01-12","Cust__Service__Performance__Pct":50,"Location":"Western Canada"},{"Period":"2014-01-12","Cust__Service__Performance__Pct":50,"Location":"Northern Canada"},{"Period":"2014-01-12","Cust__Service__Performance__Pct":100,"Location":"Atlantic Canada"},{"Period":"2014-01-12","Cust__Service__Performance__Pct":100,"Location":"Ontario"},{"Period":"2014-01-13","Cust__Service__Performance__Pct":100,"Location":"Western Canada"},{"Period":"2014-01-13","Cust__Service__Performance__Pct":50,"Location":"Northern Canada"},{"Period":"2014-01-13","Cust__Service__Performance__Pct":66.6666666666667,"Location":"Atlantic Canada"},{"Period":"2014-01-13","Cust__Service__Performance__Pct":100,"Location":"Ontario"},{"Period":"2014-01-13","Cust__Service__Performance__Pct":0,"Location":"Quebec"},{"Period":"2014-01-14","Cust__Service__Performance__Pct":100,"Location":"Western Canada"},{"Period":"2014-01-14","Cust__Service__Performance__Pct":100,"Location":"Northern Canada"},{"Period":"2014-01-14","Cust__Service__Performance__Pct":50,"Location":"Atlantic Canada"},{"Period":"2014-01-14","Cust__Service__Performance__Pct":100,"Location":"Quebec"},{"Period":"2014-01-15","Cust__Service__Performance__Pct":100,"Location":"Western Canada"},{"Period":"2014-01-15","Cust__Service__Performance__Pct":100,"Location":"Northern Canada"},{"Period":"2014-01-15","Cust__Service__Performance__Pct":100,"Location":"Atlantic Canada"},{"Period":"2014-01-15","Cust__Service__Performance__Pct":0,"Location":"Ontario"},{"Period":"2014-01-15","Cust__Service__Performance__Pct":100,"Location":"Quebec"},{"Period":"2014-01-16","Cust__Service__Performance__Pct":66.6666666666667,"Location":"Western Canada"},{"Period":"2014-01-16","Cust__Service__Performance__Pct":100,"Location":"Northern Canada"},{"Period":"2014-01-16","Cust__Service__Performance__Pct":100,"Location":"Atlantic Canada"},{"Period":"2014-01-16","Cust__Service__Performance__Pct":100,"Location":"Quebec"},{"Period":"2014-01-17","Cust__Service__Performance__Pct":100,"Location":"Western Canada"},{"Period":"2014-01-17","Cust__Service__Performance__Pct":100,"Location":"Northern Canada"},{"Period":"2014-01-17","Cust__Service__Performance__Pct":100,"Location":"Atlantic Canada"},{"Period":"2014-01-17","Cust__Service__Performance__Pct":0,"Location":"Ontario"},{"Period":"2014-01-18","Cust__Service__Performance__Pct":100,"Location":"Western Canada"},{"Period":"2014-01-18","Cust__Service__Performance__Pct":100,"Location":"Northern Canada"},{"Period":"2014-01-18","Cust__Service__Performance__Pct":100,"Location":"Atlantic Canada"},{"Period":"2014-01-18","Cust__Service__Performance__Pct":100,"Location":"Quebec"}],"Orders_Filled":[{"Orders__Filled":61453}],"Avg_Cust_Service_Performance_Pct":[{"Avg__Cust__Service__Performance__Pct":83.3333333333333}],"Prior_Avg_Cust_Service_Performance_Pct_Week":[{"Prior__Avg__Cust__Service__Performance__Pct":81.8181818181818}],"Prior_Orders_Filled_Week":[{"Prior__Orders__Filled":59436}],"Cust_Service_Trend_Pct_Week_Country":[{"Cust__Service__Trend__Pct":71.4285714285714,"Period":"2014-01-12"},{"Cust__Service__Trend__Pct":66.6666666666667,"Period":"2014-01-13"},{"Cust__Service__Trend__Pct":87.5,"Period":"2014-01-14"},{"Cust__Service__Trend__Pct":87.5,"Period":"2014-01-15"},{"Cust__Service__Trend__Pct":85.7142857142857,"Period":"2014-01-16"},{"Cust__Service__Trend__Pct":87.5,"Period":"2014-01-17"},{"Cust__Service__Trend__Pct":100,"Period":"2014-01-18"}],"Loads_Delivered":[{"Loads__Delivered":54}],"Cust_Service_Performance_Target_Pct_Week":[{"Cust__Service__Performance__Target__Pct":92}],"Customers_Served":[{"Customers__Served":18}]}],"type":"J"}