{"message":"","count":0,"status":0,"data":[{"Orders_Filled":[{"Orders__Filled":93227}],"Avg_Cust_Service_Performance_Pct":[{"Avg__Cust__Service__Performance__Pct":88.5057471264368}],"Cust_Service_Performance_Pct_Month_Region":[{"Period":"2013-W40","Cust__Service__Performance__Pct":100,"Location":"FL"},{"Period":"2013-W40","Cust__Service__Performance__Pct":83.3333333333333,"Location":"NC"},{"Period":"2013-W40","Cust__Service__Performance__Pct":100,"Location":"TN"},{"Period":"2013-W40","Cust__Service__Performance__Pct":33.3333333333333,"Location":"AL"},{"Period":"2013-W40","Cust__Service__Performance__Pct":66.6666666666667,"Location":"GA"},{"Period":"2013-W41","Cust__Service__Performance__Pct":83.3333333333333,"Location":"FL"},{"Period":"2013-W41","Cust__Service__Performance__Pct":75,"Location":"NC"},{"Period":"2013-W41","Cust__Service__Performance__Pct":100,"Location":"TN"},{"Period":"2013-W41","Cust__Service__Performance__Pct":80,"Location":"AL"},{"Period":"2013-W41","Cust__Service__Performance__Pct":100,"Location":"GA"},{"Period":"2013-W42","Cust__Service__Performance__Pct":100,"Location":"FL"},{"Period":"2013-W42","Cust__Service__Performance__Pct":75,"Location":"NC"},{"Period":"2013-W42","Cust__Service__Performance__Pct":100,"Location":"TN"},{"Period":"2013-W42","Cust__Service__Performance__Pct":83.3333333333333,"Location":"AL"},{"Period":"2013-W42","Cust__Service__Performance__Pct":100,"Location":"GA"},{"Period":"2013-W43","Cust__Service__Performance__Pct":100,"Location":"FL"},{"Period":"2013-W43","Cust__Service__Performance__Pct":100,"Location":"NC"},{"Period":"2013-W43","Cust__Service__Performance__Pct":100,"Location":"TN"},{"Period":"2013-W43","Cust__Service__Performance__Pct":100,"Location":"AL"},{"Period":"2013-W43","Cust__Service__Performance__Pct":83.3333333333333,"Location":"GA"}],"Prior_Orders_Filled_Month":[{"Prior__Orders__Filled":98678}],"Cust_Service_Trend_Pct_Month_Region":[{"Cust__Service__Trend__Pct":78.9473684210526,"Period":"2013-W40"},{"Cust__Service__Trend__Pct":86.3636363636364,"Period":"2013-W41"},{"Cust__Service__Trend__Pct":91.6666666666667,"Period":"2013-W42"},{"Cust__Service__Trend__Pct":95.4545454545455,"Period":"2013-W43"}],"Loads_Delivered":[{"Loads__Delivered":87}],"Cust_Service_Performance_Target_Pct_Month":[{"Cust__Service__Performance__Target__Pct":92}],"Customers_Served":[{"Customers__Served":18}],"Prior_Avg_Cust_Service_Performance_Pct_Month":[{"Prior__Avg__Cust__Service__Performance__Pct":91.9540229885057}]}],"type":"J"}