{"message":"","count":0,"status":0,"data":[{"Cust_Service_Performance_Pct_Year_Region":[{"Period":"2013-M01","Cust__Service__Performance__Pct":82.3529411764706,"Location":"IL"},{"Period":"2013-M01","Cust__Service__Performance__Pct":88.2352941176471,"Location":"MN"},{"Period":"2013-M01","Cust__Service__Performance__Pct":100,"Location":"WI"},{"Period":"2013-M01","Cust__Service__Performance__Pct":88.8888888888889,"Location":"OH"},{"Period":"2013-M02","Cust__Service__Performance__Pct":80.9523809523809,"Location":"IL"},{"Period":"2013-M02","Cust__Service__Performance__Pct":76.1904761904762,"Location":"MN"},{"Period":"2013-M02","Cust__Service__Performance__Pct":86.9565217391304,"Location":"WI"},{"Period":"2013-M02","Cust__Service__Performance__Pct":85.7142857142857,"Location":"OH"},{"Period":"2013-M03","Cust__Service__Performance__Pct":94.4444444444444,"Location":"IL"},{"Period":"2013-M03","Cust__Service__Performance__Pct":88.8888888888889,"Location":"MN"},{"Period":"2013-M03","Cust__Service__Performance__Pct":82.3529411764706,"Location":"WI"},{"Period":"2013-M03","Cust__Service__Performance__Pct":82.3529411764706,"Location":"OH"},{"Period":"2013-M04","Cust__Service__Performance__Pct":100,"Location":"IL"},{"Period":"2013-M04","Cust__Service__Performance__Pct":94.1176470588235,"Location":"MN"},{"Period":"2013-M04","Cust__Service__Performance__Pct":88.8888888888889,"Location":"WI"},{"Period":"2013-M04","Cust__Service__Performance__Pct":83.3333333333333,"Location":"OH"},{"Period":"2013-M05","Cust__Service__Performance__Pct":80.9523809523809,"Location":"IL"},{"Period":"2013-M05","Cust__Service__Performance__Pct":90.4761904761905,"Location":"MN"},{"Period":"2013-M05","Cust__Service__Performance__Pct":82.6086956521739,"Location":"WI"},{"Period":"2013-M05","Cust__Service__Performance__Pct":90,"Location":"OH"},{"Period":"2013-M06","Cust__Service__Performance__Pct":94.1176470588235,"Location":"IL"},{"Period":"2013-M06","Cust__Service__Performance__Pct":94.4444444444444,"Location":"MN"},{"Period":"2013-M06","Cust__Service__Performance__Pct":88.2352941176471,"Location":"WI"},{"Period":"2013-M06","Cust__Service__Performance__Pct":94.4444444444444,"Location":"OH"},{"Period":"2013-M07","Cust__Service__Performance__Pct":88.8888888888889,"Location":"IL"},{"Period":"2013-M07","Cust__Service__Performance__Pct":100,"Location":"MN"},{"Period":"2013-M07","Cust__Service__Performance__Pct":94.1176470588235,"Location":"WI"},{"Period":"2013-M07","Cust__Service__Performance__Pct":83.3333333333333,"Location":"OH"},{"Period":"2013-M08","Cust__Service__Performance__Pct":100,"Location":"IL"},{"Period":"2013-M08","Cust__Service__Performance__Pct":85.7142857142857,"Location":"MN"},{"Period":"2013-M08","Cust__Service__Performance__Pct":90.9090909090909,"Location":"WI"},{"Period":"2013-M08","Cust__Service__Performance__Pct":86.3636363636364,"Location":"OH"},{"Period":"2013-M09","Cust__Service__Performance__Pct":72.2222222222222,"Location":"IL"},{"Period":"2013-M09","Cust__Service__Performance__Pct":100,"Location":"MN"},{"Period":"2013-M09","Cust__Service__Performance__Pct":88.8888888888889,"Location":"WI"},{"Period":"2013-M09","Cust__Service__Performance__Pct":88.2352941176471,"Location":"OH"},{"Period":"2013-M10","Cust__Service__Performance__Pct":94.1176470588235,"Location":"IL"},{"Period":"2013-M10","Cust__Service__Performance__Pct":88.2352941176471,"Location":"MN"},{"Period":"2013-M10","Cust__Service__Performance__Pct":88.2352941176471,"Location":"WI"},{"Period":"2013-M10","Cust__Service__Performance__Pct":88.2352941176471,"Location":"OH"},{"Period":"2013-M11","Cust__Service__Performance__Pct":82.6086956521739,"Location":"IL"},{"Period":"2013-M11","Cust__Service__Performance__Pct":90.4761904761905,"Location":"MN"},{"Period":"2013-M11","Cust__Service__Performance__Pct":80.9523809523809,"Location":"WI"},{"Period":"2013-M11","Cust__Service__Performance__Pct":86.9565217391304,"Location":"OH"},{"Period":"2013-M12","Cust__Service__Performance__Pct":94.1176470588235,"Location":"IL"},{"Period":"2013-M12","Cust__Service__Performance__Pct":94.4444444444444,"Location":"MN"},{"Period":"2013-M12","Cust__Service__Performance__Pct":88.8888888888889,"Location":"WI"},{"Period":"2013-M12","Cust__Service__Performance__Pct":88.2352941176471,"Location":"OH"}],"Prior_Orders_Filled_Year":[{"Prior__Orders__Filled":1055227}],"Cust_Service_Trend_Pct_Year_Region":[{"Cust__Service__Trend__Pct":89.8550724637681,"Period":"2013-M01"},{"Cust__Service__Trend__Pct":82.5581395348837,"Period":"2013-M02"},{"Cust__Service__Trend__Pct":87.1428571428571,"Period":"2013-M03"},{"Cust__Service__Trend__Pct":91.4285714285714,"Period":"2013-M04"},{"Cust__Service__Trend__Pct":85.8823529411765,"Period":"2013-M05"},{"Cust__Service__Trend__Pct":92.8571428571429,"Period":"2013-M06"},{"Cust__Service__Trend__Pct":91.4285714285714,"Period":"2013-M07"},{"Cust__Service__Trend__Pct":90.8045977011494,"Period":"2013-M08"},{"Cust__Service__Trend__Pct":87.3239436619718,"Period":"2013-M09"},{"Cust__Service__Trend__Pct":89.7058823529412,"Period":"2013-M10"},{"Cust__Service__Trend__Pct":85.2272727272727,"Period":"2013-M11"},{"Cust__Service__Trend__Pct":91.4285714285714,"Period":"2013-M12"}],"Orders_Filled":[{"Orders__Filled":1036643}],"Avg_Cust_Service_Performance_Pct":[{"Avg__Cust__Service__Performance__Pct":88.6061946902655}],"Loads_Delivered":[{"Loads__Delivered":904}],"Prior_Avg_Cust_Service_Performance_Pct_Year":[{"Prior__Avg__Cust__Service__Performance__Pct":88.9370932754881}],"Customers_Served":[{"Customers__Served":18}],"Cust_Service_Performance_Target_Pct_Year":[{"Cust__Service__Performance__Target__Pct":91.25}]}],"type":"J"}