{"message":"","count":0,"status":0,"data":[{"Cust_Service_Performance_Pct_Quarter_Region":[{"Period":"2013-W14","Cust__Service__Performance__Pct":100,"Location":"AG"},{"Period":"2013-W14","Cust__Service__Performance__Pct":100,"Location":"MR"},{"Period":"2013-W14","Cust__Service__Performance__Pct":100,"Location":"DF"},{"Period":"2013-W14","Cust__Service__Performance__Pct":100,"Location":"ZA"},{"Period":"2013-W14","Cust__Service__Performance__Pct":100,"Location":"MX"},{"Period":"2013-W15","Cust__Service__Performance__Pct":50,"Location":"AG"},{"Period":"2013-W15","Cust__Service__Performance__Pct":66.6666666666667,"Location":"MR"},{"Period":"2013-W15","Cust__Service__Performance__Pct":100,"Location":"DF"},{"Period":"2013-W15","Cust__Service__Performance__Pct":100,"Location":"ZA"},{"Period":"2013-W15","Cust__Service__Performance__Pct":100,"Location":"MX"},{"Period":"2013-W16","Cust__Service__Performance__Pct":100,"Location":"AG"},{"Period":"2013-W16","Cust__Service__Performance__Pct":100,"Location":"MR"},{"Period":"2013-W16","Cust__Service__Performance__Pct":60,"Location":"DF"},{"Period":"2013-W16","Cust__Service__Performance__Pct":75,"Location":"ZA"},{"Period":"2013-W16","Cust__Service__Performance__Pct":100,"Location":"MX"},{"Period":"2013-W17","Cust__Service__Performance__Pct":100,"Location":"AG"},{"Period":"2013-W17","Cust__Service__Performance__Pct":100,"Location":"MR"},{"Period":"2013-W17","Cust__Service__Performance__Pct":100,"Location":"DF"},{"Period":"2013-W17","Cust__Service__Performance__Pct":100,"Location":"ZA"},{"Period":"2013-W17","Cust__Service__Performance__Pct":100,"Location":"MX"},{"Period":"2013-W18","Cust__Service__Performance__Pct":100,"Location":"AG"},{"Period":"2013-W18","Cust__Service__Performance__Pct":100,"Location":"MR"},{"Period":"2013-W18","Cust__Service__Performance__Pct":100,"Location":"DF"},{"Period":"2013-W18","Cust__Service__Performance__Pct":100,"Location":"ZA"},{"Period":"2013-W18","Cust__Service__Performance__Pct":100,"Location":"MX"},{"Period":"2013-W19","Cust__Service__Performance__Pct":100,"Location":"AG"},{"Period":"2013-W19","Cust__Service__Performance__Pct":100,"Location":"MR"},{"Period":"2013-W19","Cust__Service__Performance__Pct":100,"Location":"DF"},{"Period":"2013-W19","Cust__Service__Performance__Pct":83.3333333333333,"Location":"ZA"},{"Period":"2013-W19","Cust__Service__Performance__Pct":75,"Location":"MX"},{"Period":"2013-W20","Cust__Service__Performance__Pct":75,"Location":"AG"},{"Period":"2013-W20","Cust__Service__Performance__Pct":100,"Location":"MR"},{"Period":"2013-W20","Cust__Service__Performance__Pct":100,"Location":"DF"},{"Period":"2013-W20","Cust__Service__Performance__Pct":60,"Location":"ZA"},{"Period":"2013-W20","Cust__Service__Performance__Pct":100,"Location":"MX"},{"Period":"2013-W21","Cust__Service__Performance__Pct":100,"Location":"AG"},{"Period":"2013-W21","Cust__Service__Performance__Pct":100,"Location":"MR"},{"Period":"2013-W21","Cust__Service__Performance__Pct":83.3333333333333,"Location":"DF"},{"Period":"2013-W21","Cust__Service__Performance__Pct":100,"Location":"ZA"},{"Period":"2013-W21","Cust__Service__Performance__Pct":100,"Location":"MX"},{"Period":"2013-W22","Cust__Service__Performance__Pct":100,"Location":"AG"},{"Period":"2013-W22","Cust__Service__Performance__Pct":66.6666666666667,"Location":"MR"},{"Period":"2013-W22","Cust__Service__Performance__Pct":100,"Location":"DF"},{"Period":"2013-W22","Cust__Service__Performance__Pct":100,"Location":"ZA"},{"Period":"2013-W22","Cust__Service__Performance__Pct":100,"Location":"MX"},{"Period":"2013-W23","Cust__Service__Performance__Pct":100,"Location":"AG"},{"Period":"2013-W23","Cust__Service__Performance__Pct":80,"Location":"MR"},{"Period":"2013-W23","Cust__Service__Performance__Pct":100,"Location":"DF"},{"Period":"2013-W23","Cust__Service__Performance__Pct":83.3333333333333,"Location":"ZA"},{"Period":"2013-W23","Cust__Service__Performance__Pct":100,"Location":"MX"},{"Period":"2013-W24","Cust__Service__Performance__Pct":66.6666666666667,"Location":"AG"},{"Period":"2013-W24","Cust__Service__Performance__Pct":100,"Location":"MR"},{"Period":"2013-W24","Cust__Service__Performance__Pct":60,"Location":"DF"},{"Period":"2013-W24","Cust__Service__Performance__Pct":80,"Location":"ZA"},{"Period":"2013-W24","Cust__Service__Performance__Pct":50,"Location":"MX"},{"Period":"2013-W25","Cust__Service__Performance__Pct":100,"Location":"AG"},{"Period":"2013-W25","Cust__Service__Performance__Pct":66.6666666666667,"Location":"MR"},{"Period":"2013-W25","Cust__Service__Performance__Pct":83.3333333333333,"Location":"DF"},{"Period":"2013-W25","Cust__Service__Performance__Pct":75,"Location":"ZA"},{"Period":"2013-W25","Cust__Service__Performance__Pct":100,"Location":"MX"},{"Period":"2013-W26","Cust__Service__Performance__Pct":100,"Location":"AG"},{"Period":"2013-W26","Cust__Service__Performance__Pct":100,"Location":"MR"},{"Period":"2013-W26","Cust__Service__Performance__Pct":100,"Location":"DF"},{"Period":"2013-W26","Cust__Service__Performance__Pct":100,"Location":"ZA"},{"Period":"2013-W26","Cust__Service__Performance__Pct":83.3333333333333,"Location":"MX"}],"Orders_Filled":[{"Orders__Filled":323588}],"Prior_Avg_Cust_Service_Performance_Pct_Quarter":[{"Prior__Avg__Cust__Service__Performance__Pct":89.3992932862191}],"Avg_Cust_Service_Performance_Pct":[{"Avg__Cust__Service__Performance__Pct":90.8127208480565}],"Cust_Service_Trend_Pct_Quarter_Region":[{"Cust__Service__Trend__Pct":100,"Period":"2013-W14"},{"Cust__Service__Trend__Pct":81.8181818181818,"Period":"2013-W15"},{"Cust__Service__Trend__Pct":85.7142857142857,"Period":"2013-W16"},{"Cust__Service__Trend__Pct":100,"Period":"2013-W17"},{"Cust__Service__Trend__Pct":100,"Period":"2013-W18"},{"Cust__Service__Trend__Pct":91.304347826087,"Period":"2013-W19"},{"Cust__Service__Trend__Pct":85.7142857142857,"Period":"2013-W20"},{"Cust__Service__Trend__Pct":95.2380952380952,"Period":"2013-W21"},{"Cust__Service__Trend__Pct":95.4545454545455,"Period":"2013-W22"},{"Cust__Service__Trend__Pct":90.9090909090909,"Period":"2013-W23"},{"Cust__Service__Trend__Pct":73.9130434782609,"Period":"2013-W24"},{"Cust__Service__Trend__Pct":85,"Period":"2013-W25"},{"Cust__Service__Trend__Pct":95.4545454545455,"Period":"2013-W26"}],"Loads_Delivered":[{"Loads__Delivered":283}],"Prior_Orders_Filled_Quarter":[{"Prior__Orders__Filled":325595}],"Customers_Served":[{"Customers__Served":18}],"Cust_Service_Performance_Target_Pct_Quarter":[{"Cust__Service__Performance__Target__Pct":91}]}],"type":"J"}