{"message":"","count":0,"status":0,"data":[{"Cust_Service_Performance_Pct_Week_Country":[{"Period":"2014-01-19","Cust__Service__Performance__Pct":50,"Location":"Central"},{"Period":"2014-01-19","Cust__Service__Performance__Pct":100,"Location":"Northern"},{"Period":"2014-01-19","Cust__Service__Performance__Pct":66.6666666666667,"Location":"West"},{"Period":"2014-01-19","Cust__Service__Performance__Pct":100,"Location":"South"},{"Period":"2014-01-19","Cust__Service__Performance__Pct":50,"Location":"East"},{"Period":"2014-01-20","Cust__Service__Performance__Pct":100,"Location":"Central"},{"Period":"2014-01-20","Cust__Service__Performance__Pct":66.6666666666667,"Location":"Northern"},{"Period":"2014-01-20","Cust__Service__Performance__Pct":100,"Location":"West"},{"Period":"2014-01-20","Cust__Service__Performance__Pct":100,"Location":"South"},{"Period":"2014-01-20","Cust__Service__Performance__Pct":100,"Location":"East"},{"Period":"2014-01-21","Cust__Service__Performance__Pct":100,"Location":"Central"},{"Period":"2014-01-21","Cust__Service__Performance__Pct":100,"Location":"Northern"},{"Period":"2014-01-21","Cust__Service__Performance__Pct":100,"Location":"West"},{"Period":"2014-01-21","Cust__Service__Performance__Pct":100,"Location":"South"},{"Period":"2014-01-21","Cust__Service__Performance__Pct":100,"Location":"East"},{"Period":"2014-01-22","Cust__Service__Performance__Pct":100,"Location":"Central"},{"Period":"2014-01-22","Cust__Service__Performance__Pct":66.6666666666667,"Location":"Northern"},{"Period":"2014-01-22","Cust__Service__Performance__Pct":100,"Location":"West"},{"Period":"2014-01-22","Cust__Service__Performance__Pct":100,"Location":"South"},{"Period":"2014-01-22","Cust__Service__Performance__Pct":100,"Location":"East"},{"Period":"2014-01-23","Cust__Service__Performance__Pct":100,"Location":"Central"},{"Period":"2014-01-23","Cust__Service__Performance__Pct":100,"Location":"Northern"},{"Period":"2014-01-23","Cust__Service__Performance__Pct":100,"Location":"West"},{"Period":"2014-01-23","Cust__Service__Performance__Pct":100,"Location":"South"},{"Period":"2014-01-24","Cust__Service__Performance__Pct":100,"Location":"Central"},{"Period":"2014-01-24","Cust__Service__Performance__Pct":50,"Location":"Northern"},{"Period":"2014-01-24","Cust__Service__Performance__Pct":100,"Location":"West"},{"Period":"2014-01-24","Cust__Service__Performance__Pct":100,"Location":"South"},{"Period":"2014-01-24","Cust__Service__Performance__Pct":66.6666666666667,"Location":"East"},{"Period":"2014-01-25","Cust__Service__Performance__Pct":100,"Location":"Central"},{"Period":"2014-01-25","Cust__Service__Performance__Pct":100,"Location":"Northern"},{"Period":"2014-01-25","Cust__Service__Performance__Pct":66.6666666666667,"Location":"West"},{"Period":"2014-01-25","Cust__Service__Performance__Pct":100,"Location":"South"},{"Period":"2014-01-25","Cust__Service__Performance__Pct":100,"Location":"East"}],"Orders_Filled":[{"Orders__Filled":105710}],"Avg_Cust_Service_Performance_Pct":[{"Avg__Cust__Service__Performance__Pct":89.8876404494382}],"Prior_Avg_Cust_Service_Performance_Pct_Week":[{"Prior__Avg__Cust__Service__Performance__Pct":92.3913043478261}],"Prior_Orders_Filled_Week":[{"Prior__Orders__Filled":113330}],"Cust_Service_Trend_Pct_Week_Country":[{"Cust__Service__Trend__Pct":66.6666666666667,"Period":"2014-01-19"},{"Cust__Service__Trend__Pct":92.3076923076923,"Period":"2014-01-20"},{"Cust__Service__Trend__Pct":100,"Period":"2014-01-21"},{"Cust__Service__Trend__Pct":92.3076923076923,"Period":"2014-01-22"},{"Cust__Service__Trend__Pct":100,"Period":"2014-01-23"},{"Cust__Service__Trend__Pct":83.3333333333333,"Period":"2014-01-24"},{"Cust__Service__Trend__Pct":92.3076923076923,"Period":"2014-01-25"}],"Loads_Delivered":[{"Loads__Delivered":89}],"Cust_Service_Performance_Target_Pct_Week":[{"Cust__Service__Performance__Target__Pct":92}],"Customers_Served":[{"Customers__Served":18}]}],"type":"J"}