{"message":"","count":0,"status":0,"data":[{"Prior_Orders_Filled_Year":[{"Prior__Orders__Filled":5578063}],"Orders_Filled":[{"Orders__Filled":5465766}],"Avg_Cust_Service_Performance_Pct":[{"Avg__Cust__Service__Performance__Pct":89.5424836601307}],"Cust_Service_Trend_Pct_Year_Country":[{"Cust__Service__Trend__Pct":91.4835164835165,"Period":"2013-M01"},{"Cust__Service__Trend__Pct":87.308533916849,"Period":"2013-M02"},{"Cust__Service__Trend__Pct":92.6027397260274,"Period":"2013-M03"},{"Cust__Service__Trend__Pct":89.5890410958904,"Period":"2013-M04"},{"Cust__Service__Trend__Pct":90.5494505494506,"Period":"2013-M05"},{"Cust__Service__Trend__Pct":89.3150684931507,"Period":"2013-M06"},{"Cust__Service__Trend__Pct":88.7978142076503,"Period":"2013-M07"},{"Cust__Service__Trend__Pct":87.0614035087719,"Period":"2013-M08"},{"Cust__Service__Trend__Pct":91.5068493150685,"Period":"2013-M09"},{"Cust__Service__Trend__Pct":87.9452054794521,"Period":"2013-M10"},{"Cust__Service__Trend__Pct":90.5494505494506,"Period":"2013-M11"},{"Cust__Service__Trend__Pct":88.4931506849315,"Period":"2013-M12"}],"Loads_Delivered":[{"Loads__Delivered":4743}],"Prior_Avg_Cust_Service_Performance_Pct_Year":[{"Prior__Avg__Cust__Service__Performance__Pct":88.7923904052936}],"Cust_Service_Performance_Pct_Year_Country":[{"Period":"2013-M01","Cust__Service__Performance__Pct":87.3563218390805,"Location":"Central"},{"Period":"2013-M01","Cust__Service__Performance__Pct":91.304347826087,"Location":"Northern"},{"Period":"2013-M01","Cust__Service__Performance__Pct":91.4285714285714,"Location":"West"},{"Period":"2013-M01","Cust__Service__Performance__Pct":94.2528735632184,"Location":"South"},{"Period":"2013-M01","Cust__Service__Performance__Pct":94.1176470588235,"Location":"East"},{"Period":"2013-M02","Cust__Service__Performance__Pct":86.2385321100918,"Location":"Central"},{"Period":"2013-M02","Cust__Service__Performance__Pct":89.5348837209302,"Location":"Northern"},{"Period":"2013-M02","Cust__Service__Performance__Pct":87.5,"Location":"West"},{"Period":"2013-M02","Cust__Service__Performance__Pct":85.1851851851852,"Location":"South"},{"Period":"2013-M02","Cust__Service__Performance__Pct":89.3939393939394,"Location":"East"},{"Period":"2013-M03","Cust__Service__Performance__Pct":95.4022988505747,"Location":"Central"},{"Period":"2013-M03","Cust__Service__Performance__Pct":90,"Location":"Northern"},{"Period":"2013-M03","Cust__Service__Performance__Pct":86.9565217391304,"Location":"West"},{"Period":"2013-M03","Cust__Service__Performance__Pct":94.1860465116279,"Location":"South"},{"Period":"2013-M03","Cust__Service__Performance__Pct":96.2264150943396,"Location":"East"},{"Period":"2013-M04","Cust__Service__Performance__Pct":92.0454545454545,"Location":"Central"},{"Period":"2013-M04","Cust__Service__Performance__Pct":88.4057971014493,"Location":"Northern"},{"Period":"2013-M04","Cust__Service__Performance__Pct":85.7142857142857,"Location":"West"},{"Period":"2013-M04","Cust__Service__Performance__Pct":87.3563218390805,"Location":"South"},{"Period":"2013-M04","Cust__Service__Performance__Pct":96.078431372549,"Location":"East"},{"Period":"2013-M05","Cust__Service__Performance__Pct":93.5185185185185,"Location":"Central"},{"Period":"2013-M05","Cust__Service__Performance__Pct":91.9540229885057,"Location":"Northern"},{"Period":"2013-M05","Cust__Service__Performance__Pct":87.2093023255814,"Location":"West"},{"Period":"2013-M05","Cust__Service__Performance__Pct":90.8256880733945,"Location":"South"},{"Period":"2013-M05","Cust__Service__Performance__Pct":87.6923076923077,"Location":"East"},{"Period":"2013-M06","Cust__Service__Performance__Pct":86.2068965517241,"Location":"Central"},{"Period":"2013-M06","Cust__Service__Performance__Pct":86.9565217391304,"Location":"Northern"},{"Period":"2013-M06","Cust__Service__Performance__Pct":92.7536231884058,"Location":"West"},{"Period":"2013-M06","Cust__Service__Performance__Pct":94.2528735632184,"Location":"South"},{"Period":"2013-M06","Cust__Service__Performance__Pct":84.9056603773585,"Location":"East"},{"Period":"2013-M07","Cust__Service__Performance__Pct":89.6551724137931,"Location":"Central"},{"Period":"2013-M07","Cust__Service__Performance__Pct":90,"Location":"Northern"},{"Period":"2013-M07","Cust__Service__Performance__Pct":90,"Location":"West"},{"Period":"2013-M07","Cust__Service__Performance__Pct":89.7727272727273,"Location":"South"},{"Period":"2013-M07","Cust__Service__Performance__Pct":82.3529411764706,"Location":"East"},{"Period":"2013-M08","Cust__Service__Performance__Pct":83.6363636363636,"Location":"Central"},{"Period":"2013-M08","Cust__Service__Performance__Pct":94.1860465116279,"Location":"Northern"},{"Period":"2013-M08","Cust__Service__Performance__Pct":89.5348837209302,"Location":"West"},{"Period":"2013-M08","Cust__Service__Performance__Pct":87.037037037037,"Location":"South"},{"Period":"2013-M08","Cust__Service__Performance__Pct":80.3030303030303,"Location":"East"},{"Period":"2013-M09","Cust__Service__Performance__Pct":93.0232558139535,"Location":"Central"},{"Period":"2013-M09","Cust__Service__Performance__Pct":90,"Location":"Northern"},{"Period":"2013-M09","Cust__Service__Performance__Pct":90,"Location":"West"},{"Period":"2013-M09","Cust__Service__Performance__Pct":90.8045977011494,"Location":"South"},{"Period":"2013-M09","Cust__Service__Performance__Pct":94.2307692307692,"Location":"East"},{"Period":"2013-M10","Cust__Service__Performance__Pct":89.6551724137931,"Location":"Central"},{"Period":"2013-M10","Cust__Service__Performance__Pct":82.8571428571429,"Location":"Northern"},{"Period":"2013-M10","Cust__Service__Performance__Pct":85.5072463768116,"Location":"West"},{"Period":"2013-M10","Cust__Service__Performance__Pct":91.9540229885057,"Location":"South"},{"Period":"2013-M10","Cust__Service__Performance__Pct":88.4615384615385,"Location":"East"},{"Period":"2013-M11","Cust__Service__Performance__Pct":93.5779816513761,"Location":"Central"},{"Period":"2013-M11","Cust__Service__Performance__Pct":91.7647058823529,"Location":"Northern"},{"Period":"2013-M11","Cust__Service__Performance__Pct":91.8604651162791,"Location":"West"},{"Period":"2013-M11","Cust__Service__Performance__Pct":87.2727272727273,"Location":"South"},{"Period":"2013-M11","Cust__Service__Performance__Pct":87.6923076923077,"Location":"East"},{"Period":"2013-M12","Cust__Service__Performance__Pct":91.8604651162791,"Location":"Central"},{"Period":"2013-M12","Cust__Service__Performance__Pct":82.8571428571429,"Location":"Northern"},{"Period":"2013-M12","Cust__Service__Performance__Pct":91.4285714285714,"Location":"West"},{"Period":"2013-M12","Cust__Service__Performance__Pct":89.5348837209302,"Location":"South"},{"Period":"2013-M12","Cust__Service__Performance__Pct":84.9056603773585,"Location":"East"}],"Customers_Served":[{"Customers__Served":18}],"Cust_Service_Performance_Target_Pct_Year":[{"Cust__Service__Performance__Target__Pct":91.25}]}],"type":"J"}