{"message":"","count":0,"status":0,"data":[{"Orders_Filled":[{"Orders__Filled":21973}],"Avg_Cust_Service_Performance_Pct":[{"Avg__Cust__Service__Performance__Pct":95.2380952380952}],"Prior_Avg_Cust_Service_Performance_Pct_Week":[{"Prior__Avg__Cust__Service__Performance__Pct":86.3636363636364}],"Prior_Orders_Filled_Week":[{"Prior__Orders__Filled":23826}],"Loads_Delivered":[{"Loads__Delivered":21}],"Cust_Service_Performance_Target_Pct_Week":[{"Cust__Service__Performance__Target__Pct":92}],"Customers_Served":[{"Customers__Served":15}],"Cust_Service_Trend_Pct_Week_Region":[{"Cust__Service__Trend__Pct":100,"Period":"2014-01-19"},{"Cust__Service__Trend__Pct":100,"Period":"2014-01-20"},{"Cust__Service__Trend__Pct":100,"Period":"2014-01-21"},{"Cust__Service__Trend__Pct":100,"Period":"2014-01-22"},{"Cust__Service__Trend__Pct":100,"Period":"2014-01-23"},{"Cust__Service__Trend__Pct":100,"Period":"2014-01-24"},{"Cust__Service__Trend__Pct":66.6666666666667,"Period":"2014-01-25"}],"Cust_Service_Performance_Pct_Week_Region":[{"Period":"2014-01-19","Cust__Service__Performance__Pct":100,"Location":"MA"},{"Period":"2014-01-19","Cust__Service__Performance__Pct":100,"Location":"NY"},{"Period":"2014-01-19","Cust__Service__Performance__Pct":100,"Location":"ME"},{"Period":"2014-01-19","Cust__Service__Performance__Pct":100,"Location":"NH"},{"Period":"2014-01-20","Cust__Service__Performance__Pct":100,"Location":"VT"},{"Period":"2014-01-20","Cust__Service__Performance__Pct":100,"Location":"ME"},{"Period":"2014-01-20","Cust__Service__Performance__Pct":100,"Location":"NH"},{"Period":"2014-01-21","Cust__Service__Performance__Pct":100,"Location":"MA"},{"Period":"2014-01-21","Cust__Service__Performance__Pct":100,"Location":"NY"},{"Period":"2014-01-21","Cust__Service__Performance__Pct":100,"Location":"ME"},{"Period":"2014-01-22","Cust__Service__Performance__Pct":100,"Location":"VT"},{"Period":"2014-01-22","Cust__Service__Performance__Pct":100,"Location":"ME"},{"Period":"2014-01-22","Cust__Service__Performance__Pct":100,"Location":"NH"},{"Period":"2014-01-23","Cust__Service__Performance__Pct":100,"Location":"MA"},{"Period":"2014-01-23","Cust__Service__Performance__Pct":100,"Location":"NY"},{"Period":"2014-01-24","Cust__Service__Performance__Pct":100,"Location":"VT"},{"Period":"2014-01-24","Cust__Service__Performance__Pct":100,"Location":"ME"},{"Period":"2014-01-24","Cust__Service__Performance__Pct":100,"Location":"NH"},{"Period":"2014-01-25","Cust__Service__Performance__Pct":100,"Location":"MA"},{"Period":"2014-01-25","Cust__Service__Performance__Pct":100,"Location":"NY"},{"Period":"2014-01-25","Cust__Service__Performance__Pct":0,"Location":"ME"}]}],"type":"J"}