{"message":"","count":0,"status":0,"data":[{"Cust_Service_Trend_Pct_Week_All":[{"Cust__Service__Trend__Pct":86.7669172932331,"Period":"2014-02-02"},{"Cust__Service__Trend__Pct":90.0751879699248,"Period":"2014-02-03"},{"Cust__Service__Trend__Pct":86.7867867867868,"Period":"2014-02-04"},{"Cust__Service__Trend__Pct":89.6396396396396,"Period":"2014-02-05"},{"Cust__Service__Trend__Pct":88.7218045112782,"Period":"2014-02-06"},{"Cust__Service__Trend__Pct":90.0602409638554,"Period":"2014-02-07"},{"Cust__Service__Trend__Pct":87.9699248120301,"Period":"2014-02-08"}],"Orders_Filled":[{"Orders__Filled":6504987}],"Avg_Cust_Service_Performance_Pct":[{"Avg__Cust__Service__Performance__Pct":88.573883161512}],"Prior_Avg_Cust_Service_Performance_Pct_Week":[{"Prior__Avg__Cust__Service__Performance__Pct":86.9955156950673}],"Prior_Orders_Filled_Week":[{"Prior__Orders__Filled":264333}],"Loads_Delivered":[{"Loads__Delivered":4656}],"Cust_Service_Performance_Target_Pct_Week":[{"Cust__Service__Performance__Target__Pct":88}],"Cust_Service_Performance_Pct_Week_All":[{"Period":"2014-02-02","Cust__Service__Performance__Pct":88.2352941176471,"Location":"CAN"},{"Period":"2014-02-02","Cust__Service__Performance__Pct":85.9090909090909,"Location":"USA"},{"Period":"2014-02-02","Cust__Service__Performance__Pct":86.5454545454545,"Location":"MX"},{"Period":"2014-02-03","Cust__Service__Performance__Pct":91.1764705882353,"Location":"CAN"},{"Period":"2014-02-03","Cust__Service__Performance__Pct":88.6877828054299,"Location":"USA"},{"Period":"2014-02-03","Cust__Service__Performance__Pct":90.5109489051095,"Location":"MX"},{"Period":"2014-02-04","Cust__Service__Performance__Pct":85.7142857142857,"Location":"CAN"},{"Period":"2014-02-04","Cust__Service__Performance__Pct":87.8923766816144,"Location":"USA"},{"Period":"2014-02-04","Cust__Service__Performance__Pct":86.5454545454545,"Location":"MX"},{"Period":"2014-02-05","Cust__Service__Performance__Pct":90,"Location":"CAN"},{"Period":"2014-02-05","Cust__Service__Performance__Pct":89.6860986547085,"Location":"USA"},{"Period":"2014-02-05","Cust__Service__Performance__Pct":89.3772893772894,"Location":"MX"},{"Period":"2014-02-06","Cust__Service__Performance__Pct":91.7159763313609,"Location":"CAN"},{"Period":"2014-02-06","Cust__Service__Performance__Pct":88.7387387387387,"Location":"USA"},{"Period":"2014-02-06","Cust__Service__Performance__Pct":86.8613138686131,"Location":"MX"},{"Period":"2014-02-07","Cust__Service__Performance__Pct":87.0588235294118,"Location":"CAN"},{"Period":"2014-02-07","Cust__Service__Performance__Pct":92.7927927927928,"Location":"USA"},{"Period":"2014-02-07","Cust__Service__Performance__Pct":89.7058823529412,"Location":"MX"},{"Period":"2014-02-08","Cust__Service__Performance__Pct":86.3095238095238,"Location":"CAN"},{"Period":"2014-02-08","Cust__Service__Performance__Pct":86.4864864864865,"Location":"USA"},{"Period":"2014-02-08","Cust__Service__Performance__Pct":90.1818181818182,"Location":"MX"}],"Customers_Served":[{"Customers__Served":18}]}],"type":"J"}