{"message":"","count":0,"status":0,"data":[{"Orders_Filled":[{"Orders__Filled":377240}],"Avg_Cust_Service_Performance_Pct":[{"Avg__Cust__Service__Performance__Pct":88.5608856088561}],"Prior_Avg_Cust_Service_Performance_Pct_Week":[{"Prior__Avg__Cust__Service__Performance__Pct":71.4285714285714}],"Prior_Orders_Filled_Week":[{"Prior__Orders__Filled":16736}],"Loads_Delivered":[{"Loads__Delivered":271}],"Cust_Service_Performance_Target_Pct_Week":[{"Cust__Service__Performance__Target__Pct":88}],"Customers_Served":[{"Customers__Served":18}],"Cust_Service_Trend_Pct_Week_Region":[{"Cust__Service__Trend__Pct":92.1052631578947,"Period":"2014-02-02"},{"Cust__Service__Trend__Pct":85,"Period":"2014-02-03"},{"Cust__Service__Trend__Pct":81.0810810810811,"Period":"2014-02-04"},{"Cust__Service__Trend__Pct":90,"Period":"2014-02-05"},{"Cust__Service__Trend__Pct":94.7368421052632,"Period":"2014-02-06"},{"Cust__Service__Trend__Pct":90,"Period":"2014-02-07"},{"Cust__Service__Trend__Pct":86.8421052631579,"Period":"2014-02-08"}],"Cust_Service_Performance_Pct_Week_Region":[{"Period":"2014-02-02","Cust__Service__Performance__Pct":100,"Location":"NU"},{"Period":"2014-02-02","Cust__Service__Performance__Pct":83.3333333333333,"Location":"YT"},{"Period":"2014-02-02","Cust__Service__Performance__Pct":92.8571428571429,"Location":"NT"},{"Period":"2014-02-03","Cust__Service__Performance__Pct":75,"Location":"NU"},{"Period":"2014-02-03","Cust__Service__Performance__Pct":100,"Location":"YT"},{"Period":"2014-02-03","Cust__Service__Performance__Pct":78.5714285714286,"Location":"NT"},{"Period":"2014-02-04","Cust__Service__Performance__Pct":81.8181818181818,"Location":"NU"},{"Period":"2014-02-04","Cust__Service__Performance__Pct":85.7142857142857,"Location":"YT"},{"Period":"2014-02-04","Cust__Service__Performance__Pct":75,"Location":"NT"},{"Period":"2014-02-05","Cust__Service__Performance__Pct":100,"Location":"NU"},{"Period":"2014-02-05","Cust__Service__Performance__Pct":78.5714285714286,"Location":"YT"},{"Period":"2014-02-05","Cust__Service__Performance__Pct":91.6666666666667,"Location":"NT"},{"Period":"2014-02-06","Cust__Service__Performance__Pct":100,"Location":"NU"},{"Period":"2014-02-06","Cust__Service__Performance__Pct":92.3076923076923,"Location":"YT"},{"Period":"2014-02-06","Cust__Service__Performance__Pct":91.6666666666667,"Location":"NT"},{"Period":"2014-02-07","Cust__Service__Performance__Pct":85.7142857142857,"Location":"NU"},{"Period":"2014-02-07","Cust__Service__Performance__Pct":92.3076923076923,"Location":"YT"},{"Period":"2014-02-07","Cust__Service__Performance__Pct":92.3076923076923,"Location":"NT"},{"Period":"2014-02-08","Cust__Service__Performance__Pct":76.9230769230769,"Location":"NU"},{"Period":"2014-02-08","Cust__Service__Performance__Pct":81.8181818181818,"Location":"YT"},{"Period":"2014-02-08","Cust__Service__Performance__Pct":100,"Location":"NT"}]}],"type":"J"}