{"message":"","count":0,"status":0,"data":[{"Orders_Filled":[{"Orders__Filled":3703}],"Avg_Cust_Service_Performance_Pct":[{"Avg__Cust__Service__Performance__Pct":100}],"Prior_Avg_Cust_Service_Performance_Pct_Week":[{"Prior__Avg__Cust__Service__Performance__Pct":75}],"Prior_Orders_Filled_Week":[{"Prior__Orders__Filled":2488}],"Loads_Delivered":[{"Loads__Delivered":3}],"Cust_Service_Performance_Target_Pct_Week":[{"Cust__Service__Performance__Target__Pct":92}],"Customers_Served":[{"Customers__Served":3}],"Cust_Service_Trend_Pct_Week_Region":[{"Cust__Service__Trend__Pct":100,"Period":"2014-01-27"},{"Cust__Service__Trend__Pct":100,"Period":"2014-01-29"},{"Cust__Service__Trend__Pct":100,"Period":"2014-02-01"}],"Cust_Service_Performance_Pct_Week_Region":[{"Period":"2014-01-27","Cust__Service__Performance__Pct":100,"Location":"ON"},{"Period":"2014-01-29","Cust__Service__Performance__Pct":100,"Location":"ON"},{"Period":"2014-02-01","Cust__Service__Performance__Pct":100,"Location":"ON"}]}],"type":"J"}