{"message":"","count":0,"status":0,"data":[{"Cust_Service_Performance_Pct_Year_Region":[{"Period":"2013-M01","Cust__Service__Performance__Pct":100,"Location":"CP"},{"Period":"2013-M01","Cust__Service__Performance__Pct":82.3529411764706,"Location":"TB"},{"Period":"2013-M01","Cust__Service__Performance__Pct":100,"Location":"CM"},{"Period":"2013-M01","Cust__Service__Performance__Pct":94.4444444444444,"Location":"QR"},{"Period":"2013-M01","Cust__Service__Performance__Pct":94.1176470588235,"Location":"YU"},{"Period":"2013-M02","Cust__Service__Performance__Pct":90.4761904761905,"Location":"CP"},{"Period":"2013-M02","Cust__Service__Performance__Pct":91.6666666666667,"Location":"TB"},{"Period":"2013-M02","Cust__Service__Performance__Pct":76.1904761904762,"Location":"CM"},{"Period":"2013-M02","Cust__Service__Performance__Pct":76.1904761904762,"Location":"QR"},{"Period":"2013-M02","Cust__Service__Performance__Pct":90.4761904761905,"Location":"YU"},{"Period":"2013-M03","Cust__Service__Performance__Pct":100,"Location":"CP"},{"Period":"2013-M03","Cust__Service__Performance__Pct":100,"Location":"TB"},{"Period":"2013-M03","Cust__Service__Performance__Pct":94.1176470588235,"Location":"CM"},{"Period":"2013-M03","Cust__Service__Performance__Pct":88.2352941176471,"Location":"QR"},{"Period":"2013-M03","Cust__Service__Performance__Pct":88.2352941176471,"Location":"YU"},{"Period":"2013-M04","Cust__Service__Performance__Pct":94.1176470588235,"Location":"CP"},{"Period":"2013-M04","Cust__Service__Performance__Pct":82.3529411764706,"Location":"TB"},{"Period":"2013-M04","Cust__Service__Performance__Pct":82.3529411764706,"Location":"CM"},{"Period":"2013-M04","Cust__Service__Performance__Pct":83.3333333333333,"Location":"QR"},{"Period":"2013-M04","Cust__Service__Performance__Pct":94.4444444444444,"Location":"YU"},{"Period":"2013-M05","Cust__Service__Performance__Pct":85.7142857142857,"Location":"CP"},{"Period":"2013-M05","Cust__Service__Performance__Pct":86.3636363636364,"Location":"TB"},{"Period":"2013-M05","Cust__Service__Performance__Pct":82.6086956521739,"Location":"CM"},{"Period":"2013-M05","Cust__Service__Performance__Pct":100,"Location":"QR"},{"Period":"2013-M05","Cust__Service__Performance__Pct":100,"Location":"YU"},{"Period":"2013-M06","Cust__Service__Performance__Pct":83.3333333333333,"Location":"CP"},{"Period":"2013-M06","Cust__Service__Performance__Pct":100,"Location":"TB"},{"Period":"2013-M06","Cust__Service__Performance__Pct":100,"Location":"CM"},{"Period":"2013-M06","Cust__Service__Performance__Pct":100,"Location":"QR"},{"Period":"2013-M06","Cust__Service__Performance__Pct":88.8888888888889,"Location":"YU"},{"Period":"2013-M07","Cust__Service__Performance__Pct":88.2352941176471,"Location":"CP"},{"Period":"2013-M07","Cust__Service__Performance__Pct":94.4444444444444,"Location":"TB"},{"Period":"2013-M07","Cust__Service__Performance__Pct":100,"Location":"CM"},{"Period":"2013-M07","Cust__Service__Performance__Pct":83.3333333333333,"Location":"QR"},{"Period":"2013-M07","Cust__Service__Performance__Pct":82.3529411764706,"Location":"YU"},{"Period":"2013-M08","Cust__Service__Performance__Pct":85.7142857142857,"Location":"CP"},{"Period":"2013-M08","Cust__Service__Performance__Pct":90.4761904761905,"Location":"TB"},{"Period":"2013-M08","Cust__Service__Performance__Pct":91.304347826087,"Location":"CM"},{"Period":"2013-M08","Cust__Service__Performance__Pct":75,"Location":"QR"},{"Period":"2013-M08","Cust__Service__Performance__Pct":91.304347826087,"Location":"YU"},{"Period":"2013-M09","Cust__Service__Performance__Pct":88.8888888888889,"Location":"CP"},{"Period":"2013-M09","Cust__Service__Performance__Pct":88.2352941176471,"Location":"TB"},{"Period":"2013-M09","Cust__Service__Performance__Pct":94.1176470588235,"Location":"CM"},{"Period":"2013-M09","Cust__Service__Performance__Pct":100,"Location":"QR"},{"Period":"2013-M09","Cust__Service__Performance__Pct":82.3529411764706,"Location":"YU"},{"Period":"2013-M10","Cust__Service__Performance__Pct":100,"Location":"CP"},{"Period":"2013-M10","Cust__Service__Performance__Pct":88.8888888888889,"Location":"TB"},{"Period":"2013-M10","Cust__Service__Performance__Pct":88.2352941176471,"Location":"CM"},{"Period":"2013-M10","Cust__Service__Performance__Pct":94.4444444444444,"Location":"QR"},{"Period":"2013-M10","Cust__Service__Performance__Pct":88.2352941176471,"Location":"YU"},{"Period":"2013-M11","Cust__Service__Performance__Pct":95.4545454545455,"Location":"CP"},{"Period":"2013-M11","Cust__Service__Performance__Pct":80.9523809523809,"Location":"TB"},{"Period":"2013-M11","Cust__Service__Performance__Pct":81.8181818181818,"Location":"CM"},{"Period":"2013-M11","Cust__Service__Performance__Pct":95.4545454545455,"Location":"QR"},{"Period":"2013-M11","Cust__Service__Performance__Pct":82.6086956521739,"Location":"YU"},{"Period":"2013-M12","Cust__Service__Performance__Pct":94.1176470588235,"Location":"CP"},{"Period":"2013-M12","Cust__Service__Performance__Pct":94.1176470588235,"Location":"TB"},{"Period":"2013-M12","Cust__Service__Performance__Pct":83.3333333333333,"Location":"CM"},{"Period":"2013-M12","Cust__Service__Performance__Pct":82.3529411764706,"Location":"QR"},{"Period":"2013-M12","Cust__Service__Performance__Pct":94.1176470588235,"Location":"YU"}],"Prior_Orders_Filled_Year":[{"Prior__Orders__Filled":1335521}],"Cust_Service_Trend_Pct_Year_Region":[{"Cust__Service__Trend__Pct":94.2528735632184,"Period":"2013-M01"},{"Cust__Service__Trend__Pct":85.1851851851852,"Period":"2013-M02"},{"Cust__Service__Trend__Pct":94.1860465116279,"Period":"2013-M03"},{"Cust__Service__Trend__Pct":87.3563218390805,"Period":"2013-M04"},{"Cust__Service__Trend__Pct":90.8256880733945,"Period":"2013-M05"},{"Cust__Service__Trend__Pct":94.2528735632184,"Period":"2013-M06"},{"Cust__Service__Trend__Pct":89.7727272727273,"Period":"2013-M07"},{"Cust__Service__Trend__Pct":87.037037037037,"Period":"2013-M08"},{"Cust__Service__Trend__Pct":90.8045977011494,"Period":"2013-M09"},{"Cust__Service__Trend__Pct":91.9540229885057,"Period":"2013-M10"},{"Cust__Service__Trend__Pct":87.2727272727273,"Period":"2013-M11"},{"Cust__Service__Trend__Pct":89.5348837209302,"Period":"2013-M12"}],"Orders_Filled":[{"Orders__Filled":1299487}],"Avg_Cust_Service_Performance_Pct":[{"Avg__Cust__Service__Performance__Pct":90}],"Loads_Delivered":[{"Loads__Delivered":1130}],"Prior_Avg_Cust_Service_Performance_Pct_Year":[{"Prior__Avg__Cust__Service__Performance__Pct":88.28125}],"Customers_Served":[{"Customers__Served":18}],"Cust_Service_Performance_Target_Pct_Year":[{"Cust__Service__Performance__Target__Pct":91.25}]}],"type":"J"}