{"message":"","count":0,"status":0,"data":[{"Cust_Service_Performance_Pct_Year_Region":[{"Period":"2013-M01","Cust__Service__Performance__Pct":88.2352941176471,"Location":"AZ"},{"Period":"2013-M01","Cust__Service__Performance__Pct":77.7777777777778,"Location":"CA"},{"Period":"2013-M01","Cust__Service__Performance__Pct":94.4444444444444,"Location":"NV"},{"Period":"2013-M02","Cust__Service__Performance__Pct":91.304347826087,"Location":"AZ"},{"Period":"2013-M02","Cust__Service__Performance__Pct":100,"Location":"CA"},{"Period":"2013-M02","Cust__Service__Performance__Pct":100,"Location":"NV"},{"Period":"2013-M03","Cust__Service__Performance__Pct":88.2352941176471,"Location":"AZ"},{"Period":"2013-M03","Cust__Service__Performance__Pct":88.2352941176471,"Location":"CA"},{"Period":"2013-M03","Cust__Service__Performance__Pct":94.1176470588235,"Location":"NV"},{"Period":"2013-M04","Cust__Service__Performance__Pct":94.1176470588235,"Location":"AZ"},{"Period":"2013-M04","Cust__Service__Performance__Pct":83.3333333333333,"Location":"CA"},{"Period":"2013-M04","Cust__Service__Performance__Pct":88.8888888888889,"Location":"NV"},{"Period":"2013-M05","Cust__Service__Performance__Pct":87.5,"Location":"AZ"},{"Period":"2013-M05","Cust__Service__Performance__Pct":85.7142857142857,"Location":"CA"},{"Period":"2013-M05","Cust__Service__Performance__Pct":100,"Location":"NV"},{"Period":"2013-M06","Cust__Service__Performance__Pct":88.2352941176471,"Location":"AZ"},{"Period":"2013-M06","Cust__Service__Performance__Pct":88.2352941176471,"Location":"CA"},{"Period":"2013-M06","Cust__Service__Performance__Pct":94.1176470588235,"Location":"NV"},{"Period":"2013-M07","Cust__Service__Performance__Pct":100,"Location":"AZ"},{"Period":"2013-M07","Cust__Service__Performance__Pct":76.4705882352941,"Location":"CA"},{"Period":"2013-M07","Cust__Service__Performance__Pct":66.6666666666667,"Location":"NV"},{"Period":"2013-M08","Cust__Service__Performance__Pct":90.9090909090909,"Location":"AZ"},{"Period":"2013-M08","Cust__Service__Performance__Pct":86.9565217391304,"Location":"CA"},{"Period":"2013-M08","Cust__Service__Performance__Pct":85.7142857142857,"Location":"NV"},{"Period":"2013-M09","Cust__Service__Performance__Pct":88.2352941176471,"Location":"AZ"},{"Period":"2013-M09","Cust__Service__Performance__Pct":88.2352941176471,"Location":"CA"},{"Period":"2013-M09","Cust__Service__Performance__Pct":94.1176470588235,"Location":"NV"},{"Period":"2013-M10","Cust__Service__Performance__Pct":94.4444444444444,"Location":"AZ"},{"Period":"2013-M10","Cust__Service__Performance__Pct":94.4444444444444,"Location":"CA"},{"Period":"2013-M10","Cust__Service__Performance__Pct":88.8888888888889,"Location":"NV"},{"Period":"2013-M11","Cust__Service__Performance__Pct":80.9523809523809,"Location":"AZ"},{"Period":"2013-M11","Cust__Service__Performance__Pct":82.6086956521739,"Location":"CA"},{"Period":"2013-M11","Cust__Service__Performance__Pct":95,"Location":"NV"},{"Period":"2013-M12","Cust__Service__Performance__Pct":94.1176470588235,"Location":"AZ"},{"Period":"2013-M12","Cust__Service__Performance__Pct":88.2352941176471,"Location":"CA"},{"Period":"2013-M12","Cust__Service__Performance__Pct":94.4444444444444,"Location":"NV"}],"Prior_Orders_Filled_Year":[{"Prior__Orders__Filled":894200}],"Cust_Service_Trend_Pct_Year_Region":[{"Cust__Service__Trend__Pct":86.7924528301887,"Period":"2013-M01"},{"Cust__Service__Trend__Pct":96.9230769230769,"Period":"2013-M02"},{"Cust__Service__Trend__Pct":90.1960784313726,"Period":"2013-M03"},{"Cust__Service__Trend__Pct":88.6792452830189,"Period":"2013-M04"},{"Cust__Service__Trend__Pct":90.9090909090909,"Period":"2013-M05"},{"Cust__Service__Trend__Pct":90.1960784313726,"Period":"2013-M06"},{"Cust__Service__Trend__Pct":80.7692307692308,"Period":"2013-M07"},{"Cust__Service__Trend__Pct":87.8787878787879,"Period":"2013-M08"},{"Cust__Service__Trend__Pct":90.1960784313726,"Period":"2013-M09"},{"Cust__Service__Trend__Pct":92.5925925925926,"Period":"2013-M10"},{"Cust__Service__Trend__Pct":85.9375,"Period":"2013-M11"},{"Cust__Service__Trend__Pct":92.3076923076923,"Period":"2013-M12"}],"Orders_Filled":[{"Orders__Filled":896170}],"Avg_Cust_Service_Performance_Pct":[{"Avg__Cust__Service__Performance__Pct":89.5280235988201}],"Loads_Delivered":[{"Loads__Delivered":678}],"Prior_Avg_Cust_Service_Performance_Pct_Year":[{"Prior__Avg__Cust__Service__Performance__Pct":87.698986975398}],"Customers_Served":[{"Customers__Served":18}],"Cust_Service_Performance_Target_Pct_Year":[{"Cust__Service__Performance__Target__Pct":91.25}]}],"type":"J"}