{"message":"","count":0,"status":0,"data":[{"Cust_Service_Performance_Pct_Quarter_Region":[{"Period":"2013-W14","Cust__Service__Performance__Pct":83.3333333333333,"Location":"PE"},{"Period":"2013-W14","Cust__Service__Performance__Pct":83.3333333333333,"Location":"NB"},{"Period":"2013-W14","Cust__Service__Performance__Pct":100,"Location":"NL"},{"Period":"2013-W14","Cust__Service__Performance__Pct":100,"Location":"NS"},{"Period":"2013-W15","Cust__Service__Performance__Pct":100,"Location":"PE"},{"Period":"2013-W15","Cust__Service__Performance__Pct":100,"Location":"NB"},{"Period":"2013-W15","Cust__Service__Performance__Pct":100,"Location":"NL"},{"Period":"2013-W15","Cust__Service__Performance__Pct":100,"Location":"NS"},{"Period":"2013-W16","Cust__Service__Performance__Pct":100,"Location":"PE"},{"Period":"2013-W16","Cust__Service__Performance__Pct":100,"Location":"NB"},{"Period":"2013-W16","Cust__Service__Performance__Pct":83.3333333333333,"Location":"NL"},{"Period":"2013-W16","Cust__Service__Performance__Pct":75,"Location":"NS"},{"Period":"2013-W17","Cust__Service__Performance__Pct":100,"Location":"PE"},{"Period":"2013-W17","Cust__Service__Performance__Pct":100,"Location":"NB"},{"Period":"2013-W17","Cust__Service__Performance__Pct":100,"Location":"NL"},{"Period":"2013-W17","Cust__Service__Performance__Pct":83.3333333333333,"Location":"NS"},{"Period":"2013-W18","Cust__Service__Performance__Pct":100,"Location":"PE"},{"Period":"2013-W18","Cust__Service__Performance__Pct":66.6666666666667,"Location":"NB"},{"Period":"2013-W18","Cust__Service__Performance__Pct":100,"Location":"NL"},{"Period":"2013-W18","Cust__Service__Performance__Pct":75,"Location":"NS"},{"Period":"2013-W19","Cust__Service__Performance__Pct":100,"Location":"PE"},{"Period":"2013-W19","Cust__Service__Performance__Pct":100,"Location":"NB"},{"Period":"2013-W19","Cust__Service__Performance__Pct":60,"Location":"NL"},{"Period":"2013-W19","Cust__Service__Performance__Pct":100,"Location":"NS"},{"Period":"2013-W20","Cust__Service__Performance__Pct":100,"Location":"PE"},{"Period":"2013-W20","Cust__Service__Performance__Pct":50,"Location":"NB"},{"Period":"2013-W20","Cust__Service__Performance__Pct":100,"Location":"NL"},{"Period":"2013-W20","Cust__Service__Performance__Pct":100,"Location":"NS"},{"Period":"2013-W21","Cust__Service__Performance__Pct":100,"Location":"PE"},{"Period":"2013-W21","Cust__Service__Performance__Pct":100,"Location":"NB"},{"Period":"2013-W21","Cust__Service__Performance__Pct":100,"Location":"NL"},{"Period":"2013-W21","Cust__Service__Performance__Pct":83.3333333333333,"Location":"NS"},{"Period":"2013-W22","Cust__Service__Performance__Pct":75,"Location":"PE"},{"Period":"2013-W22","Cust__Service__Performance__Pct":80,"Location":"NB"},{"Period":"2013-W22","Cust__Service__Performance__Pct":100,"Location":"NL"},{"Period":"2013-W22","Cust__Service__Performance__Pct":80,"Location":"NS"},{"Period":"2013-W23","Cust__Service__Performance__Pct":100,"Location":"PE"},{"Period":"2013-W23","Cust__Service__Performance__Pct":66.6666666666667,"Location":"NB"},{"Period":"2013-W23","Cust__Service__Performance__Pct":75,"Location":"NL"},{"Period":"2013-W23","Cust__Service__Performance__Pct":100,"Location":"NS"},{"Period":"2013-W24","Cust__Service__Performance__Pct":100,"Location":"PE"},{"Period":"2013-W24","Cust__Service__Performance__Pct":100,"Location":"NB"},{"Period":"2013-W24","Cust__Service__Performance__Pct":83.3333333333333,"Location":"NL"},{"Period":"2013-W24","Cust__Service__Performance__Pct":100,"Location":"NS"},{"Period":"2013-W25","Cust__Service__Performance__Pct":100,"Location":"PE"},{"Period":"2013-W25","Cust__Service__Performance__Pct":75,"Location":"NB"},{"Period":"2013-W25","Cust__Service__Performance__Pct":100,"Location":"NL"},{"Period":"2013-W25","Cust__Service__Performance__Pct":100,"Location":"NS"},{"Period":"2013-W26","Cust__Service__Performance__Pct":100,"Location":"PE"},{"Period":"2013-W26","Cust__Service__Performance__Pct":75,"Location":"NB"},{"Period":"2013-W26","Cust__Service__Performance__Pct":100,"Location":"NL"},{"Period":"2013-W26","Cust__Service__Performance__Pct":80,"Location":"NS"}],"Orders_Filled":[{"Orders__Filled":262107}],"Prior_Avg_Cust_Service_Performance_Pct_Quarter":[{"Prior__Avg__Cust__Service__Performance__Pct":91.5555555555556}],"Avg_Cust_Service_Performance_Pct":[{"Avg__Cust__Service__Performance__Pct":89.8678414096916}],"Cust_Service_Trend_Pct_Quarter_Region":[{"Cust__Service__Trend__Pct":90,"Period":"2013-W14"},{"Cust__Service__Trend__Pct":100,"Period":"2013-W15"},{"Cust__Service__Trend__Pct":88.2352941176471,"Period":"2013-W16"},{"Cust__Service__Trend__Pct":93.75,"Period":"2013-W17"},{"Cust__Service__Trend__Pct":83.3333333333333,"Period":"2013-W18"},{"Cust__Service__Trend__Pct":90,"Period":"2013-W19"},{"Cust__Service__Trend__Pct":87.5,"Period":"2013-W20"},{"Cust__Service__Trend__Pct":93.75,"Period":"2013-W21"},{"Cust__Service__Trend__Pct":83.3333333333333,"Period":"2013-W22"},{"Cust__Service__Trend__Pct":84.2105263157895,"Period":"2013-W23"},{"Cust__Service__Trend__Pct":93.75,"Period":"2013-W24"},{"Cust__Service__Trend__Pct":94.1176470588235,"Period":"2013-W25"},{"Cust__Service__Trend__Pct":88.2352941176471,"Period":"2013-W26"}],"Loads_Delivered":[{"Loads__Delivered":227}],"Prior_Orders_Filled_Quarter":[{"Prior__Orders__Filled":265495}],"Customers_Served":[{"Customers__Served":18}],"Cust_Service_Performance_Target_Pct_Quarter":[{"Cust__Service__Performance__Target__Pct":91}]}],"type":"J"}