{"message":"","count":0,"status":0,"data":[{"Orders_Filled":[{"Orders__Filled":118548}],"Avg_Cust_Service_Performance_Pct":[{"Avg__Cust__Service__Performance__Pct":93.5779816513761}],"Cust_Service_Performance_Pct_Month_Region":[{"Period":"2013-W44","Cust__Service__Performance__Pct":100,"Location":"AG"},{"Period":"2013-W44","Cust__Service__Performance__Pct":83.3333333333333,"Location":"MR"},{"Period":"2013-W44","Cust__Service__Performance__Pct":100,"Location":"DF"},{"Period":"2013-W44","Cust__Service__Performance__Pct":100,"Location":"ZA"},{"Period":"2013-W44","Cust__Service__Performance__Pct":100,"Location":"MX"},{"Period":"2013-W45","Cust__Service__Performance__Pct":100,"Location":"AG"},{"Period":"2013-W45","Cust__Service__Performance__Pct":100,"Location":"MR"},{"Period":"2013-W45","Cust__Service__Performance__Pct":80,"Location":"DF"},{"Period":"2013-W45","Cust__Service__Performance__Pct":75,"Location":"ZA"},{"Period":"2013-W45","Cust__Service__Performance__Pct":100,"Location":"MX"},{"Period":"2013-W46","Cust__Service__Performance__Pct":100,"Location":"AG"},{"Period":"2013-W46","Cust__Service__Performance__Pct":100,"Location":"MR"},{"Period":"2013-W46","Cust__Service__Performance__Pct":83.3333333333333,"Location":"DF"},{"Period":"2013-W46","Cust__Service__Performance__Pct":75,"Location":"ZA"},{"Period":"2013-W46","Cust__Service__Performance__Pct":100,"Location":"MX"},{"Period":"2013-W47","Cust__Service__Performance__Pct":100,"Location":"AG"},{"Period":"2013-W47","Cust__Service__Performance__Pct":100,"Location":"MR"},{"Period":"2013-W47","Cust__Service__Performance__Pct":100,"Location":"DF"},{"Period":"2013-W47","Cust__Service__Performance__Pct":100,"Location":"ZA"},{"Period":"2013-W47","Cust__Service__Performance__Pct":100,"Location":"MX"},{"Period":"2013-W48","Cust__Service__Performance__Pct":100,"Location":"AG"},{"Period":"2013-W48","Cust__Service__Performance__Pct":83.3333333333333,"Location":"MR"},{"Period":"2013-W48","Cust__Service__Performance__Pct":100,"Location":"DF"},{"Period":"2013-W48","Cust__Service__Performance__Pct":83.3333333333333,"Location":"ZA"},{"Period":"2013-W48","Cust__Service__Performance__Pct":100,"Location":"MX"}],"Prior_Orders_Filled_Month":[{"Prior__Orders__Filled":97578}],"Cust_Service_Trend_Pct_Month_Region":[{"Cust__Service__Trend__Pct":95.4545454545455,"Period":"2013-W44"},{"Cust__Service__Trend__Pct":90.4761904761905,"Period":"2013-W45"},{"Cust__Service__Trend__Pct":90.9090909090909,"Period":"2013-W46"},{"Cust__Service__Trend__Pct":100,"Period":"2013-W47"},{"Cust__Service__Trend__Pct":91.304347826087,"Period":"2013-W48"}],"Loads_Delivered":[{"Loads__Delivered":109}],"Cust_Service_Performance_Target_Pct_Month":[{"Cust__Service__Performance__Target__Pct":92}],"Customers_Served":[{"Customers__Served":18}],"Prior_Avg_Cust_Service_Performance_Pct_Month":[{"Prior__Avg__Cust__Service__Performance__Pct":89.6551724137931}]}],"type":"J"}