{"message":"","count":0,"status":0,"data":[{"Orders_Filled":[{"Orders__Filled":862651}],"Prior_Avg_Cust_Service_Performance_Pct_Quarter":[{"Prior__Avg__Cust__Service__Performance__Pct":89.2663043478261}],"Avg_Cust_Service_Performance_Pct":[{"Avg__Cust__Service__Performance__Pct":88.5558583106267}],"Loads_Delivered":[{"Loads__Delivered":734}],"Cust_Service_Performance_Pct_Quarter_Country":[{"Period":"2013-W27","Cust__Service__Performance__Pct":94.4444444444444,"Location":"Western Canada"},{"Period":"2013-W27","Cust__Service__Performance__Pct":91.6666666666667,"Location":"Northern Canada"},{"Period":"2013-W27","Cust__Service__Performance__Pct":95,"Location":"Atlantic Canada"},{"Period":"2013-W27","Cust__Service__Performance__Pct":100,"Location":"Ontario"},{"Period":"2013-W27","Cust__Service__Performance__Pct":75,"Location":"Quebec"},{"Period":"2013-W28","Cust__Service__Performance__Pct":94.4444444444444,"Location":"Western Canada"},{"Period":"2013-W28","Cust__Service__Performance__Pct":92.8571428571429,"Location":"Northern Canada"},{"Period":"2013-W28","Cust__Service__Performance__Pct":87.5,"Location":"Atlantic Canada"},{"Period":"2013-W28","Cust__Service__Performance__Pct":83.3333333333333,"Location":"Ontario"},{"Period":"2013-W28","Cust__Service__Performance__Pct":100,"Location":"Quebec"},{"Period":"2013-W29","Cust__Service__Performance__Pct":88.2352941176471,"Location":"Western Canada"},{"Period":"2013-W29","Cust__Service__Performance__Pct":100,"Location":"Northern Canada"},{"Period":"2013-W29","Cust__Service__Performance__Pct":100,"Location":"Atlantic Canada"},{"Period":"2013-W29","Cust__Service__Performance__Pct":100,"Location":"Ontario"},{"Period":"2013-W29","Cust__Service__Performance__Pct":100,"Location":"Quebec"},{"Period":"2013-W30","Cust__Service__Performance__Pct":86.6666666666667,"Location":"Western Canada"},{"Period":"2013-W30","Cust__Service__Performance__Pct":84.6153846153846,"Location":"Northern Canada"},{"Period":"2013-W30","Cust__Service__Performance__Pct":89.4736842105263,"Location":"Atlantic Canada"},{"Period":"2013-W30","Cust__Service__Performance__Pct":100,"Location":"Ontario"},{"Period":"2013-W30","Cust__Service__Performance__Pct":66.6666666666667,"Location":"Quebec"},{"Period":"2013-W31","Cust__Service__Performance__Pct":80,"Location":"Western Canada"},{"Period":"2013-W31","Cust__Service__Performance__Pct":92.3076923076923,"Location":"Northern Canada"},{"Period":"2013-W31","Cust__Service__Performance__Pct":88.8888888888889,"Location":"Atlantic Canada"},{"Period":"2013-W31","Cust__Service__Performance__Pct":100,"Location":"Ontario"},{"Period":"2013-W31","Cust__Service__Performance__Pct":33.3333333333333,"Location":"Quebec"},{"Period":"2013-W32","Cust__Service__Performance__Pct":88.2352941176471,"Location":"Western Canada"},{"Period":"2013-W32","Cust__Service__Performance__Pct":92.3076923076923,"Location":"Northern Canada"},{"Period":"2013-W32","Cust__Service__Performance__Pct":76.4705882352941,"Location":"Atlantic Canada"},{"Period":"2013-W32","Cust__Service__Performance__Pct":60,"Location":"Ontario"},{"Period":"2013-W32","Cust__Service__Performance__Pct":100,"Location":"Quebec"},{"Period":"2013-W33","Cust__Service__Performance__Pct":94.1176470588235,"Location":"Western Canada"},{"Period":"2013-W33","Cust__Service__Performance__Pct":92.8571428571429,"Location":"Northern Canada"},{"Period":"2013-W33","Cust__Service__Performance__Pct":93.75,"Location":"Atlantic Canada"},{"Period":"2013-W33","Cust__Service__Performance__Pct":100,"Location":"Ontario"},{"Period":"2013-W33","Cust__Service__Performance__Pct":75,"Location":"Quebec"},{"Period":"2013-W34","Cust__Service__Performance__Pct":93.75,"Location":"Western Canada"},{"Period":"2013-W34","Cust__Service__Performance__Pct":61.5384615384615,"Location":"Northern Canada"},{"Period":"2013-W34","Cust__Service__Performance__Pct":88.2352941176471,"Location":"Atlantic Canada"},{"Period":"2013-W34","Cust__Service__Performance__Pct":100,"Location":"Ontario"},{"Period":"2013-W34","Cust__Service__Performance__Pct":100,"Location":"Quebec"},{"Period":"2013-W35","Cust__Service__Performance__Pct":77.7777777777778,"Location":"Western Canada"},{"Period":"2013-W35","Cust__Service__Performance__Pct":100,"Location":"Northern Canada"},{"Period":"2013-W35","Cust__Service__Performance__Pct":84.2105263157895,"Location":"Atlantic Canada"},{"Period":"2013-W35","Cust__Service__Performance__Pct":100,"Location":"Ontario"},{"Period":"2013-W35","Cust__Service__Performance__Pct":75,"Location":"Quebec"},{"Period":"2013-W36","Cust__Service__Performance__Pct":80,"Location":"Western Canada"},{"Period":"2013-W36","Cust__Service__Performance__Pct":92.8571428571429,"Location":"Northern Canada"},{"Period":"2013-W36","Cust__Service__Performance__Pct":76.4705882352941,"Location":"Atlantic Canada"},{"Period":"2013-W36","Cust__Service__Performance__Pct":100,"Location":"Ontario"},{"Period":"2013-W36","Cust__Service__Performance__Pct":100,"Location":"Quebec"},{"Period":"2013-W37","Cust__Service__Performance__Pct":100,"Location":"Western Canada"},{"Period":"2013-W37","Cust__Service__Performance__Pct":84.6153846153846,"Location":"Northern Canada"},{"Period":"2013-W37","Cust__Service__Performance__Pct":100,"Location":"Atlantic Canada"},{"Period":"2013-W37","Cust__Service__Performance__Pct":83.3333333333333,"Location":"Ontario"},{"Period":"2013-W37","Cust__Service__Performance__Pct":50,"Location":"Quebec"},{"Period":"2013-W38","Cust__Service__Performance__Pct":81.25,"Location":"Western Canada"},{"Period":"2013-W38","Cust__Service__Performance__Pct":91.6666666666667,"Location":"Northern Canada"},{"Period":"2013-W38","Cust__Service__Performance__Pct":94.1176470588235,"Location":"Atlantic Canada"},{"Period":"2013-W38","Cust__Service__Performance__Pct":75,"Location":"Ontario"},{"Period":"2013-W38","Cust__Service__Performance__Pct":83.3333333333333,"Location":"Quebec"},{"Period":"2013-W39","Cust__Service__Performance__Pct":88.8888888888889,"Location":"Western Canada"},{"Period":"2013-W39","Cust__Service__Performance__Pct":92.8571428571429,"Location":"Northern Canada"},{"Period":"2013-W39","Cust__Service__Performance__Pct":100,"Location":"Atlantic Canada"},{"Period":"2013-W39","Cust__Service__Performance__Pct":33.3333333333333,"Location":"Ontario"},{"Period":"2013-W39","Cust__Service__Performance__Pct":75,"Location":"Quebec"}],"Prior_Orders_Filled_Quarter":[{"Prior__Orders__Filled":854172}],"Cust_Service_Trend_Pct_Quarter_Country":[{"Cust__Service__Trend__Pct":92.9824561403509,"Period":"2013-W27"},{"Cust__Service__Trend__Pct":91.2280701754386,"Period":"2013-W28"},{"Cust__Service__Trend__Pct":96.3636363636364,"Period":"2013-W29"},{"Cust__Service__Trend__Pct":85.9649122807018,"Period":"2013-W30"},{"Cust__Service__Trend__Pct":84.2105263157895,"Period":"2013-W31"},{"Cust__Service__Trend__Pct":83.9285714285714,"Period":"2013-W32"},{"Cust__Service__Trend__Pct":92.9824561403509,"Period":"2013-W33"},{"Cust__Service__Trend__Pct":85.4545454545455,"Period":"2013-W34"},{"Cust__Service__Trend__Pct":85.9649122807018,"Period":"2013-W35"},{"Cust__Service__Trend__Pct":84.4827586206897,"Period":"2013-W36"},{"Cust__Service__Trend__Pct":91.0714285714286,"Period":"2013-W37"},{"Cust__Service__Trend__Pct":87.2727272727273,"Period":"2013-W38"},{"Cust__Service__Trend__Pct":89.4736842105263,"Period":"2013-W39"}],"Customers_Served":[{"Customers__Served":18}],"Cust_Service_Performance_Target_Pct_Quarter":[{"Cust__Service__Performance__Target__Pct":92}]}],"type":"J"}