{"message":"","count":0,"status":0,"data":[{"Cust_Service_Performance_Pct_Week_Country":[{"Period":"2014-01-26","Cust__Service__Performance__Pct":0,"Location":"West"},{"Period":"2014-01-26","Cust__Service__Performance__Pct":100,"Location":"Northeast"},{"Period":"2014-01-26","Cust__Service__Performance__Pct":75,"Location":"Midwest"},{"Period":"2014-01-26","Cust__Service__Performance__Pct":100,"Location":"South"},{"Period":"2014-01-27","Cust__Service__Performance__Pct":100,"Location":"West"},{"Period":"2014-01-27","Cust__Service__Performance__Pct":50,"Location":"Northeast"},{"Period":"2014-01-27","Cust__Service__Performance__Pct":100,"Location":"Midwest"},{"Period":"2014-01-27","Cust__Service__Performance__Pct":75,"Location":"South"},{"Period":"2014-01-28","Cust__Service__Performance__Pct":100,"Location":"Northeast"},{"Period":"2014-01-28","Cust__Service__Performance__Pct":75,"Location":"Midwest"},{"Period":"2014-01-28","Cust__Service__Performance__Pct":100,"Location":"South"},{"Period":"2014-01-29","Cust__Service__Performance__Pct":100,"Location":"West"},{"Period":"2014-01-29","Cust__Service__Performance__Pct":100,"Location":"Northeast"},{"Period":"2014-01-29","Cust__Service__Performance__Pct":100,"Location":"Midwest"},{"Period":"2014-01-29","Cust__Service__Performance__Pct":66.6666666666667,"Location":"South"},{"Period":"2014-01-30","Cust__Service__Performance__Pct":100,"Location":"West"},{"Period":"2014-01-30","Cust__Service__Performance__Pct":100,"Location":"Northeast"},{"Period":"2014-01-30","Cust__Service__Performance__Pct":100,"Location":"Midwest"},{"Period":"2014-01-30","Cust__Service__Performance__Pct":66.6666666666667,"Location":"South"},{"Period":"2014-01-31","Cust__Service__Performance__Pct":100,"Location":"West"},{"Period":"2014-01-31","Cust__Service__Performance__Pct":100,"Location":"Northeast"},{"Period":"2014-01-31","Cust__Service__Performance__Pct":50,"Location":"Midwest"},{"Period":"2014-01-31","Cust__Service__Performance__Pct":100,"Location":"South"},{"Period":"2014-02-01","Cust__Service__Performance__Pct":100,"Location":"West"},{"Period":"2014-02-01","Cust__Service__Performance__Pct":100,"Location":"Northeast"},{"Period":"2014-02-01","Cust__Service__Performance__Pct":100,"Location":"Midwest"},{"Period":"2014-02-01","Cust__Service__Performance__Pct":66.6666666666667,"Location":"South"}],"Orders_Filled":[{"Orders__Filled":95565}],"Avg_Cust_Service_Performance_Pct":[{"Avg__Cust__Service__Performance__Pct":87.8378378378378}],"Prior_Avg_Cust_Service_Performance_Pct_Week":[{"Prior__Avg__Cust__Service__Performance__Pct":91.6666666666667}],"Prior_Orders_Filled_Week":[{"Prior__Orders__Filled":83505}],"Cust_Service_Trend_Pct_Week_Country":[{"Cust__Service__Trend__Pct":81.8181818181818,"Period":"2014-01-26"},{"Cust__Service__Trend__Pct":81.8181818181818,"Period":"2014-01-27"},{"Cust__Service__Trend__Pct":90,"Period":"2014-01-28"},{"Cust__Service__Trend__Pct":90.9090909090909,"Period":"2014-01-29"},{"Cust__Service__Trend__Pct":90,"Period":"2014-01-30"},{"Cust__Service__Trend__Pct":90.9090909090909,"Period":"2014-01-31"},{"Cust__Service__Trend__Pct":90,"Period":"2014-02-01"}],"Loads_Delivered":[{"Loads__Delivered":74}],"Cust_Service_Performance_Target_Pct_Week":[{"Cust__Service__Performance__Target__Pct":92}],"Customers_Served":[{"Customers__Served":18}]}],"type":"J"}