{"message":"","count":0,"status":0,"data":[{"Cust_Service_Performance_Pct_Week_Country":[{"Period":"2014-02-02","Cust__Service__Performance__Pct":81.8181818181818,"Location":"Central"},{"Period":"2014-02-02","Cust__Service__Performance__Pct":90.5660377358491,"Location":"Northern"},{"Period":"2014-02-02","Cust__Service__Performance__Pct":88.2352941176471,"Location":"West"},{"Period":"2014-02-02","Cust__Service__Performance__Pct":83.5820895522388,"Location":"South"},{"Period":"2014-02-02","Cust__Service__Performance__Pct":92.1052631578947,"Location":"East"},{"Period":"2014-02-03","Cust__Service__Performance__Pct":87.6923076923077,"Location":"Central"},{"Period":"2014-02-03","Cust__Service__Performance__Pct":86.5384615384615,"Location":"Northern"},{"Period":"2014-02-03","Cust__Service__Performance__Pct":92.3076923076923,"Location":"West"},{"Period":"2014-02-03","Cust__Service__Performance__Pct":90.9090909090909,"Location":"South"},{"Period":"2014-02-03","Cust__Service__Performance__Pct":97.4358974358974,"Location":"East"},{"Period":"2014-02-04","Cust__Service__Performance__Pct":87.5,"Location":"Central"},{"Period":"2014-02-04","Cust__Service__Performance__Pct":87.037037037037,"Location":"Northern"},{"Period":"2014-02-04","Cust__Service__Performance__Pct":86.7924528301887,"Location":"West"},{"Period":"2014-02-04","Cust__Service__Performance__Pct":80,"Location":"South"},{"Period":"2014-02-04","Cust__Service__Performance__Pct":94.8717948717949,"Location":"East"},{"Period":"2014-02-05","Cust__Service__Performance__Pct":93.8461538461538,"Location":"Central"},{"Period":"2014-02-05","Cust__Service__Performance__Pct":90.3846153846154,"Location":"Northern"},{"Period":"2014-02-05","Cust__Service__Performance__Pct":90.3846153846154,"Location":"West"},{"Period":"2014-02-05","Cust__Service__Performance__Pct":83.0769230769231,"Location":"South"},{"Period":"2014-02-05","Cust__Service__Performance__Pct":89.7435897435898,"Location":"East"},{"Period":"2014-02-06","Cust__Service__Performance__Pct":87.6923076923077,"Location":"Central"},{"Period":"2014-02-06","Cust__Service__Performance__Pct":88.6792452830189,"Location":"Northern"},{"Period":"2014-02-06","Cust__Service__Performance__Pct":86.7924528301887,"Location":"West"},{"Period":"2014-02-06","Cust__Service__Performance__Pct":86.1538461538462,"Location":"South"},{"Period":"2014-02-06","Cust__Service__Performance__Pct":84.2105263157895,"Location":"East"},{"Period":"2014-02-07","Cust__Service__Performance__Pct":92.4242424242424,"Location":"Central"},{"Period":"2014-02-07","Cust__Service__Performance__Pct":86,"Location":"Northern"},{"Period":"2014-02-07","Cust__Service__Performance__Pct":90.5660377358491,"Location":"West"},{"Period":"2014-02-07","Cust__Service__Performance__Pct":89.0625,"Location":"South"},{"Period":"2014-02-07","Cust__Service__Performance__Pct":89.7435897435898,"Location":"East"},{"Period":"2014-02-08","Cust__Service__Performance__Pct":91.044776119403,"Location":"Central"},{"Period":"2014-02-08","Cust__Service__Performance__Pct":86.5384615384615,"Location":"Northern"},{"Period":"2014-02-08","Cust__Service__Performance__Pct":90.1960784313726,"Location":"West"},{"Period":"2014-02-08","Cust__Service__Performance__Pct":87.6923076923077,"Location":"South"},{"Period":"2014-02-08","Cust__Service__Performance__Pct":97.5,"Location":"East"}],"Orders_Filled":[{"Orders__Filled":2689196}],"Avg_Cust_Service_Performance_Pct":[{"Avg__Cust__Service__Performance__Pct":88.5297184567258}],"Prior_Avg_Cust_Service_Performance_Pct_Week":[{"Prior__Avg__Cust__Service__Performance__Pct":89.010989010989}],"Prior_Orders_Filled_Week":[{"Prior__Orders__Filled":103845}],"Cust_Service_Trend_Pct_Week_Country":[{"Cust__Service__Trend__Pct":86.5454545454545,"Period":"2014-02-02"},{"Cust__Service__Trend__Pct":90.5109489051095,"Period":"2014-02-03"},{"Cust__Service__Trend__Pct":86.5454545454545,"Period":"2014-02-04"},{"Cust__Service__Trend__Pct":89.3772893772894,"Period":"2014-02-05"},{"Cust__Service__Trend__Pct":86.8613138686131,"Period":"2014-02-06"},{"Cust__Service__Trend__Pct":89.7058823529412,"Period":"2014-02-07"},{"Cust__Service__Trend__Pct":90.1818181818182,"Period":"2014-02-08"}],"Loads_Delivered":[{"Loads__Delivered":1918}],"Cust_Service_Performance_Target_Pct_Week":[{"Cust__Service__Performance__Target__Pct":88}],"Customers_Served":[{"Customers__Served":18}]}],"type":"J"}