{"message":"","count":0,"status":0,"data":[{"Cust_Service_Performance_Pct_Quarter_Region":[{"Period":"2013-W40","Cust__Service__Performance__Pct":100,"Location":"CP"},{"Period":"2013-W40","Cust__Service__Performance__Pct":100,"Location":"TB"},{"Period":"2013-W40","Cust__Service__Performance__Pct":100,"Location":"CM"},{"Period":"2013-W40","Cust__Service__Performance__Pct":100,"Location":"QR"},{"Period":"2013-W40","Cust__Service__Performance__Pct":100,"Location":"YU"},{"Period":"2013-W41","Cust__Service__Performance__Pct":100,"Location":"CP"},{"Period":"2013-W41","Cust__Service__Performance__Pct":75,"Location":"TB"},{"Period":"2013-W41","Cust__Service__Performance__Pct":100,"Location":"CM"},{"Period":"2013-W41","Cust__Service__Performance__Pct":100,"Location":"QR"},{"Period":"2013-W41","Cust__Service__Performance__Pct":100,"Location":"YU"},{"Period":"2013-W42","Cust__Service__Performance__Pct":100,"Location":"CP"},{"Period":"2013-W42","Cust__Service__Performance__Pct":83.3333333333333,"Location":"TB"},{"Period":"2013-W42","Cust__Service__Performance__Pct":66.6666666666667,"Location":"CM"},{"Period":"2013-W42","Cust__Service__Performance__Pct":66.6666666666667,"Location":"QR"},{"Period":"2013-W42","Cust__Service__Performance__Pct":66.6666666666667,"Location":"YU"},{"Period":"2013-W43","Cust__Service__Performance__Pct":100,"Location":"CP"},{"Period":"2013-W43","Cust__Service__Performance__Pct":100,"Location":"TB"},{"Period":"2013-W43","Cust__Service__Performance__Pct":83.3333333333333,"Location":"CM"},{"Period":"2013-W43","Cust__Service__Performance__Pct":100,"Location":"QR"},{"Period":"2013-W43","Cust__Service__Performance__Pct":83.3333333333333,"Location":"YU"},{"Period":"2013-W44","Cust__Service__Performance__Pct":100,"Location":"CP"},{"Period":"2013-W44","Cust__Service__Performance__Pct":33.3333333333333,"Location":"TB"},{"Period":"2013-W44","Cust__Service__Performance__Pct":80,"Location":"CM"},{"Period":"2013-W44","Cust__Service__Performance__Pct":100,"Location":"QR"},{"Period":"2013-W44","Cust__Service__Performance__Pct":40,"Location":"YU"},{"Period":"2013-W45","Cust__Service__Performance__Pct":83.3333333333333,"Location":"CP"},{"Period":"2013-W45","Cust__Service__Performance__Pct":100,"Location":"TB"},{"Period":"2013-W45","Cust__Service__Performance__Pct":66.6666666666667,"Location":"CM"},{"Period":"2013-W45","Cust__Service__Performance__Pct":100,"Location":"QR"},{"Period":"2013-W45","Cust__Service__Performance__Pct":100,"Location":"YU"},{"Period":"2013-W46","Cust__Service__Performance__Pct":100,"Location":"CP"},{"Period":"2013-W46","Cust__Service__Performance__Pct":100,"Location":"TB"},{"Period":"2013-W46","Cust__Service__Performance__Pct":100,"Location":"CM"},{"Period":"2013-W46","Cust__Service__Performance__Pct":100,"Location":"QR"},{"Period":"2013-W46","Cust__Service__Performance__Pct":100,"Location":"YU"},{"Period":"2013-W47","Cust__Service__Performance__Pct":100,"Location":"CP"},{"Period":"2013-W47","Cust__Service__Performance__Pct":50,"Location":"TB"},{"Period":"2013-W47","Cust__Service__Performance__Pct":83.3333333333333,"Location":"CM"},{"Period":"2013-W47","Cust__Service__Performance__Pct":100,"Location":"QR"},{"Period":"2013-W47","Cust__Service__Performance__Pct":100,"Location":"YU"},{"Period":"2013-W48","Cust__Service__Performance__Pct":100,"Location":"CP"},{"Period":"2013-W48","Cust__Service__Performance__Pct":100,"Location":"TB"},{"Period":"2013-W48","Cust__Service__Performance__Pct":80,"Location":"CM"},{"Period":"2013-W48","Cust__Service__Performance__Pct":80,"Location":"QR"},{"Period":"2013-W48","Cust__Service__Performance__Pct":83.3333333333333,"Location":"YU"},{"Period":"2013-W49","Cust__Service__Performance__Pct":83.3333333333333,"Location":"CP"},{"Period":"2013-W49","Cust__Service__Performance__Pct":100,"Location":"TB"},{"Period":"2013-W49","Cust__Service__Performance__Pct":75,"Location":"CM"},{"Period":"2013-W49","Cust__Service__Performance__Pct":66.6666666666667,"Location":"QR"},{"Period":"2013-W49","Cust__Service__Performance__Pct":100,"Location":"YU"},{"Period":"2013-W50","Cust__Service__Performance__Pct":100,"Location":"CP"},{"Period":"2013-W50","Cust__Service__Performance__Pct":83.3333333333333,"Location":"TB"},{"Period":"2013-W50","Cust__Service__Performance__Pct":100,"Location":"CM"},{"Period":"2013-W50","Cust__Service__Performance__Pct":100,"Location":"QR"},{"Period":"2013-W50","Cust__Service__Performance__Pct":100,"Location":"YU"},{"Period":"2013-W51","Cust__Service__Performance__Pct":100,"Location":"CP"},{"Period":"2013-W51","Cust__Service__Performance__Pct":100,"Location":"TB"},{"Period":"2013-W51","Cust__Service__Performance__Pct":100,"Location":"CM"},{"Period":"2013-W51","Cust__Service__Performance__Pct":100,"Location":"QR"},{"Period":"2013-W51","Cust__Service__Performance__Pct":100,"Location":"YU"},{"Period":"2013-W52","Cust__Service__Performance__Pct":100,"Location":"CP"},{"Period":"2013-W52","Cust__Service__Performance__Pct":100,"Location":"TB"},{"Period":"2013-W52","Cust__Service__Performance__Pct":66.6666666666667,"Location":"CM"},{"Period":"2013-W52","Cust__Service__Performance__Pct":75,"Location":"QR"},{"Period":"2013-W52","Cust__Service__Performance__Pct":83.3333333333333,"Location":"YU"}],"Orders_Filled":[{"Orders__Filled":329310}],"Prior_Avg_Cust_Service_Performance_Pct_Quarter":[{"Prior__Avg__Cust__Service__Performance__Pct":89.0459363957597}],"Avg_Cust_Service_Performance_Pct":[{"Avg__Cust__Service__Performance__Pct":89.3992932862191}],"Cust_Service_Trend_Pct_Quarter_Region":[{"Cust__Service__Trend__Pct":100,"Period":"2013-W40"},{"Cust__Service__Trend__Pct":95.6521739130435,"Period":"2013-W41"},{"Cust__Service__Trend__Pct":78.9473684210526,"Period":"2013-W42"},{"Cust__Service__Trend__Pct":91.304347826087,"Period":"2013-W43"},{"Cust__Service__Trend__Pct":72.7272727272727,"Period":"2013-W44"},{"Cust__Service__Trend__Pct":91.304347826087,"Period":"2013-W45"},{"Cust__Service__Trend__Pct":100,"Period":"2013-W46"},{"Cust__Service__Trend__Pct":86.3636363636364,"Period":"2013-W47"},{"Cust__Service__Trend__Pct":87.5,"Period":"2013-W48"},{"Cust__Service__Trend__Pct":81.8181818181818,"Period":"2013-W49"},{"Cust__Service__Trend__Pct":95,"Period":"2013-W50"},{"Cust__Service__Trend__Pct":100,"Period":"2013-W51"},{"Cust__Service__Trend__Pct":82.6086956521739,"Period":"2013-W52"}],"Loads_Delivered":[{"Loads__Delivered":283}],"Prior_Orders_Filled_Quarter":[{"Prior__Orders__Filled":326816}],"Customers_Served":[{"Customers__Served":18}],"Cust_Service_Performance_Target_Pct_Quarter":[{"Cust__Service__Performance__Target__Pct":92}]}],"type":"J"}