{"message":"","count":0,"status":0,"data":[{"Orders_Filled":[{"Orders__Filled":100338}],"Avg_Cust_Service_Performance_Pct":[{"Avg__Cust__Service__Performance__Pct":85.2272727272727}],"Cust_Service_Performance_Pct_Month_Region":[{"Period":"2013-W44","Cust__Service__Performance__Pct":100,"Location":"IL"},{"Period":"2013-W44","Cust__Service__Performance__Pct":100,"Location":"MN"},{"Period":"2013-W44","Cust__Service__Performance__Pct":100,"Location":"WI"},{"Period":"2013-W44","Cust__Service__Performance__Pct":83.3333333333333,"Location":"OH"},{"Period":"2013-W45","Cust__Service__Performance__Pct":100,"Location":"IL"},{"Period":"2013-W45","Cust__Service__Performance__Pct":100,"Location":"MN"},{"Period":"2013-W45","Cust__Service__Performance__Pct":100,"Location":"WI"},{"Period":"2013-W45","Cust__Service__Performance__Pct":100,"Location":"OH"},{"Period":"2013-W46","Cust__Service__Performance__Pct":100,"Location":"IL"},{"Period":"2013-W46","Cust__Service__Performance__Pct":60,"Location":"MN"},{"Period":"2013-W46","Cust__Service__Performance__Pct":100,"Location":"WI"},{"Period":"2013-W46","Cust__Service__Performance__Pct":75,"Location":"OH"},{"Period":"2013-W47","Cust__Service__Performance__Pct":75,"Location":"IL"},{"Period":"2013-W47","Cust__Service__Performance__Pct":100,"Location":"MN"},{"Period":"2013-W47","Cust__Service__Performance__Pct":66.6666666666667,"Location":"WI"},{"Period":"2013-W47","Cust__Service__Performance__Pct":100,"Location":"OH"},{"Period":"2013-W48","Cust__Service__Performance__Pct":50,"Location":"IL"},{"Period":"2013-W48","Cust__Service__Performance__Pct":100,"Location":"MN"},{"Period":"2013-W48","Cust__Service__Performance__Pct":33.3333333333333,"Location":"WI"},{"Period":"2013-W48","Cust__Service__Performance__Pct":83.3333333333333,"Location":"OH"}],"Prior_Orders_Filled_Month":[{"Prior__Orders__Filled":80897}],"Cust_Service_Trend_Pct_Month_Region":[{"Cust__Service__Trend__Pct":94.7368421052632,"Period":"2013-W44"},{"Cust__Service__Trend__Pct":100,"Period":"2013-W45"},{"Cust__Service__Trend__Pct":82.3529411764706,"Period":"2013-W46"},{"Cust__Service__Trend__Pct":82.3529411764706,"Period":"2013-W47"},{"Cust__Service__Trend__Pct":66.6666666666667,"Period":"2013-W48"}],"Loads_Delivered":[{"Loads__Delivered":88}],"Cust_Service_Performance_Target_Pct_Month":[{"Cust__Service__Performance__Target__Pct":92}],"Customers_Served":[{"Customers__Served":18}],"Prior_Avg_Cust_Service_Performance_Pct_Month":[{"Prior__Avg__Cust__Service__Performance__Pct":89.7058823529412}]}],"type":"J"}