{"message":"","count":0,"status":0,"data":[{"Cust_Service_Performance_Pct_Quarter_Region":[{"Period":"2013-W27","Cust__Service__Performance__Pct":83.3333333333333,"Location":"CH"},{"Period":"2013-W27","Cust__Service__Performance__Pct":100,"Location":"BS"},{"Period":"2013-W27","Cust__Service__Performance__Pct":100,"Location":"BN"},{"Period":"2013-W27","Cust__Service__Performance__Pct":100,"Location":"DU"},{"Period":"2013-W28","Cust__Service__Performance__Pct":100,"Location":"CH"},{"Period":"2013-W28","Cust__Service__Performance__Pct":100,"Location":"BS"},{"Period":"2013-W28","Cust__Service__Performance__Pct":25,"Location":"BN"},{"Period":"2013-W28","Cust__Service__Performance__Pct":100,"Location":"DU"},{"Period":"2013-W29","Cust__Service__Performance__Pct":75,"Location":"CH"},{"Period":"2013-W29","Cust__Service__Performance__Pct":100,"Location":"BS"},{"Period":"2013-W29","Cust__Service__Performance__Pct":100,"Location":"BN"},{"Period":"2013-W29","Cust__Service__Performance__Pct":66.6666666666667,"Location":"DU"},{"Period":"2013-W30","Cust__Service__Performance__Pct":100,"Location":"CH"},{"Period":"2013-W30","Cust__Service__Performance__Pct":100,"Location":"BS"},{"Period":"2013-W30","Cust__Service__Performance__Pct":100,"Location":"BN"},{"Period":"2013-W30","Cust__Service__Performance__Pct":100,"Location":"DU"},{"Period":"2013-W31","Cust__Service__Performance__Pct":100,"Location":"CH"},{"Period":"2013-W31","Cust__Service__Performance__Pct":100,"Location":"BS"},{"Period":"2013-W31","Cust__Service__Performance__Pct":66.6666666666667,"Location":"BN"},{"Period":"2013-W31","Cust__Service__Performance__Pct":100,"Location":"DU"},{"Period":"2013-W32","Cust__Service__Performance__Pct":100,"Location":"CH"},{"Period":"2013-W32","Cust__Service__Performance__Pct":50,"Location":"BS"},{"Period":"2013-W32","Cust__Service__Performance__Pct":100,"Location":"BN"},{"Period":"2013-W32","Cust__Service__Performance__Pct":75,"Location":"DU"},{"Period":"2013-W33","Cust__Service__Performance__Pct":100,"Location":"CH"},{"Period":"2013-W33","Cust__Service__Performance__Pct":100,"Location":"BS"},{"Period":"2013-W33","Cust__Service__Performance__Pct":83.3333333333333,"Location":"BN"},{"Period":"2013-W33","Cust__Service__Performance__Pct":100,"Location":"DU"},{"Period":"2013-W34","Cust__Service__Performance__Pct":100,"Location":"CH"},{"Period":"2013-W34","Cust__Service__Performance__Pct":100,"Location":"BS"},{"Period":"2013-W34","Cust__Service__Performance__Pct":100,"Location":"BN"},{"Period":"2013-W34","Cust__Service__Performance__Pct":100,"Location":"DU"},{"Period":"2013-W35","Cust__Service__Performance__Pct":100,"Location":"CH"},{"Period":"2013-W35","Cust__Service__Performance__Pct":100,"Location":"BS"},{"Period":"2013-W35","Cust__Service__Performance__Pct":100,"Location":"BN"},{"Period":"2013-W35","Cust__Service__Performance__Pct":100,"Location":"DU"},{"Period":"2013-W36","Cust__Service__Performance__Pct":100,"Location":"CH"},{"Period":"2013-W36","Cust__Service__Performance__Pct":100,"Location":"BS"},{"Period":"2013-W36","Cust__Service__Performance__Pct":100,"Location":"BN"},{"Period":"2013-W36","Cust__Service__Performance__Pct":75,"Location":"DU"},{"Period":"2013-W37","Cust__Service__Performance__Pct":100,"Location":"CH"},{"Period":"2013-W37","Cust__Service__Performance__Pct":66.6666666666667,"Location":"BS"},{"Period":"2013-W37","Cust__Service__Performance__Pct":66.6666666666667,"Location":"BN"},{"Period":"2013-W37","Cust__Service__Performance__Pct":100,"Location":"DU"},{"Period":"2013-W38","Cust__Service__Performance__Pct":100,"Location":"CH"},{"Period":"2013-W38","Cust__Service__Performance__Pct":83.3333333333333,"Location":"BS"},{"Period":"2013-W38","Cust__Service__Performance__Pct":75,"Location":"BN"},{"Period":"2013-W38","Cust__Service__Performance__Pct":100,"Location":"DU"},{"Period":"2013-W39","Cust__Service__Performance__Pct":100,"Location":"CH"},{"Period":"2013-W39","Cust__Service__Performance__Pct":100,"Location":"BS"},{"Period":"2013-W39","Cust__Service__Performance__Pct":66.6666666666667,"Location":"BN"},{"Period":"2013-W39","Cust__Service__Performance__Pct":100,"Location":"DU"}],"Orders_Filled":[{"Orders__Filled":262821}],"Prior_Avg_Cust_Service_Performance_Pct_Quarter":[{"Prior__Avg__Cust__Service__Performance__Pct":89.3333333333333}],"Avg_Cust_Service_Performance_Pct":[{"Avg__Cust__Service__Performance__Pct":91.5929203539823}],"Cust_Service_Trend_Pct_Quarter_Region":[{"Cust__Service__Trend__Pct":94.1176470588235,"Period":"2013-W27"},{"Cust__Service__Trend__Pct":82.3529411764706,"Period":"2013-W28"},{"Cust__Service__Trend__Pct":85,"Period":"2013-W29"},{"Cust__Service__Trend__Pct":100,"Period":"2013-W30"},{"Cust__Service__Trend__Pct":93.75,"Period":"2013-W31"},{"Cust__Service__Trend__Pct":84.2105263157895,"Period":"2013-W32"},{"Cust__Service__Trend__Pct":94.4444444444444,"Period":"2013-W33"},{"Cust__Service__Trend__Pct":100,"Period":"2013-W34"},{"Cust__Service__Trend__Pct":100,"Period":"2013-W35"},{"Cust__Service__Trend__Pct":94.1176470588235,"Period":"2013-W36"},{"Cust__Service__Trend__Pct":84.2105263157895,"Period":"2013-W37"},{"Cust__Service__Trend__Pct":88.2352941176471,"Period":"2013-W38"},{"Cust__Service__Trend__Pct":94.1176470588235,"Period":"2013-W39"}],"Loads_Delivered":[{"Loads__Delivered":226}],"Prior_Orders_Filled_Quarter":[{"Prior__Orders__Filled":259329}],"Customers_Served":[{"Customers__Served":18}],"Cust_Service_Performance_Target_Pct_Quarter":[{"Cust__Service__Performance__Target__Pct":92}]}],"type":"J"}