{"message":"","count":0,"status":0,"data":[{"Orders_Filled":[{"Orders__Filled":97578}],"Avg_Cust_Service_Performance_Pct":[{"Avg__Cust__Service__Performance__Pct":89.6551724137931}],"Cust_Service_Performance_Pct_Month_Region":[{"Period":"2013-W40","Cust__Service__Performance__Pct":66.6666666666667,"Location":"AG"},{"Period":"2013-W40","Cust__Service__Performance__Pct":83.3333333333333,"Location":"MR"},{"Period":"2013-W40","Cust__Service__Performance__Pct":66.6666666666667,"Location":"DF"},{"Period":"2013-W40","Cust__Service__Performance__Pct":100,"Location":"ZA"},{"Period":"2013-W40","Cust__Service__Performance__Pct":75,"Location":"MX"},{"Period":"2013-W41","Cust__Service__Performance__Pct":100,"Location":"AG"},{"Period":"2013-W41","Cust__Service__Performance__Pct":50,"Location":"MR"},{"Period":"2013-W41","Cust__Service__Performance__Pct":83.3333333333333,"Location":"DF"},{"Period":"2013-W41","Cust__Service__Performance__Pct":100,"Location":"ZA"},{"Period":"2013-W41","Cust__Service__Performance__Pct":100,"Location":"MX"},{"Period":"2013-W42","Cust__Service__Performance__Pct":100,"Location":"AG"},{"Period":"2013-W42","Cust__Service__Performance__Pct":100,"Location":"MR"},{"Period":"2013-W42","Cust__Service__Performance__Pct":100,"Location":"DF"},{"Period":"2013-W42","Cust__Service__Performance__Pct":100,"Location":"ZA"},{"Period":"2013-W42","Cust__Service__Performance__Pct":100,"Location":"MX"},{"Period":"2013-W43","Cust__Service__Performance__Pct":66.6666666666667,"Location":"AG"},{"Period":"2013-W43","Cust__Service__Performance__Pct":100,"Location":"MR"},{"Period":"2013-W43","Cust__Service__Performance__Pct":100,"Location":"DF"},{"Period":"2013-W43","Cust__Service__Performance__Pct":100,"Location":"ZA"},{"Period":"2013-W43","Cust__Service__Performance__Pct":100,"Location":"MX"}],"Prior_Orders_Filled_Month":[{"Prior__Orders__Filled":103355}],"Cust_Service_Trend_Pct_Month_Region":[{"Cust__Service__Trend__Pct":81.8181818181818,"Period":"2013-W40"},{"Cust__Service__Trend__Pct":85.7142857142857,"Period":"2013-W41"},{"Cust__Service__Trend__Pct":100,"Period":"2013-W42"},{"Cust__Service__Trend__Pct":91.304347826087,"Period":"2013-W43"}],"Loads_Delivered":[{"Loads__Delivered":87}],"Cust_Service_Performance_Target_Pct_Month":[{"Cust__Service__Performance__Target__Pct":92}],"Customers_Served":[{"Customers__Served":18}],"Prior_Avg_Cust_Service_Performance_Pct_Month":[{"Prior__Avg__Cust__Service__Performance__Pct":93.0232558139535}]}],"type":"J"}