{"message":"","count":0,"status":0,"data":[{"Orders_Filled":[{"Orders__Filled":1372638}],"Prior_Avg_Cust_Service_Performance_Pct_Quarter":[{"Prior__Avg__Cust__Service__Performance__Pct":89.873417721519}],"Avg_Cust_Service_Performance_Pct":[{"Avg__Cust__Service__Performance__Pct":88.9637742207245}],"Loads_Delivered":[{"Loads__Delivered":1187}],"Cust_Service_Performance_Pct_Quarter_Country":[{"Period":"2013-W27","Cust__Service__Performance__Pct":90.9090909090909,"Location":"Central"},{"Period":"2013-W27","Cust__Service__Performance__Pct":94.1176470588235,"Location":"Northern"},{"Period":"2013-W27","Cust__Service__Performance__Pct":88.2352941176471,"Location":"West"},{"Period":"2013-W27","Cust__Service__Performance__Pct":86.9565217391304,"Location":"South"},{"Period":"2013-W27","Cust__Service__Performance__Pct":92.3076923076923,"Location":"East"},{"Period":"2013-W28","Cust__Service__Performance__Pct":91.304347826087,"Location":"Central"},{"Period":"2013-W28","Cust__Service__Performance__Pct":82.3529411764706,"Location":"Northern"},{"Period":"2013-W28","Cust__Service__Performance__Pct":88.2352941176471,"Location":"West"},{"Period":"2013-W28","Cust__Service__Performance__Pct":81.8181818181818,"Location":"South"},{"Period":"2013-W28","Cust__Service__Performance__Pct":91.6666666666667,"Location":"East"},{"Period":"2013-W29","Cust__Service__Performance__Pct":84.2105263157895,"Location":"Central"},{"Period":"2013-W29","Cust__Service__Performance__Pct":85,"Location":"Northern"},{"Period":"2013-W29","Cust__Service__Performance__Pct":94.4444444444444,"Location":"West"},{"Period":"2013-W29","Cust__Service__Performance__Pct":95.2380952380952,"Location":"South"},{"Period":"2013-W29","Cust__Service__Performance__Pct":71.4285714285714,"Location":"East"},{"Period":"2013-W30","Cust__Service__Performance__Pct":91.304347826087,"Location":"Central"},{"Period":"2013-W30","Cust__Service__Performance__Pct":100,"Location":"Northern"},{"Period":"2013-W30","Cust__Service__Performance__Pct":88.8888888888889,"Location":"West"},{"Period":"2013-W30","Cust__Service__Performance__Pct":95.4545454545455,"Location":"South"},{"Period":"2013-W30","Cust__Service__Performance__Pct":75,"Location":"East"},{"Period":"2013-W31","Cust__Service__Performance__Pct":81.8181818181818,"Location":"Central"},{"Period":"2013-W31","Cust__Service__Performance__Pct":93.75,"Location":"Northern"},{"Period":"2013-W31","Cust__Service__Performance__Pct":82.3529411764706,"Location":"West"},{"Period":"2013-W31","Cust__Service__Performance__Pct":80.9523809523809,"Location":"South"},{"Period":"2013-W31","Cust__Service__Performance__Pct":64.2857142857143,"Location":"East"},{"Period":"2013-W32","Cust__Service__Performance__Pct":91.304347826087,"Location":"Central"},{"Period":"2013-W32","Cust__Service__Performance__Pct":84.2105263157895,"Location":"Northern"},{"Period":"2013-W32","Cust__Service__Performance__Pct":93.3333333333333,"Location":"West"},{"Period":"2013-W32","Cust__Service__Performance__Pct":86.9565217391304,"Location":"South"},{"Period":"2013-W32","Cust__Service__Performance__Pct":76.9230769230769,"Location":"East"},{"Period":"2013-W33","Cust__Service__Performance__Pct":89.4736842105263,"Location":"Central"},{"Period":"2013-W33","Cust__Service__Performance__Pct":94.4444444444444,"Location":"Northern"},{"Period":"2013-W33","Cust__Service__Performance__Pct":90,"Location":"West"},{"Period":"2013-W33","Cust__Service__Performance__Pct":95.2380952380952,"Location":"South"},{"Period":"2013-W33","Cust__Service__Performance__Pct":83.3333333333333,"Location":"East"},{"Period":"2013-W34","Cust__Service__Performance__Pct":86.3636363636364,"Location":"Central"},{"Period":"2013-W34","Cust__Service__Performance__Pct":100,"Location":"Northern"},{"Period":"2013-W34","Cust__Service__Performance__Pct":94.1176470588235,"Location":"West"},{"Period":"2013-W34","Cust__Service__Performance__Pct":80.9523809523809,"Location":"South"},{"Period":"2013-W34","Cust__Service__Performance__Pct":86.6666666666667,"Location":"East"},{"Period":"2013-W35","Cust__Service__Performance__Pct":70.8333333333333,"Location":"Central"},{"Period":"2013-W35","Cust__Service__Performance__Pct":100,"Location":"Northern"},{"Period":"2013-W35","Cust__Service__Performance__Pct":88.2352941176471,"Location":"West"},{"Period":"2013-W35","Cust__Service__Performance__Pct":90.9090909090909,"Location":"South"},{"Period":"2013-W35","Cust__Service__Performance__Pct":91.6666666666667,"Location":"East"},{"Period":"2013-W36","Cust__Service__Performance__Pct":95.4545454545455,"Location":"Central"},{"Period":"2013-W36","Cust__Service__Performance__Pct":94.1176470588235,"Location":"Northern"},{"Period":"2013-W36","Cust__Service__Performance__Pct":87.5,"Location":"West"},{"Period":"2013-W36","Cust__Service__Performance__Pct":95.4545454545455,"Location":"South"},{"Period":"2013-W36","Cust__Service__Performance__Pct":100,"Location":"East"},{"Period":"2013-W37","Cust__Service__Performance__Pct":90,"Location":"Central"},{"Period":"2013-W37","Cust__Service__Performance__Pct":84.2105263157895,"Location":"Northern"},{"Period":"2013-W37","Cust__Service__Performance__Pct":88.8888888888889,"Location":"West"},{"Period":"2013-W37","Cust__Service__Performance__Pct":95.6521739130435,"Location":"South"},{"Period":"2013-W37","Cust__Service__Performance__Pct":100,"Location":"East"},{"Period":"2013-W38","Cust__Service__Performance__Pct":90.4761904761905,"Location":"Central"},{"Period":"2013-W38","Cust__Service__Performance__Pct":88.2352941176471,"Location":"Northern"},{"Period":"2013-W38","Cust__Service__Performance__Pct":90,"Location":"West"},{"Period":"2013-W38","Cust__Service__Performance__Pct":80,"Location":"South"},{"Period":"2013-W38","Cust__Service__Performance__Pct":84.6153846153846,"Location":"East"},{"Period":"2013-W39","Cust__Service__Performance__Pct":95.6521739130435,"Location":"Central"},{"Period":"2013-W39","Cust__Service__Performance__Pct":94.1176470588235,"Location":"Northern"},{"Period":"2013-W39","Cust__Service__Performance__Pct":93.75,"Location":"West"},{"Period":"2013-W39","Cust__Service__Performance__Pct":90.9090909090909,"Location":"South"},{"Period":"2013-W39","Cust__Service__Performance__Pct":92.3076923076923,"Location":"East"}],"Prior_Orders_Filled_Quarter":[{"Prior__Orders__Filled":1364217}],"Cust_Service_Trend_Pct_Quarter_Country":[{"Cust__Service__Trend__Pct":90.2173913043478,"Period":"2013-W27"},{"Cust__Service__Trend__Pct":86.8131868131868,"Period":"2013-W28"},{"Cust__Service__Trend__Pct":86.9565217391304,"Period":"2013-W29"},{"Cust__Service__Trend__Pct":91.2087912087912,"Period":"2013-W30"},{"Cust__Service__Trend__Pct":81.1111111111111,"Period":"2013-W31"},{"Cust__Service__Trend__Pct":87.0967741935484,"Period":"2013-W32"},{"Cust__Service__Trend__Pct":91.1111111111111,"Period":"2013-W33"},{"Cust__Service__Trend__Pct":89.1304347826087,"Period":"2013-W34"},{"Cust__Service__Trend__Pct":86.8131868131868,"Period":"2013-W35"},{"Cust__Service__Trend__Pct":94.4444444444444,"Period":"2013-W36"},{"Cust__Service__Trend__Pct":91.3978494623656,"Period":"2013-W37"},{"Cust__Service__Trend__Pct":86.8131868131868,"Period":"2013-W38"},{"Cust__Service__Trend__Pct":93.4065934065934,"Period":"2013-W39"}],"Customers_Served":[{"Customers__Served":18}],"Cust_Service_Performance_Target_Pct_Quarter":[{"Cust__Service__Performance__Target__Pct":92}]}],"type":"J"}