{"message":"","count":0,"status":0,"data":[{"Cust_Service_Performance_Pct_Quarter_Region":[{"Period":"2013-W14","Cust__Service__Performance__Pct":75,"Location":"FL"},{"Period":"2013-W14","Cust__Service__Performance__Pct":100,"Location":"NC"},{"Period":"2013-W14","Cust__Service__Performance__Pct":83.3333333333333,"Location":"TN"},{"Period":"2013-W14","Cust__Service__Performance__Pct":100,"Location":"AL"},{"Period":"2013-W14","Cust__Service__Performance__Pct":83.3333333333333,"Location":"GA"},{"Period":"2013-W15","Cust__Service__Performance__Pct":66.6666666666667,"Location":"FL"},{"Period":"2013-W15","Cust__Service__Performance__Pct":100,"Location":"NC"},{"Period":"2013-W15","Cust__Service__Performance__Pct":100,"Location":"TN"},{"Period":"2013-W15","Cust__Service__Performance__Pct":75,"Location":"AL"},{"Period":"2013-W15","Cust__Service__Performance__Pct":100,"Location":"GA"},{"Period":"2013-W16","Cust__Service__Performance__Pct":100,"Location":"FL"},{"Period":"2013-W16","Cust__Service__Performance__Pct":80,"Location":"NC"},{"Period":"2013-W16","Cust__Service__Performance__Pct":100,"Location":"TN"},{"Period":"2013-W16","Cust__Service__Performance__Pct":100,"Location":"AL"},{"Period":"2013-W16","Cust__Service__Performance__Pct":100,"Location":"GA"},{"Period":"2013-W17","Cust__Service__Performance__Pct":83.3333333333333,"Location":"FL"},{"Period":"2013-W17","Cust__Service__Performance__Pct":66.6666666666667,"Location":"NC"},{"Period":"2013-W17","Cust__Service__Performance__Pct":75,"Location":"TN"},{"Period":"2013-W17","Cust__Service__Performance__Pct":83.3333333333333,"Location":"AL"},{"Period":"2013-W17","Cust__Service__Performance__Pct":100,"Location":"GA"},{"Period":"2013-W18","Cust__Service__Performance__Pct":100,"Location":"FL"},{"Period":"2013-W18","Cust__Service__Performance__Pct":100,"Location":"NC"},{"Period":"2013-W18","Cust__Service__Performance__Pct":100,"Location":"TN"},{"Period":"2013-W18","Cust__Service__Performance__Pct":100,"Location":"AL"},{"Period":"2013-W18","Cust__Service__Performance__Pct":83.3333333333333,"Location":"GA"},{"Period":"2013-W19","Cust__Service__Performance__Pct":50,"Location":"FL"},{"Period":"2013-W19","Cust__Service__Performance__Pct":100,"Location":"NC"},{"Period":"2013-W19","Cust__Service__Performance__Pct":75,"Location":"TN"},{"Period":"2013-W19","Cust__Service__Performance__Pct":100,"Location":"AL"},{"Period":"2013-W19","Cust__Service__Performance__Pct":100,"Location":"GA"},{"Period":"2013-W20","Cust__Service__Performance__Pct":100,"Location":"FL"},{"Period":"2013-W20","Cust__Service__Performance__Pct":60,"Location":"NC"},{"Period":"2013-W20","Cust__Service__Performance__Pct":100,"Location":"TN"},{"Period":"2013-W20","Cust__Service__Performance__Pct":100,"Location":"AL"},{"Period":"2013-W20","Cust__Service__Performance__Pct":100,"Location":"GA"},{"Period":"2013-W21","Cust__Service__Performance__Pct":83.3333333333333,"Location":"FL"},{"Period":"2013-W21","Cust__Service__Performance__Pct":100,"Location":"NC"},{"Period":"2013-W21","Cust__Service__Performance__Pct":100,"Location":"TN"},{"Period":"2013-W21","Cust__Service__Performance__Pct":100,"Location":"AL"},{"Period":"2013-W21","Cust__Service__Performance__Pct":100,"Location":"GA"},{"Period":"2013-W22","Cust__Service__Performance__Pct":100,"Location":"FL"},{"Period":"2013-W22","Cust__Service__Performance__Pct":66.6666666666667,"Location":"NC"},{"Period":"2013-W22","Cust__Service__Performance__Pct":83.3333333333333,"Location":"TN"},{"Period":"2013-W22","Cust__Service__Performance__Pct":100,"Location":"AL"},{"Period":"2013-W22","Cust__Service__Performance__Pct":83.3333333333333,"Location":"GA"},{"Period":"2013-W23","Cust__Service__Performance__Pct":66.6666666666667,"Location":"FL"},{"Period":"2013-W23","Cust__Service__Performance__Pct":80,"Location":"NC"},{"Period":"2013-W23","Cust__Service__Performance__Pct":100,"Location":"TN"},{"Period":"2013-W23","Cust__Service__Performance__Pct":75,"Location":"AL"},{"Period":"2013-W23","Cust__Service__Performance__Pct":80,"Location":"GA"},{"Period":"2013-W24","Cust__Service__Performance__Pct":100,"Location":"FL"},{"Period":"2013-W24","Cust__Service__Performance__Pct":83.3333333333333,"Location":"NC"},{"Period":"2013-W24","Cust__Service__Performance__Pct":100,"Location":"TN"},{"Period":"2013-W24","Cust__Service__Performance__Pct":100,"Location":"AL"},{"Period":"2013-W24","Cust__Service__Performance__Pct":100,"Location":"GA"},{"Period":"2013-W25","Cust__Service__Performance__Pct":100,"Location":"FL"},{"Period":"2013-W25","Cust__Service__Performance__Pct":33.3333333333333,"Location":"NC"},{"Period":"2013-W25","Cust__Service__Performance__Pct":100,"Location":"TN"},{"Period":"2013-W25","Cust__Service__Performance__Pct":66.6666666666667,"Location":"AL"},{"Period":"2013-W25","Cust__Service__Performance__Pct":100,"Location":"GA"},{"Period":"2013-W26","Cust__Service__Performance__Pct":100,"Location":"FL"},{"Period":"2013-W26","Cust__Service__Performance__Pct":100,"Location":"NC"},{"Period":"2013-W26","Cust__Service__Performance__Pct":83.3333333333333,"Location":"TN"},{"Period":"2013-W26","Cust__Service__Performance__Pct":100,"Location":"AL"},{"Period":"2013-W26","Cust__Service__Performance__Pct":100,"Location":"GA"}],"Orders_Filled":[{"Orders__Filled":320242}],"Prior_Avg_Cust_Service_Performance_Pct_Quarter":[{"Prior__Avg__Cust__Service__Performance__Pct":90.4929577464789}],"Avg_Cust_Service_Performance_Pct":[{"Avg__Cust__Service__Performance__Pct":89.3617021276596}],"Cust_Service_Trend_Pct_Quarter_Region":[{"Cust__Service__Trend__Pct":86.3636363636364,"Period":"2013-W14"},{"Cust__Service__Trend__Pct":90,"Period":"2013-W15"},{"Cust__Service__Trend__Pct":95.2380952380952,"Period":"2013-W16"},{"Cust__Service__Trend__Pct":82.6086956521739,"Period":"2013-W17"},{"Cust__Service__Trend__Pct":95.4545454545455,"Period":"2013-W18"},{"Cust__Service__Trend__Pct":85.7142857142857,"Period":"2013-W19"},{"Cust__Service__Trend__Pct":90.4761904761905,"Period":"2013-W20"},{"Cust__Service__Trend__Pct":95.6521739130435,"Period":"2013-W21"},{"Cust__Service__Trend__Pct":86.3636363636364,"Period":"2013-W22"},{"Cust__Service__Trend__Pct":80.9523809523809,"Period":"2013-W23"},{"Cust__Service__Trend__Pct":95.4545454545455,"Period":"2013-W24"},{"Cust__Service__Trend__Pct":80.9523809523809,"Period":"2013-W25"},{"Cust__Service__Trend__Pct":95.6521739130435,"Period":"2013-W26"}],"Loads_Delivered":[{"Loads__Delivered":282}],"Prior_Orders_Filled_Quarter":[{"Prior__Orders__Filled":325393}],"Customers_Served":[{"Customers__Served":18}],"Cust_Service_Performance_Target_Pct_Quarter":[{"Cust__Service__Performance__Target__Pct":91}]}],"type":"J"}