{"message":"","count":0,"status":0,"data":[{"Cust_Service_Performance_Pct_Quarter_Region":[{"Period":"2013-W01","Cust__Service__Performance__Pct":100,"Location":"HI"},{"Period":"2013-W01","Cust__Service__Performance__Pct":80,"Location":"VE"},{"Period":"2013-W01","Cust__Service__Performance__Pct":100,"Location":"PU"},{"Period":"2013-W02","Cust__Service__Performance__Pct":100,"Location":"HI"},{"Period":"2013-W02","Cust__Service__Performance__Pct":100,"Location":"VE"},{"Period":"2013-W02","Cust__Service__Performance__Pct":100,"Location":"PU"},{"Period":"2013-W03","Cust__Service__Performance__Pct":75,"Location":"HI"},{"Period":"2013-W03","Cust__Service__Performance__Pct":100,"Location":"VE"},{"Period":"2013-W03","Cust__Service__Performance__Pct":83.3333333333333,"Location":"PU"},{"Period":"2013-W04","Cust__Service__Performance__Pct":100,"Location":"HI"},{"Period":"2013-W04","Cust__Service__Performance__Pct":100,"Location":"VE"},{"Period":"2013-W04","Cust__Service__Performance__Pct":100,"Location":"PU"},{"Period":"2013-W05","Cust__Service__Performance__Pct":80,"Location":"HI"},{"Period":"2013-W05","Cust__Service__Performance__Pct":83.3333333333333,"Location":"VE"},{"Period":"2013-W05","Cust__Service__Performance__Pct":100,"Location":"PU"},{"Period":"2013-W06","Cust__Service__Performance__Pct":83.3333333333333,"Location":"HI"},{"Period":"2013-W06","Cust__Service__Performance__Pct":100,"Location":"VE"},{"Period":"2013-W06","Cust__Service__Performance__Pct":100,"Location":"PU"},{"Period":"2013-W07","Cust__Service__Performance__Pct":66.6666666666667,"Location":"HI"},{"Period":"2013-W07","Cust__Service__Performance__Pct":75,"Location":"VE"},{"Period":"2013-W07","Cust__Service__Performance__Pct":100,"Location":"PU"},{"Period":"2013-W08","Cust__Service__Performance__Pct":75,"Location":"HI"},{"Period":"2013-W08","Cust__Service__Performance__Pct":100,"Location":"VE"},{"Period":"2013-W08","Cust__Service__Performance__Pct":80,"Location":"PU"},{"Period":"2013-W09","Cust__Service__Performance__Pct":100,"Location":"HI"},{"Period":"2013-W09","Cust__Service__Performance__Pct":100,"Location":"VE"},{"Period":"2013-W09","Cust__Service__Performance__Pct":100,"Location":"PU"},{"Period":"2013-W10","Cust__Service__Performance__Pct":100,"Location":"HI"},{"Period":"2013-W10","Cust__Service__Performance__Pct":100,"Location":"VE"},{"Period":"2013-W10","Cust__Service__Performance__Pct":100,"Location":"PU"},{"Period":"2013-W11","Cust__Service__Performance__Pct":100,"Location":"HI"},{"Period":"2013-W11","Cust__Service__Performance__Pct":100,"Location":"VE"},{"Period":"2013-W11","Cust__Service__Performance__Pct":100,"Location":"PU"},{"Period":"2013-W12","Cust__Service__Performance__Pct":100,"Location":"HI"},{"Period":"2013-W12","Cust__Service__Performance__Pct":80,"Location":"VE"},{"Period":"2013-W12","Cust__Service__Performance__Pct":100,"Location":"PU"},{"Period":"2013-W13","Cust__Service__Performance__Pct":100,"Location":"HI"},{"Period":"2013-W13","Cust__Service__Performance__Pct":83.3333333333333,"Location":"VE"},{"Period":"2013-W13","Cust__Service__Performance__Pct":100,"Location":"PU"}],"Orders_Filled":[{"Orders__Filled":198094}],"Prior_Avg_Cust_Service_Performance_Pct_Quarter":[{"Prior__Avg__Cust__Service__Performance__Pct":90.7103825136612}],"Avg_Cust_Service_Performance_Pct":[{"Avg__Cust__Service__Performance__Pct":92.9411764705882}],"Cust_Service_Trend_Pct_Quarter_Region":[{"Cust__Service__Trend__Pct":91.6666666666667,"Period":"2013-W01"},{"Cust__Service__Trend__Pct":100,"Period":"2013-W02"},{"Cust__Service__Trend__Pct":84.6153846153846,"Period":"2013-W03"},{"Cust__Service__Trend__Pct":100,"Period":"2013-W04"},{"Cust__Service__Trend__Pct":86.6666666666667,"Period":"2013-W05"},{"Cust__Service__Trend__Pct":91.6666666666667,"Period":"2013-W06"},{"Cust__Service__Trend__Pct":84.6153846153846,"Period":"2013-W07"},{"Cust__Service__Trend__Pct":84.6153846153846,"Period":"2013-W08"},{"Cust__Service__Trend__Pct":100,"Period":"2013-W09"},{"Cust__Service__Trend__Pct":100,"Period":"2013-W10"},{"Cust__Service__Trend__Pct":100,"Period":"2013-W11"},{"Cust__Service__Trend__Pct":92.3076923076923,"Period":"2013-W12"},{"Cust__Service__Trend__Pct":92.8571428571429,"Period":"2013-W13"}],"Loads_Delivered":[{"Loads__Delivered":170}],"Prior_Orders_Filled_Quarter":[{"Prior__Orders__Filled":211922}],"Customers_Served":[{"Customers__Served":18}],"Cust_Service_Performance_Target_Pct_Quarter":[{"Cust__Service__Performance__Target__Pct":90}]}],"type":"J"}