{"message":"","count":0,"status":0,"data":[{"Cust_Service_Performance_Pct_Year_Region":[{"Period":"2013-M01","Cust__Service__Performance__Pct":88.2352941176471,"Location":"MA"},{"Period":"2013-M01","Cust__Service__Performance__Pct":82.3529411764706,"Location":"VT"},{"Period":"2013-M01","Cust__Service__Performance__Pct":94.4444444444444,"Location":"NY"},{"Period":"2013-M01","Cust__Service__Performance__Pct":82.3529411764706,"Location":"ME"},{"Period":"2013-M01","Cust__Service__Performance__Pct":82.3529411764706,"Location":"NH"},{"Period":"2013-M02","Cust__Service__Performance__Pct":91.304347826087,"Location":"MA"},{"Period":"2013-M02","Cust__Service__Performance__Pct":66.6666666666667,"Location":"VT"},{"Period":"2013-M02","Cust__Service__Performance__Pct":90.4761904761905,"Location":"NY"},{"Period":"2013-M02","Cust__Service__Performance__Pct":81.8181818181818,"Location":"ME"},{"Period":"2013-M02","Cust__Service__Performance__Pct":86.9565217391304,"Location":"NH"},{"Period":"2013-M03","Cust__Service__Performance__Pct":82.3529411764706,"Location":"MA"},{"Period":"2013-M03","Cust__Service__Performance__Pct":83.3333333333333,"Location":"VT"},{"Period":"2013-M03","Cust__Service__Performance__Pct":94.1176470588235,"Location":"NY"},{"Period":"2013-M03","Cust__Service__Performance__Pct":94.1176470588235,"Location":"ME"},{"Period":"2013-M03","Cust__Service__Performance__Pct":83.3333333333333,"Location":"NH"},{"Period":"2013-M04","Cust__Service__Performance__Pct":100,"Location":"MA"},{"Period":"2013-M04","Cust__Service__Performance__Pct":88.2352941176471,"Location":"VT"},{"Period":"2013-M04","Cust__Service__Performance__Pct":83.3333333333333,"Location":"NY"},{"Period":"2013-M04","Cust__Service__Performance__Pct":88.2352941176471,"Location":"ME"},{"Period":"2013-M04","Cust__Service__Performance__Pct":82.3529411764706,"Location":"NH"},{"Period":"2013-M05","Cust__Service__Performance__Pct":90.4761904761905,"Location":"MA"},{"Period":"2013-M05","Cust__Service__Performance__Pct":90.4761904761905,"Location":"VT"},{"Period":"2013-M05","Cust__Service__Performance__Pct":85.7142857142857,"Location":"NY"},{"Period":"2013-M05","Cust__Service__Performance__Pct":95.6521739130435,"Location":"ME"},{"Period":"2013-M05","Cust__Service__Performance__Pct":85.7142857142857,"Location":"NH"},{"Period":"2013-M06","Cust__Service__Performance__Pct":88.2352941176471,"Location":"MA"},{"Period":"2013-M06","Cust__Service__Performance__Pct":88.8888888888889,"Location":"VT"},{"Period":"2013-M06","Cust__Service__Performance__Pct":94.1176470588235,"Location":"NY"},{"Period":"2013-M06","Cust__Service__Performance__Pct":94.1176470588235,"Location":"ME"},{"Period":"2013-M06","Cust__Service__Performance__Pct":88.8888888888889,"Location":"NH"},{"Period":"2013-M07","Cust__Service__Performance__Pct":88.8888888888889,"Location":"MA"},{"Period":"2013-M07","Cust__Service__Performance__Pct":88.2352941176471,"Location":"VT"},{"Period":"2013-M07","Cust__Service__Performance__Pct":94.4444444444444,"Location":"NY"},{"Period":"2013-M07","Cust__Service__Performance__Pct":88.2352941176471,"Location":"ME"},{"Period":"2013-M07","Cust__Service__Performance__Pct":88.2352941176471,"Location":"NH"},{"Period":"2013-M08","Cust__Service__Performance__Pct":85.7142857142857,"Location":"MA"},{"Period":"2013-M08","Cust__Service__Performance__Pct":85.7142857142857,"Location":"VT"},{"Period":"2013-M08","Cust__Service__Performance__Pct":90.4761904761905,"Location":"NY"},{"Period":"2013-M08","Cust__Service__Performance__Pct":91.6666666666667,"Location":"ME"},{"Period":"2013-M08","Cust__Service__Performance__Pct":85.7142857142857,"Location":"NH"},{"Period":"2013-M09","Cust__Service__Performance__Pct":100,"Location":"MA"},{"Period":"2013-M09","Cust__Service__Performance__Pct":88.2352941176471,"Location":"VT"},{"Period":"2013-M09","Cust__Service__Performance__Pct":76.4705882352941,"Location":"NY"},{"Period":"2013-M09","Cust__Service__Performance__Pct":100,"Location":"ME"},{"Period":"2013-M09","Cust__Service__Performance__Pct":77.7777777777778,"Location":"NH"},{"Period":"2013-M10","Cust__Service__Performance__Pct":83.3333333333333,"Location":"MA"},{"Period":"2013-M10","Cust__Service__Performance__Pct":77.7777777777778,"Location":"VT"},{"Period":"2013-M10","Cust__Service__Performance__Pct":88.2352941176471,"Location":"NY"},{"Period":"2013-M10","Cust__Service__Performance__Pct":82.3529411764706,"Location":"ME"},{"Period":"2013-M10","Cust__Service__Performance__Pct":100,"Location":"NH"},{"Period":"2013-M11","Cust__Service__Performance__Pct":85.7142857142857,"Location":"MA"},{"Period":"2013-M11","Cust__Service__Performance__Pct":81.8181818181818,"Location":"VT"},{"Period":"2013-M11","Cust__Service__Performance__Pct":91.304347826087,"Location":"NY"},{"Period":"2013-M11","Cust__Service__Performance__Pct":95.4545454545455,"Location":"ME"},{"Period":"2013-M11","Cust__Service__Performance__Pct":85.7142857142857,"Location":"NH"},{"Period":"2013-M12","Cust__Service__Performance__Pct":100,"Location":"MA"},{"Period":"2013-M12","Cust__Service__Performance__Pct":83.3333333333333,"Location":"VT"},{"Period":"2013-M12","Cust__Service__Performance__Pct":94.1176470588235,"Location":"NY"},{"Period":"2013-M12","Cust__Service__Performance__Pct":82.3529411764706,"Location":"ME"},{"Period":"2013-M12","Cust__Service__Performance__Pct":94.4444444444444,"Location":"NH"}],"Prior_Orders_Filled_Year":[{"Prior__Orders__Filled":1324684}],"Cust_Service_Trend_Pct_Year_Region":[{"Cust__Service__Trend__Pct":86.046511627907,"Period":"2013-M01"},{"Cust__Service__Trend__Pct":83.6363636363636,"Period":"2013-M02"},{"Cust__Service__Trend__Pct":87.3563218390805,"Period":"2013-M03"},{"Cust__Service__Trend__Pct":88.5057471264368,"Period":"2013-M04"},{"Cust__Service__Trend__Pct":89.7196261682243,"Period":"2013-M05"},{"Cust__Service__Trend__Pct":90.8045977011494,"Period":"2013-M06"},{"Cust__Service__Trend__Pct":89.6551724137931,"Period":"2013-M07"},{"Cust__Service__Trend__Pct":87.962962962963,"Period":"2013-M08"},{"Cust__Service__Trend__Pct":88.3720930232558,"Period":"2013-M09"},{"Cust__Service__Trend__Pct":86.2068965517241,"Period":"2013-M10"},{"Cust__Service__Trend__Pct":88.0733944954129,"Period":"2013-M11"},{"Cust__Service__Trend__Pct":90.8045977011494,"Period":"2013-M12"}],"Orders_Filled":[{"Orders__Filled":1295788}],"Avg_Cust_Service_Performance_Pct":[{"Avg__Cust__Service__Performance__Pct":88.031914893617}],"Loads_Delivered":[{"Loads__Delivered":1128}],"Prior_Avg_Cust_Service_Performance_Pct_Year":[{"Prior__Avg__Cust__Service__Performance__Pct":87.6629018245004}],"Customers_Served":[{"Customers__Served":18}],"Cust_Service_Performance_Target_Pct_Year":[{"Cust__Service__Performance__Target__Pct":91.25}]}],"type":"J"}