{"message":"","count":0,"status":0,"data":[{"Orders_Filled":[{"Orders__Filled":425683}],"Avg_Cust_Service_Performance_Pct":[{"Avg__Cust__Service__Performance__Pct":88.4931506849315}],"Prior_Orders_Filled_Month":[{"Prior__Orders__Filled":513315}],"Loads_Delivered":[{"Loads__Delivered":365}],"Cust_Service_Performance_Pct_Month_Country":[{"Period":"2013-W49","Cust__Service__Performance__Pct":85.7142857142857,"Location":"Central"},{"Period":"2013-W49","Cust__Service__Performance__Pct":77.7777777777778,"Location":"Northern"},{"Period":"2013-W49","Cust__Service__Performance__Pct":84.2105263157895,"Location":"West"},{"Period":"2013-W49","Cust__Service__Performance__Pct":81.8181818181818,"Location":"South"},{"Period":"2013-W49","Cust__Service__Performance__Pct":84.6153846153846,"Location":"East"},{"Period":"2013-W50","Cust__Service__Performance__Pct":95.2380952380952,"Location":"Central"},{"Period":"2013-W50","Cust__Service__Performance__Pct":90,"Location":"Northern"},{"Period":"2013-W50","Cust__Service__Performance__Pct":100,"Location":"West"},{"Period":"2013-W50","Cust__Service__Performance__Pct":95,"Location":"South"},{"Period":"2013-W50","Cust__Service__Performance__Pct":76.9230769230769,"Location":"East"},{"Period":"2013-W51","Cust__Service__Performance__Pct":90.9090909090909,"Location":"Central"},{"Period":"2013-W51","Cust__Service__Performance__Pct":81.25,"Location":"Northern"},{"Period":"2013-W51","Cust__Service__Performance__Pct":88.2352941176471,"Location":"West"},{"Period":"2013-W51","Cust__Service__Performance__Pct":100,"Location":"South"},{"Period":"2013-W51","Cust__Service__Performance__Pct":84.6153846153846,"Location":"East"},{"Period":"2013-W52","Cust__Service__Performance__Pct":95.4545454545455,"Location":"Central"},{"Period":"2013-W52","Cust__Service__Performance__Pct":81.25,"Location":"Northern"},{"Period":"2013-W52","Cust__Service__Performance__Pct":93.75,"Location":"West"},{"Period":"2013-W52","Cust__Service__Performance__Pct":82.6086956521739,"Location":"South"},{"Period":"2013-W52","Cust__Service__Performance__Pct":92.8571428571429,"Location":"East"}],"Cust_Service_Performance_Target_Pct_Month":[{"Cust__Service__Performance__Target__Pct":92}],"Customers_Served":[{"Customers__Served":18}],"Cust_Service_Trend_Pct_Month_Country":[{"Cust__Service__Trend__Pct":82.7956989247312,"Period":"2013-W49"},{"Cust__Service__Trend__Pct":92.3913043478261,"Period":"2013-W50"},{"Cust__Service__Trend__Pct":89.8876404494382,"Period":"2013-W51"},{"Cust__Service__Trend__Pct":89.010989010989,"Period":"2013-W52"}],"Prior_Avg_Cust_Service_Performance_Pct_Month":[{"Prior__Avg__Cust__Service__Performance__Pct":90.5494505494506}]}],"type":"J"}