{"message":"","count":0,"status":0,"data":[{"Orders_Filled":[{"Orders__Filled":1142919}],"Prior_Avg_Cust_Service_Performance_Pct_Quarter":[{"Prior__Avg__Cust__Service__Performance__Pct":89.2819979188345}],"Avg_Cust_Service_Performance_Pct":[{"Avg__Cust__Service__Performance__Pct":88.75}],"Loads_Delivered":[{"Loads__Delivered":960}],"Cust_Service_Performance_Pct_Quarter_Country":[{"Period":"2013-W40","Cust__Service__Performance__Pct":92.8571428571429,"Location":"West"},{"Period":"2013-W40","Cust__Service__Performance__Pct":82.6086956521739,"Location":"Northeast"},{"Period":"2013-W40","Cust__Service__Performance__Pct":100,"Location":"Midwest"},{"Period":"2013-W40","Cust__Service__Performance__Pct":78.9473684210526,"Location":"South"},{"Period":"2013-W41","Cust__Service__Performance__Pct":84.6153846153846,"Location":"West"},{"Period":"2013-W41","Cust__Service__Performance__Pct":86.3636363636364,"Location":"Northeast"},{"Period":"2013-W41","Cust__Service__Performance__Pct":76.4705882352941,"Location":"Midwest"},{"Period":"2013-W41","Cust__Service__Performance__Pct":86.3636363636364,"Location":"South"},{"Period":"2013-W42","Cust__Service__Performance__Pct":100,"Location":"West"},{"Period":"2013-W42","Cust__Service__Performance__Pct":91.304347826087,"Location":"Northeast"},{"Period":"2013-W42","Cust__Service__Performance__Pct":100,"Location":"Midwest"},{"Period":"2013-W42","Cust__Service__Performance__Pct":91.6666666666667,"Location":"South"},{"Period":"2013-W43","Cust__Service__Performance__Pct":93.3333333333333,"Location":"West"},{"Period":"2013-W43","Cust__Service__Performance__Pct":84.2105263157895,"Location":"Northeast"},{"Period":"2013-W43","Cust__Service__Performance__Pct":82.3529411764706,"Location":"Midwest"},{"Period":"2013-W43","Cust__Service__Performance__Pct":95.4545454545455,"Location":"South"},{"Period":"2013-W44","Cust__Service__Performance__Pct":91.6666666666667,"Location":"West"},{"Period":"2013-W44","Cust__Service__Performance__Pct":90.9090909090909,"Location":"Northeast"},{"Period":"2013-W44","Cust__Service__Performance__Pct":94.7368421052632,"Location":"Midwest"},{"Period":"2013-W44","Cust__Service__Performance__Pct":100,"Location":"South"},{"Period":"2013-W45","Cust__Service__Performance__Pct":92.3076923076923,"Location":"West"},{"Period":"2013-W45","Cust__Service__Performance__Pct":87.5,"Location":"Northeast"},{"Period":"2013-W45","Cust__Service__Performance__Pct":100,"Location":"Midwest"},{"Period":"2013-W45","Cust__Service__Performance__Pct":95.2380952380952,"Location":"South"},{"Period":"2013-W46","Cust__Service__Performance__Pct":76.9230769230769,"Location":"West"},{"Period":"2013-W46","Cust__Service__Performance__Pct":86.3636363636364,"Location":"Northeast"},{"Period":"2013-W46","Cust__Service__Performance__Pct":82.3529411764706,"Location":"Midwest"},{"Period":"2013-W46","Cust__Service__Performance__Pct":91.304347826087,"Location":"South"},{"Period":"2013-W47","Cust__Service__Performance__Pct":84.6153846153846,"Location":"West"},{"Period":"2013-W47","Cust__Service__Performance__Pct":85,"Location":"Northeast"},{"Period":"2013-W47","Cust__Service__Performance__Pct":82.3529411764706,"Location":"Midwest"},{"Period":"2013-W47","Cust__Service__Performance__Pct":72.7272727272727,"Location":"South"},{"Period":"2013-W48","Cust__Service__Performance__Pct":84.6153846153846,"Location":"West"},{"Period":"2013-W48","Cust__Service__Performance__Pct":90.4761904761905,"Location":"Northeast"},{"Period":"2013-W48","Cust__Service__Performance__Pct":66.6666666666667,"Location":"Midwest"},{"Period":"2013-W48","Cust__Service__Performance__Pct":90.4761904761905,"Location":"South"},{"Period":"2013-W49","Cust__Service__Performance__Pct":92.3076923076923,"Location":"West"},{"Period":"2013-W49","Cust__Service__Performance__Pct":86.9565217391304,"Location":"Northeast"},{"Period":"2013-W49","Cust__Service__Performance__Pct":88.8888888888889,"Location":"Midwest"},{"Period":"2013-W49","Cust__Service__Performance__Pct":85.7142857142857,"Location":"South"},{"Period":"2013-W50","Cust__Service__Performance__Pct":92.3076923076923,"Location":"West"},{"Period":"2013-W50","Cust__Service__Performance__Pct":86.3636363636364,"Location":"Northeast"},{"Period":"2013-W50","Cust__Service__Performance__Pct":100,"Location":"Midwest"},{"Period":"2013-W50","Cust__Service__Performance__Pct":95.6521739130435,"Location":"South"},{"Period":"2013-W51","Cust__Service__Performance__Pct":92.8571428571429,"Location":"West"},{"Period":"2013-W51","Cust__Service__Performance__Pct":95.2380952380952,"Location":"Northeast"},{"Period":"2013-W51","Cust__Service__Performance__Pct":93.3333333333333,"Location":"Midwest"},{"Period":"2013-W51","Cust__Service__Performance__Pct":86.3636363636364,"Location":"South"},{"Period":"2013-W52","Cust__Service__Performance__Pct":91.6666666666667,"Location":"West"},{"Period":"2013-W52","Cust__Service__Performance__Pct":95.2380952380952,"Location":"Northeast"},{"Period":"2013-W52","Cust__Service__Performance__Pct":85,"Location":"Midwest"},{"Period":"2013-W52","Cust__Service__Performance__Pct":80.9523809523809,"Location":"South"}],"Prior_Orders_Filled_Quarter":[{"Prior__Orders__Filled":1133652}],"Cust_Service_Trend_Pct_Quarter_Country":[{"Cust__Service__Trend__Pct":87.8378378378378,"Period":"2013-W40"},{"Cust__Service__Trend__Pct":83.7837837837838,"Period":"2013-W41"},{"Cust__Service__Trend__Pct":94.6666666666667,"Period":"2013-W42"},{"Cust__Service__Trend__Pct":89.041095890411,"Period":"2013-W43"},{"Cust__Service__Trend__Pct":94.5205479452055,"Period":"2013-W44"},{"Cust__Service__Trend__Pct":93.3333333333333,"Period":"2013-W45"},{"Cust__Service__Trend__Pct":85.3333333333333,"Period":"2013-W46"},{"Cust__Service__Trend__Pct":80.5555555555556,"Period":"2013-W47"},{"Cust__Service__Trend__Pct":83.5616438356164,"Period":"2013-W48"},{"Cust__Service__Trend__Pct":88,"Period":"2013-W49"},{"Cust__Service__Trend__Pct":93.3333333333333,"Period":"2013-W50"},{"Cust__Service__Trend__Pct":91.6666666666667,"Period":"2013-W51"},{"Cust__Service__Trend__Pct":87.8378378378378,"Period":"2013-W52"}],"Customers_Served":[{"Customers__Served":18}],"Cust_Service_Performance_Target_Pct_Quarter":[{"Cust__Service__Performance__Target__Pct":92}]}],"type":"J"}