{"message":"","count":0,"status":0,"data":[{"Orders_Filled":[{"Orders__Filled":647188}],"Avg_Cust_Service_Performance_Pct":[{"Avg__Cust__Service__Performance__Pct":86.8421052631579}],"Prior_Avg_Cust_Service_Performance_Pct_Week":[{"Prior__Avg__Cust__Service__Performance__Pct":80.9523809523809}],"Prior_Orders_Filled_Week":[{"Prior__Orders__Filled":26395}],"Loads_Delivered":[{"Loads__Delivered":456}],"Cust_Service_Performance_Target_Pct_Week":[{"Cust__Service__Performance__Target__Pct":88}],"Customers_Served":[{"Customers__Served":18}],"Cust_Service_Trend_Pct_Week_Region":[{"Cust__Service__Trend__Pct":81.5384615384615,"Period":"2014-02-02"},{"Cust__Service__Trend__Pct":82.089552238806,"Period":"2014-02-03"},{"Cust__Service__Trend__Pct":86.1538461538462,"Period":"2014-02-04"},{"Cust__Service__Trend__Pct":86.1538461538462,"Period":"2014-02-05"},{"Cust__Service__Trend__Pct":92.3076923076923,"Period":"2014-02-06"},{"Cust__Service__Trend__Pct":93.6507936507936,"Period":"2014-02-07"},{"Cust__Service__Trend__Pct":86.3636363636364,"Period":"2014-02-08"}],"Cust_Service_Performance_Pct_Week_Region":[{"Period":"2014-02-02","Cust__Service__Performance__Pct":75,"Location":"FL"},{"Period":"2014-02-02","Cust__Service__Performance__Pct":92.3076923076923,"Location":"NC"},{"Period":"2014-02-02","Cust__Service__Performance__Pct":93.3333333333333,"Location":"TN"},{"Period":"2014-02-02","Cust__Service__Performance__Pct":63.6363636363636,"Location":"AL"},{"Period":"2014-02-02","Cust__Service__Performance__Pct":78.5714285714286,"Location":"GA"},{"Period":"2014-02-03","Cust__Service__Performance__Pct":78.5714285714286,"Location":"FL"},{"Period":"2014-02-03","Cust__Service__Performance__Pct":91.6666666666667,"Location":"NC"},{"Period":"2014-02-03","Cust__Service__Performance__Pct":84.6153846153846,"Location":"TN"},{"Period":"2014-02-03","Cust__Service__Performance__Pct":71.4285714285714,"Location":"AL"},{"Period":"2014-02-03","Cust__Service__Performance__Pct":85.7142857142857,"Location":"GA"},{"Period":"2014-02-04","Cust__Service__Performance__Pct":84.6153846153846,"Location":"FL"},{"Period":"2014-02-04","Cust__Service__Performance__Pct":91.6666666666667,"Location":"NC"},{"Period":"2014-02-04","Cust__Service__Performance__Pct":92.8571428571429,"Location":"TN"},{"Period":"2014-02-04","Cust__Service__Performance__Pct":84.6153846153846,"Location":"AL"},{"Period":"2014-02-04","Cust__Service__Performance__Pct":76.9230769230769,"Location":"GA"},{"Period":"2014-02-05","Cust__Service__Performance__Pct":86.6666666666667,"Location":"FL"},{"Period":"2014-02-05","Cust__Service__Performance__Pct":76.9230769230769,"Location":"NC"},{"Period":"2014-02-05","Cust__Service__Performance__Pct":90.9090909090909,"Location":"TN"},{"Period":"2014-02-05","Cust__Service__Performance__Pct":84.6153846153846,"Location":"AL"},{"Period":"2014-02-05","Cust__Service__Performance__Pct":92.3076923076923,"Location":"GA"},{"Period":"2014-02-06","Cust__Service__Performance__Pct":100,"Location":"FL"},{"Period":"2014-02-06","Cust__Service__Performance__Pct":85.7142857142857,"Location":"NC"},{"Period":"2014-02-06","Cust__Service__Performance__Pct":84.6153846153846,"Location":"TN"},{"Period":"2014-02-06","Cust__Service__Performance__Pct":92.8571428571429,"Location":"AL"},{"Period":"2014-02-06","Cust__Service__Performance__Pct":100,"Location":"GA"},{"Period":"2014-02-07","Cust__Service__Performance__Pct":92.3076923076923,"Location":"FL"},{"Period":"2014-02-07","Cust__Service__Performance__Pct":85.7142857142857,"Location":"NC"},{"Period":"2014-02-07","Cust__Service__Performance__Pct":100,"Location":"TN"},{"Period":"2014-02-07","Cust__Service__Performance__Pct":92.3076923076923,"Location":"AL"},{"Period":"2014-02-07","Cust__Service__Performance__Pct":100,"Location":"GA"},{"Period":"2014-02-08","Cust__Service__Performance__Pct":91.6666666666667,"Location":"FL"},{"Period":"2014-02-08","Cust__Service__Performance__Pct":85.7142857142857,"Location":"NC"},{"Period":"2014-02-08","Cust__Service__Performance__Pct":80,"Location":"TN"},{"Period":"2014-02-08","Cust__Service__Performance__Pct":100,"Location":"AL"},{"Period":"2014-02-08","Cust__Service__Performance__Pct":76.9230769230769,"Location":"GA"}]}],"type":"J"}