{"message":"","count":0,"status":0,"data":[{"Orders_Filled":[{"Orders__Filled":25160}],"Avg_Cust_Service_Performance_Pct":[{"Avg__Cust__Service__Performance__Pct":95.6521739130435}],"Prior_Avg_Cust_Service_Performance_Pct_Week":[{"Prior__Avg__Cust__Service__Performance__Pct":85.7142857142857}],"Prior_Orders_Filled_Week":[{"Prior__Orders__Filled":23499}],"Loads_Delivered":[{"Loads__Delivered":23}],"Cust_Service_Performance_Target_Pct_Week":[{"Cust__Service__Performance__Target__Pct":92}],"Customers_Served":[{"Customers__Served":14}],"Cust_Service_Trend_Pct_Week_Region":[{"Cust__Service__Trend__Pct":100,"Period":"2014-01-12"},{"Cust__Service__Trend__Pct":100,"Period":"2014-01-13"},{"Cust__Service__Trend__Pct":100,"Period":"2014-01-14"},{"Cust__Service__Trend__Pct":100,"Period":"2014-01-15"},{"Cust__Service__Trend__Pct":100,"Period":"2014-01-16"},{"Cust__Service__Trend__Pct":100,"Period":"2014-01-17"},{"Cust__Service__Trend__Pct":75,"Period":"2014-01-18"}],"Cust_Service_Performance_Pct_Week_Region":[{"Period":"2014-01-12","Cust__Service__Performance__Pct":100,"Location":"FL"},{"Period":"2014-01-12","Cust__Service__Performance__Pct":100,"Location":"NC"},{"Period":"2014-01-12","Cust__Service__Performance__Pct":100,"Location":"TN"},{"Period":"2014-01-13","Cust__Service__Performance__Pct":100,"Location":"FL"},{"Period":"2014-01-13","Cust__Service__Performance__Pct":100,"Location":"AL"},{"Period":"2014-01-13","Cust__Service__Performance__Pct":100,"Location":"GA"},{"Period":"2014-01-14","Cust__Service__Performance__Pct":100,"Location":"FL"},{"Period":"2014-01-14","Cust__Service__Performance__Pct":100,"Location":"NC"},{"Period":"2014-01-14","Cust__Service__Performance__Pct":100,"Location":"TN"},{"Period":"2014-01-14","Cust__Service__Performance__Pct":100,"Location":"AL"},{"Period":"2014-01-15","Cust__Service__Performance__Pct":100,"Location":"FL"},{"Period":"2014-01-15","Cust__Service__Performance__Pct":100,"Location":"AL"},{"Period":"2014-01-15","Cust__Service__Performance__Pct":100,"Location":"GA"},{"Period":"2014-01-16","Cust__Service__Performance__Pct":100,"Location":"FL"},{"Period":"2014-01-16","Cust__Service__Performance__Pct":100,"Location":"NC"},{"Period":"2014-01-16","Cust__Service__Performance__Pct":100,"Location":"AL"},{"Period":"2014-01-17","Cust__Service__Performance__Pct":100,"Location":"FL"},{"Period":"2014-01-17","Cust__Service__Performance__Pct":100,"Location":"TN"},{"Period":"2014-01-17","Cust__Service__Performance__Pct":100,"Location":"AL"},{"Period":"2014-01-18","Cust__Service__Performance__Pct":0,"Location":"NC"},{"Period":"2014-01-18","Cust__Service__Performance__Pct":100,"Location":"TN"},{"Period":"2014-01-18","Cust__Service__Performance__Pct":100,"Location":"AL"},{"Period":"2014-01-18","Cust__Service__Performance__Pct":100,"Location":"GA"}]}],"type":"J"}