{"message":"","count":0,"status":0,"data":[{"Cust_Service_Performance_Pct_Year_Region":[{"Period":"2013-M01","Cust__Service__Performance__Pct":100,"Location":"FL"},{"Period":"2013-M01","Cust__Service__Performance__Pct":88.2352941176471,"Location":"NC"},{"Period":"2013-M01","Cust__Service__Performance__Pct":88.8888888888889,"Location":"TN"},{"Period":"2013-M01","Cust__Service__Performance__Pct":100,"Location":"AL"},{"Period":"2013-M01","Cust__Service__Performance__Pct":77.7777777777778,"Location":"GA"},{"Period":"2013-M02","Cust__Service__Performance__Pct":90.9090909090909,"Location":"FL"},{"Period":"2013-M02","Cust__Service__Performance__Pct":95.2380952380952,"Location":"NC"},{"Period":"2013-M02","Cust__Service__Performance__Pct":95.4545454545455,"Location":"TN"},{"Period":"2013-M02","Cust__Service__Performance__Pct":90.9090909090909,"Location":"AL"},{"Period":"2013-M02","Cust__Service__Performance__Pct":77.2727272727273,"Location":"GA"},{"Period":"2013-M03","Cust__Service__Performance__Pct":94.1176470588235,"Location":"FL"},{"Period":"2013-M03","Cust__Service__Performance__Pct":88.8888888888889,"Location":"NC"},{"Period":"2013-M03","Cust__Service__Performance__Pct":88.8888888888889,"Location":"TN"},{"Period":"2013-M03","Cust__Service__Performance__Pct":94.4444444444444,"Location":"AL"},{"Period":"2013-M03","Cust__Service__Performance__Pct":88.2352941176471,"Location":"GA"},{"Period":"2013-M04","Cust__Service__Performance__Pct":83.3333333333333,"Location":"FL"},{"Period":"2013-M04","Cust__Service__Performance__Pct":88.2352941176471,"Location":"NC"},{"Period":"2013-M04","Cust__Service__Performance__Pct":88.2352941176471,"Location":"TN"},{"Period":"2013-M04","Cust__Service__Performance__Pct":88.2352941176471,"Location":"AL"},{"Period":"2013-M04","Cust__Service__Performance__Pct":94.1176470588235,"Location":"GA"},{"Period":"2013-M05","Cust__Service__Performance__Pct":85.7142857142857,"Location":"FL"},{"Period":"2013-M05","Cust__Service__Performance__Pct":85.7142857142857,"Location":"NC"},{"Period":"2013-M05","Cust__Service__Performance__Pct":91.304347826087,"Location":"TN"},{"Period":"2013-M05","Cust__Service__Performance__Pct":100,"Location":"AL"},{"Period":"2013-M05","Cust__Service__Performance__Pct":91.304347826087,"Location":"GA"},{"Period":"2013-M06","Cust__Service__Performance__Pct":94.1176470588235,"Location":"FL"},{"Period":"2013-M06","Cust__Service__Performance__Pct":77.7777777777778,"Location":"NC"},{"Period":"2013-M06","Cust__Service__Performance__Pct":94.1176470588235,"Location":"TN"},{"Period":"2013-M06","Cust__Service__Performance__Pct":83.3333333333333,"Location":"AL"},{"Period":"2013-M06","Cust__Service__Performance__Pct":94.1176470588235,"Location":"GA"},{"Period":"2013-M07","Cust__Service__Performance__Pct":94.4444444444444,"Location":"FL"},{"Period":"2013-M07","Cust__Service__Performance__Pct":94.1176470588235,"Location":"NC"},{"Period":"2013-M07","Cust__Service__Performance__Pct":88.2352941176471,"Location":"TN"},{"Period":"2013-M07","Cust__Service__Performance__Pct":94.1176470588235,"Location":"AL"},{"Period":"2013-M07","Cust__Service__Performance__Pct":82.3529411764706,"Location":"GA"},{"Period":"2013-M08","Cust__Service__Performance__Pct":90.4761904761905,"Location":"FL"},{"Period":"2013-M08","Cust__Service__Performance__Pct":81.8181818181818,"Location":"NC"},{"Period":"2013-M08","Cust__Service__Performance__Pct":95.6521739130435,"Location":"TN"},{"Period":"2013-M08","Cust__Service__Performance__Pct":90.4761904761905,"Location":"AL"},{"Period":"2013-M08","Cust__Service__Performance__Pct":95.6521739130435,"Location":"GA"},{"Period":"2013-M09","Cust__Service__Performance__Pct":88.2352941176471,"Location":"FL"},{"Period":"2013-M09","Cust__Service__Performance__Pct":100,"Location":"NC"},{"Period":"2013-M09","Cust__Service__Performance__Pct":94.1176470588235,"Location":"TN"},{"Period":"2013-M09","Cust__Service__Performance__Pct":88.8888888888889,"Location":"AL"},{"Period":"2013-M09","Cust__Service__Performance__Pct":88.8888888888889,"Location":"GA"},{"Period":"2013-M10","Cust__Service__Performance__Pct":94.4444444444444,"Location":"FL"},{"Period":"2013-M10","Cust__Service__Performance__Pct":82.3529411764706,"Location":"NC"},{"Period":"2013-M10","Cust__Service__Performance__Pct":100,"Location":"TN"},{"Period":"2013-M10","Cust__Service__Performance__Pct":76.4705882352941,"Location":"AL"},{"Period":"2013-M10","Cust__Service__Performance__Pct":88.2352941176471,"Location":"GA"},{"Period":"2013-M11","Cust__Service__Performance__Pct":85.7142857142857,"Location":"FL"},{"Period":"2013-M11","Cust__Service__Performance__Pct":86.9565217391304,"Location":"NC"},{"Period":"2013-M11","Cust__Service__Performance__Pct":80.9523809523809,"Location":"TN"},{"Period":"2013-M11","Cust__Service__Performance__Pct":95.2380952380952,"Location":"AL"},{"Period":"2013-M11","Cust__Service__Performance__Pct":100,"Location":"GA"},{"Period":"2013-M12","Cust__Service__Performance__Pct":94.1176470588235,"Location":"FL"},{"Period":"2013-M12","Cust__Service__Performance__Pct":88.2352941176471,"Location":"NC"},{"Period":"2013-M12","Cust__Service__Performance__Pct":88.2352941176471,"Location":"TN"},{"Period":"2013-M12","Cust__Service__Performance__Pct":83.3333333333333,"Location":"AL"},{"Period":"2013-M12","Cust__Service__Performance__Pct":83.3333333333333,"Location":"GA"}],"Prior_Orders_Filled_Year":[{"Prior__Orders__Filled":1316941}],"Cust_Service_Trend_Pct_Year_Region":[{"Cust__Service__Trend__Pct":90.8045977011494,"Period":"2013-M01"},{"Cust__Service__Trend__Pct":89.9082568807339,"Period":"2013-M02"},{"Cust__Service__Trend__Pct":90.9090909090909,"Period":"2013-M03"},{"Cust__Service__Trend__Pct":88.3720930232558,"Period":"2013-M04"},{"Cust__Service__Trend__Pct":90.8256880733945,"Period":"2013-M05"},{"Cust__Service__Trend__Pct":88.5057471264368,"Period":"2013-M06"},{"Cust__Service__Trend__Pct":90.6976744186046,"Period":"2013-M07"},{"Cust__Service__Trend__Pct":90.9090909090909,"Period":"2013-M08"},{"Cust__Service__Trend__Pct":91.9540229885057,"Period":"2013-M09"},{"Cust__Service__Trend__Pct":88.5057471264368,"Period":"2013-M10"},{"Cust__Service__Trend__Pct":89.7196261682243,"Period":"2013-M11"},{"Cust__Service__Trend__Pct":87.3563218390805,"Period":"2013-M12"}],"Orders_Filled":[{"Orders__Filled":1290477}],"Avg_Cust_Service_Performance_Pct":[{"Avg__Cust__Service__Performance__Pct":89.9115044247788}],"Loads_Delivered":[{"Loads__Delivered":1130}],"Prior_Avg_Cust_Service_Performance_Pct_Year":[{"Prior__Avg__Cust__Service__Performance__Pct":89.4005212858384}],"Customers_Served":[{"Customers__Served":18}],"Cust_Service_Performance_Target_Pct_Year":[{"Cust__Service__Performance__Target__Pct":91.25}]}],"type":"J"}