{"message":"","count":0,"status":0,"data":[{"Orders_Filled":[{"Orders__Filled":517128}],"Avg_Cust_Service_Performance_Pct":[{"Avg__Cust__Service__Performance__Pct":87.9781420765027}],"Prior_Avg_Cust_Service_Performance_Pct_Week":[{"Prior__Avg__Cust__Service__Performance__Pct":81.25}],"Prior_Orders_Filled_Week":[{"Prior__Orders__Filled":16320}],"Loads_Delivered":[{"Loads__Delivered":366}],"Cust_Service_Performance_Target_Pct_Week":[{"Cust__Service__Performance__Target__Pct":88}],"Customers_Served":[{"Customers__Served":18}],"Cust_Service_Trend_Pct_Week_Region":[{"Cust__Service__Trend__Pct":90.5660377358491,"Period":"2014-02-02"},{"Cust__Service__Trend__Pct":86.5384615384615,"Period":"2014-02-03"},{"Cust__Service__Trend__Pct":87.037037037037,"Period":"2014-02-04"},{"Cust__Service__Trend__Pct":90.3846153846154,"Period":"2014-02-05"},{"Cust__Service__Trend__Pct":88.6792452830189,"Period":"2014-02-06"},{"Cust__Service__Trend__Pct":86,"Period":"2014-02-07"},{"Cust__Service__Trend__Pct":86.5384615384615,"Period":"2014-02-08"}],"Cust_Service_Performance_Pct_Week_Region":[{"Period":"2014-02-02","Cust__Service__Performance__Pct":75,"Location":"CH"},{"Period":"2014-02-02","Cust__Service__Performance__Pct":92.8571428571429,"Location":"BS"},{"Period":"2014-02-02","Cust__Service__Performance__Pct":100,"Location":"BN"},{"Period":"2014-02-02","Cust__Service__Performance__Pct":92.3076923076923,"Location":"DU"},{"Period":"2014-02-03","Cust__Service__Performance__Pct":100,"Location":"CH"},{"Period":"2014-02-03","Cust__Service__Performance__Pct":84.6153846153846,"Location":"BS"},{"Period":"2014-02-03","Cust__Service__Performance__Pct":78.5714285714286,"Location":"BN"},{"Period":"2014-02-03","Cust__Service__Performance__Pct":84.6153846153846,"Location":"DU"},{"Period":"2014-02-04","Cust__Service__Performance__Pct":84.6153846153846,"Location":"CH"},{"Period":"2014-02-04","Cust__Service__Performance__Pct":83.3333333333333,"Location":"BS"},{"Period":"2014-02-04","Cust__Service__Performance__Pct":93.3333333333333,"Location":"BN"},{"Period":"2014-02-04","Cust__Service__Performance__Pct":85.7142857142857,"Location":"DU"},{"Period":"2014-02-05","Cust__Service__Performance__Pct":84.6153846153846,"Location":"CH"},{"Period":"2014-02-05","Cust__Service__Performance__Pct":100,"Location":"BS"},{"Period":"2014-02-05","Cust__Service__Performance__Pct":76.9230769230769,"Location":"BN"},{"Period":"2014-02-05","Cust__Service__Performance__Pct":100,"Location":"DU"},{"Period":"2014-02-06","Cust__Service__Performance__Pct":80,"Location":"CH"},{"Period":"2014-02-06","Cust__Service__Performance__Pct":91.6666666666667,"Location":"BS"},{"Period":"2014-02-06","Cust__Service__Performance__Pct":100,"Location":"BN"},{"Period":"2014-02-06","Cust__Service__Performance__Pct":84.6153846153846,"Location":"DU"},{"Period":"2014-02-07","Cust__Service__Performance__Pct":84.6153846153846,"Location":"CH"},{"Period":"2014-02-07","Cust__Service__Performance__Pct":85.7142857142857,"Location":"BS"},{"Period":"2014-02-07","Cust__Service__Performance__Pct":100,"Location":"BN"},{"Period":"2014-02-07","Cust__Service__Performance__Pct":75,"Location":"DU"},{"Period":"2014-02-08","Cust__Service__Performance__Pct":85.7142857142857,"Location":"CH"},{"Period":"2014-02-08","Cust__Service__Performance__Pct":92.8571428571429,"Location":"BS"},{"Period":"2014-02-08","Cust__Service__Performance__Pct":76.9230769230769,"Location":"BN"},{"Period":"2014-02-08","Cust__Service__Performance__Pct":90.9090909090909,"Location":"DU"}]}],"type":"J"}