{"message":"","count":0,"status":0,"data":[{"Orders_Filled":[{"Orders__Filled":82280}],"Avg_Cust_Service_Performance_Pct":[{"Avg__Cust__Service__Performance__Pct":85.5072463768116}],"Cust_Service_Performance_Pct_Month_Region":[{"Period":"2013-W40","Cust__Service__Performance__Pct":83.3333333333333,"Location":"MC"},{"Period":"2013-W40","Cust__Service__Performance__Pct":66.6666666666667,"Location":"JA"},{"Period":"2013-W40","Cust__Service__Performance__Pct":75,"Location":"NA"},{"Period":"2013-W40","Cust__Service__Performance__Pct":100,"Location":"CL"},{"Period":"2013-W41","Cust__Service__Performance__Pct":100,"Location":"MC"},{"Period":"2013-W41","Cust__Service__Performance__Pct":100,"Location":"JA"},{"Period":"2013-W41","Cust__Service__Performance__Pct":100,"Location":"NA"},{"Period":"2013-W41","Cust__Service__Performance__Pct":60,"Location":"CL"},{"Period":"2013-W42","Cust__Service__Performance__Pct":100,"Location":"MC"},{"Period":"2013-W42","Cust__Service__Performance__Pct":75,"Location":"JA"},{"Period":"2013-W42","Cust__Service__Performance__Pct":83.3333333333333,"Location":"NA"},{"Period":"2013-W42","Cust__Service__Performance__Pct":100,"Location":"CL"},{"Period":"2013-W43","Cust__Service__Performance__Pct":100,"Location":"MC"},{"Period":"2013-W43","Cust__Service__Performance__Pct":83.3333333333333,"Location":"JA"},{"Period":"2013-W43","Cust__Service__Performance__Pct":100,"Location":"NA"},{"Period":"2013-W43","Cust__Service__Performance__Pct":33.3333333333333,"Location":"CL"}],"Prior_Orders_Filled_Month":[{"Prior__Orders__Filled":80534}],"Cust_Service_Trend_Pct_Month_Region":[{"Cust__Service__Trend__Pct":81.25,"Period":"2013-W40"},{"Cust__Service__Trend__Pct":88.8888888888889,"Period":"2013-W41"},{"Cust__Service__Trend__Pct":89.4736842105263,"Period":"2013-W42"},{"Cust__Service__Trend__Pct":81.25,"Period":"2013-W43"}],"Loads_Delivered":[{"Loads__Delivered":69}],"Cust_Service_Performance_Target_Pct_Month":[{"Cust__Service__Performance__Target__Pct":92}],"Customers_Served":[{"Customers__Served":18}],"Prior_Avg_Cust_Service_Performance_Pct_Month":[{"Prior__Avg__Cust__Service__Performance__Pct":90}]}],"type":"J"}