{"message":"","count":0,"status":0,"data":[{"Cust_Service_Performance_Pct_Week_Country":[{"Period":"2014-01-26","Cust__Service__Performance__Pct":75,"Location":"Western Canada"},{"Period":"2014-01-26","Cust__Service__Performance__Pct":50,"Location":"Northern Canada"},{"Period":"2014-01-26","Cust__Service__Performance__Pct":50,"Location":"Atlantic Canada"},{"Period":"2014-01-27","Cust__Service__Performance__Pct":100,"Location":"Western Canada"},{"Period":"2014-01-27","Cust__Service__Performance__Pct":0,"Location":"Northern Canada"},{"Period":"2014-01-27","Cust__Service__Performance__Pct":100,"Location":"Atlantic Canada"},{"Period":"2014-01-27","Cust__Service__Performance__Pct":100,"Location":"Ontario"},{"Period":"2014-01-27","Cust__Service__Performance__Pct":100,"Location":"Quebec"},{"Period":"2014-01-28","Cust__Service__Performance__Pct":66.6666666666667,"Location":"Western Canada"},{"Period":"2014-01-28","Cust__Service__Performance__Pct":66.6666666666667,"Location":"Northern Canada"},{"Period":"2014-01-28","Cust__Service__Performance__Pct":50,"Location":"Atlantic Canada"},{"Period":"2014-01-29","Cust__Service__Performance__Pct":50,"Location":"Western Canada"},{"Period":"2014-01-29","Cust__Service__Performance__Pct":100,"Location":"Northern Canada"},{"Period":"2014-01-29","Cust__Service__Performance__Pct":100,"Location":"Atlantic Canada"},{"Period":"2014-01-29","Cust__Service__Performance__Pct":100,"Location":"Ontario"},{"Period":"2014-01-29","Cust__Service__Performance__Pct":100,"Location":"Quebec"},{"Period":"2014-01-30","Cust__Service__Performance__Pct":100,"Location":"Western Canada"},{"Period":"2014-01-30","Cust__Service__Performance__Pct":100,"Location":"Northern Canada"},{"Period":"2014-01-30","Cust__Service__Performance__Pct":66.6666666666667,"Location":"Atlantic Canada"},{"Period":"2014-01-31","Cust__Service__Performance__Pct":100,"Location":"Western Canada"},{"Period":"2014-01-31","Cust__Service__Performance__Pct":50,"Location":"Northern Canada"},{"Period":"2014-01-31","Cust__Service__Performance__Pct":100,"Location":"Atlantic Canada"},{"Period":"2014-01-31","Cust__Service__Performance__Pct":100,"Location":"Quebec"},{"Period":"2014-02-01","Cust__Service__Performance__Pct":100,"Location":"Western Canada"},{"Period":"2014-02-01","Cust__Service__Performance__Pct":100,"Location":"Northern Canada"},{"Period":"2014-02-01","Cust__Service__Performance__Pct":100,"Location":"Atlantic Canada"},{"Period":"2014-02-01","Cust__Service__Performance__Pct":100,"Location":"Ontario"}],"Orders_Filled":[{"Orders__Filled":64923}],"Avg_Cust_Service_Performance_Pct":[{"Avg__Cust__Service__Performance__Pct":82.7586206896552}],"Prior_Avg_Cust_Service_Performance_Pct_Week":[{"Prior__Avg__Cust__Service__Performance__Pct":89.6551724137931}],"Prior_Orders_Filled_Week":[{"Prior__Orders__Filled":62380}],"Cust_Service_Trend_Pct_Week_Country":[{"Cust__Service__Trend__Pct":62.5,"Period":"2014-01-26"},{"Cust__Service__Trend__Pct":87.5,"Period":"2014-01-27"},{"Cust__Service__Trend__Pct":62.5,"Period":"2014-01-28"},{"Cust__Service__Trend__Pct":87.5,"Period":"2014-01-29"},{"Cust__Service__Trend__Pct":88.8888888888889,"Period":"2014-01-30"},{"Cust__Service__Trend__Pct":87.5,"Period":"2014-01-31"},{"Cust__Service__Trend__Pct":100,"Period":"2014-02-01"}],"Loads_Delivered":[{"Loads__Delivered":58}],"Cust_Service_Performance_Target_Pct_Week":[{"Cust__Service__Performance__Target__Pct":92}],"Customers_Served":[{"Customers__Served":18}]}],"type":"J"}