{"message":"","count":0,"status":0,"data":[{"Cust_Service_Performance_Pct_Quarter_Region":[{"Period":"2013-W14","Cust__Service__Performance__Pct":100,"Location":"MA"},{"Period":"2013-W14","Cust__Service__Performance__Pct":66.6666666666667,"Location":"VT"},{"Period":"2013-W14","Cust__Service__Performance__Pct":66.6666666666667,"Location":"NY"},{"Period":"2013-W14","Cust__Service__Performance__Pct":83.3333333333333,"Location":"ME"},{"Period":"2013-W14","Cust__Service__Performance__Pct":66.6666666666667,"Location":"NH"},{"Period":"2013-W15","Cust__Service__Performance__Pct":100,"Location":"MA"},{"Period":"2013-W15","Cust__Service__Performance__Pct":100,"Location":"VT"},{"Period":"2013-W15","Cust__Service__Performance__Pct":83.3333333333333,"Location":"NY"},{"Period":"2013-W15","Cust__Service__Performance__Pct":100,"Location":"ME"},{"Period":"2013-W15","Cust__Service__Performance__Pct":75,"Location":"NH"},{"Period":"2013-W16","Cust__Service__Performance__Pct":100,"Location":"MA"},{"Period":"2013-W16","Cust__Service__Performance__Pct":83.3333333333333,"Location":"VT"},{"Period":"2013-W16","Cust__Service__Performance__Pct":100,"Location":"NY"},{"Period":"2013-W16","Cust__Service__Performance__Pct":75,"Location":"ME"},{"Period":"2013-W16","Cust__Service__Performance__Pct":100,"Location":"NH"},{"Period":"2013-W17","Cust__Service__Performance__Pct":100,"Location":"MA"},{"Period":"2013-W17","Cust__Service__Performance__Pct":100,"Location":"VT"},{"Period":"2013-W17","Cust__Service__Performance__Pct":75,"Location":"NY"},{"Period":"2013-W17","Cust__Service__Performance__Pct":100,"Location":"ME"},{"Period":"2013-W17","Cust__Service__Performance__Pct":83.3333333333333,"Location":"NH"},{"Period":"2013-W18","Cust__Service__Performance__Pct":100,"Location":"MA"},{"Period":"2013-W18","Cust__Service__Performance__Pct":100,"Location":"VT"},{"Period":"2013-W18","Cust__Service__Performance__Pct":100,"Location":"NY"},{"Period":"2013-W18","Cust__Service__Performance__Pct":83.3333333333333,"Location":"ME"},{"Period":"2013-W18","Cust__Service__Performance__Pct":100,"Location":"NH"},{"Period":"2013-W19","Cust__Service__Performance__Pct":100,"Location":"MA"},{"Period":"2013-W19","Cust__Service__Performance__Pct":100,"Location":"VT"},{"Period":"2013-W19","Cust__Service__Performance__Pct":100,"Location":"NY"},{"Period":"2013-W19","Cust__Service__Performance__Pct":100,"Location":"ME"},{"Period":"2013-W19","Cust__Service__Performance__Pct":66.6666666666667,"Location":"NH"},{"Period":"2013-W20","Cust__Service__Performance__Pct":75,"Location":"MA"},{"Period":"2013-W20","Cust__Service__Performance__Pct":100,"Location":"VT"},{"Period":"2013-W20","Cust__Service__Performance__Pct":66.6666666666667,"Location":"NY"},{"Period":"2013-W20","Cust__Service__Performance__Pct":100,"Location":"ME"},{"Period":"2013-W20","Cust__Service__Performance__Pct":75,"Location":"NH"},{"Period":"2013-W21","Cust__Service__Performance__Pct":100,"Location":"MA"},{"Period":"2013-W21","Cust__Service__Performance__Pct":75,"Location":"VT"},{"Period":"2013-W21","Cust__Service__Performance__Pct":100,"Location":"NY"},{"Period":"2013-W21","Cust__Service__Performance__Pct":100,"Location":"ME"},{"Period":"2013-W21","Cust__Service__Performance__Pct":83.3333333333333,"Location":"NH"},{"Period":"2013-W22","Cust__Service__Performance__Pct":75,"Location":"MA"},{"Period":"2013-W22","Cust__Service__Performance__Pct":66.6666666666667,"Location":"VT"},{"Period":"2013-W22","Cust__Service__Performance__Pct":75,"Location":"NY"},{"Period":"2013-W22","Cust__Service__Performance__Pct":100,"Location":"ME"},{"Period":"2013-W22","Cust__Service__Performance__Pct":100,"Location":"NH"},{"Period":"2013-W23","Cust__Service__Performance__Pct":100,"Location":"MA"},{"Period":"2013-W23","Cust__Service__Performance__Pct":100,"Location":"VT"},{"Period":"2013-W23","Cust__Service__Performance__Pct":100,"Location":"NY"},{"Period":"2013-W23","Cust__Service__Performance__Pct":100,"Location":"ME"},{"Period":"2013-W23","Cust__Service__Performance__Pct":100,"Location":"NH"},{"Period":"2013-W24","Cust__Service__Performance__Pct":75,"Location":"MA"},{"Period":"2013-W24","Cust__Service__Performance__Pct":100,"Location":"VT"},{"Period":"2013-W24","Cust__Service__Performance__Pct":100,"Location":"NY"},{"Period":"2013-W24","Cust__Service__Performance__Pct":75,"Location":"ME"},{"Period":"2013-W24","Cust__Service__Performance__Pct":100,"Location":"NH"},{"Period":"2013-W25","Cust__Service__Performance__Pct":83.3333333333333,"Location":"MA"},{"Period":"2013-W25","Cust__Service__Performance__Pct":33.3333333333333,"Location":"VT"},{"Period":"2013-W25","Cust__Service__Performance__Pct":75,"Location":"NY"},{"Period":"2013-W25","Cust__Service__Performance__Pct":100,"Location":"ME"},{"Period":"2013-W25","Cust__Service__Performance__Pct":83.3333333333333,"Location":"NH"},{"Period":"2013-W26","Cust__Service__Performance__Pct":100,"Location":"MA"},{"Period":"2013-W26","Cust__Service__Performance__Pct":100,"Location":"VT"},{"Period":"2013-W26","Cust__Service__Performance__Pct":100,"Location":"NY"},{"Period":"2013-W26","Cust__Service__Performance__Pct":100,"Location":"ME"},{"Period":"2013-W26","Cust__Service__Performance__Pct":80,"Location":"NH"}],"Orders_Filled":[{"Orders__Filled":317472}],"Prior_Avg_Cust_Service_Performance_Pct_Quarter":[{"Prior__Avg__Cust__Service__Performance__Pct":85.5123674911661}],"Avg_Cust_Service_Performance_Pct":[{"Avg__Cust__Service__Performance__Pct":89.6797153024911}],"Cust_Service_Trend_Pct_Quarter_Region":[{"Cust__Service__Trend__Pct":78.9473684210526,"Period":"2013-W14"},{"Cust__Service__Trend__Pct":90.9090909090909,"Period":"2013-W15"},{"Cust__Service__Trend__Pct":91.6666666666667,"Period":"2013-W16"},{"Cust__Service__Trend__Pct":90.9090909090909,"Period":"2013-W17"},{"Cust__Service__Trend__Pct":95,"Period":"2013-W18"},{"Cust__Service__Trend__Pct":95.2380952380952,"Period":"2013-W19"},{"Cust__Service__Trend__Pct":82.6086956521739,"Period":"2013-W20"},{"Cust__Service__Trend__Pct":90.9090909090909,"Period":"2013-W21"},{"Cust__Service__Trend__Pct":85.7142857142857,"Period":"2013-W22"},{"Cust__Service__Trend__Pct":100,"Period":"2013-W23"},{"Cust__Service__Trend__Pct":91.304347826087,"Period":"2013-W24"},{"Cust__Service__Trend__Pct":77.2727272727273,"Period":"2013-W25"},{"Cust__Service__Trend__Pct":95.2380952380952,"Period":"2013-W26"}],"Loads_Delivered":[{"Loads__Delivered":281}],"Prior_Orders_Filled_Quarter":[{"Prior__Orders__Filled":319229}],"Customers_Served":[{"Customers__Served":18}],"Cust_Service_Performance_Target_Pct_Quarter":[{"Cust__Service__Performance__Target__Pct":91}]}],"type":"J"}