{"message":"","count":0,"status":0,"data":[{"Cust_Service_Performance_Pct_Week_Country":[{"Period":"2014-02-02","Cust__Service__Performance__Pct":72.5,"Location":"West"},{"Period":"2014-02-02","Cust__Service__Performance__Pct":93.75,"Location":"Northeast"},{"Period":"2014-02-02","Cust__Service__Performance__Pct":92.156862745098,"Location":"Midwest"},{"Period":"2014-02-02","Cust__Service__Performance__Pct":81.5384615384615,"Location":"South"},{"Period":"2014-02-03","Cust__Service__Performance__Pct":87.5,"Location":"West"},{"Period":"2014-02-03","Cust__Service__Performance__Pct":93.6507936507936,"Location":"Northeast"},{"Period":"2014-02-03","Cust__Service__Performance__Pct":92.156862745098,"Location":"Midwest"},{"Period":"2014-02-03","Cust__Service__Performance__Pct":82.089552238806,"Location":"South"},{"Period":"2014-02-04","Cust__Service__Performance__Pct":87.5,"Location":"West"},{"Period":"2014-02-04","Cust__Service__Performance__Pct":87.8787878787879,"Location":"Northeast"},{"Period":"2014-02-04","Cust__Service__Performance__Pct":90.3846153846154,"Location":"Midwest"},{"Period":"2014-02-04","Cust__Service__Performance__Pct":86.1538461538462,"Location":"South"},{"Period":"2014-02-05","Cust__Service__Performance__Pct":90,"Location":"West"},{"Period":"2014-02-05","Cust__Service__Performance__Pct":89.2307692307692,"Location":"Northeast"},{"Period":"2014-02-05","Cust__Service__Performance__Pct":94.3396226415094,"Location":"Midwest"},{"Period":"2014-02-05","Cust__Service__Performance__Pct":86.1538461538462,"Location":"South"},{"Period":"2014-02-06","Cust__Service__Performance__Pct":84.2105263157895,"Location":"West"},{"Period":"2014-02-06","Cust__Service__Performance__Pct":83.3333333333333,"Location":"Northeast"},{"Period":"2014-02-06","Cust__Service__Performance__Pct":94.3396226415094,"Location":"Midwest"},{"Period":"2014-02-06","Cust__Service__Performance__Pct":92.3076923076923,"Location":"South"},{"Period":"2014-02-07","Cust__Service__Performance__Pct":94.8717948717949,"Location":"West"},{"Period":"2014-02-07","Cust__Service__Performance__Pct":91.044776119403,"Location":"Northeast"},{"Period":"2014-02-07","Cust__Service__Performance__Pct":92.4528301886792,"Location":"Midwest"},{"Period":"2014-02-07","Cust__Service__Performance__Pct":93.6507936507936,"Location":"South"},{"Period":"2014-02-08","Cust__Service__Performance__Pct":79.4871794871795,"Location":"West"},{"Period":"2014-02-08","Cust__Service__Performance__Pct":84.8484848484848,"Location":"Northeast"},{"Period":"2014-02-08","Cust__Service__Performance__Pct":94.1176470588235,"Location":"Midwest"},{"Period":"2014-02-08","Cust__Service__Performance__Pct":86.3636363636364,"Location":"South"}],"Orders_Filled":[{"Orders__Filled":2173473}],"Avg_Cust_Service_Performance_Pct":[{"Avg__Cust__Service__Performance__Pct":88.6027044430135}],"Prior_Avg_Cust_Service_Performance_Pct_Week":[{"Prior__Avg__Cust__Service__Performance__Pct":87.8378378378378}],"Prior_Orders_Filled_Week":[{"Prior__Orders__Filled":95565}],"Cust_Service_Trend_Pct_Week_Country":[{"Cust__Service__Trend__Pct":85.9090909090909,"Period":"2014-02-02"},{"Cust__Service__Trend__Pct":88.6877828054299,"Period":"2014-02-03"},{"Cust__Service__Trend__Pct":87.8923766816144,"Period":"2014-02-04"},{"Cust__Service__Trend__Pct":89.6860986547085,"Period":"2014-02-05"},{"Cust__Service__Trend__Pct":88.7387387387387,"Period":"2014-02-06"},{"Cust__Service__Trend__Pct":92.7927927927928,"Period":"2014-02-07"},{"Cust__Service__Trend__Pct":86.4864864864865,"Period":"2014-02-08"}],"Loads_Delivered":[{"Loads__Delivered":1553}],"Cust_Service_Performance_Target_Pct_Week":[{"Cust__Service__Performance__Target__Pct":88}],"Customers_Served":[{"Customers__Served":18}]}],"type":"J"}