{"message":"","count":0,"status":0,"data":[{"Orders_Filled":[{"Orders__Filled":102647}],"Avg_Cust_Service_Performance_Pct":[{"Avg__Cust__Service__Performance__Pct":87.3563218390805}],"Cust_Service_Performance_Pct_Month_Region":[{"Period":"2013-W49","Cust__Service__Performance__Pct":75,"Location":"FL"},{"Period":"2013-W49","Cust__Service__Performance__Pct":80,"Location":"NC"},{"Period":"2013-W49","Cust__Service__Performance__Pct":100,"Location":"TN"},{"Period":"2013-W49","Cust__Service__Performance__Pct":80,"Location":"AL"},{"Period":"2013-W49","Cust__Service__Performance__Pct":100,"Location":"GA"},{"Period":"2013-W50","Cust__Service__Performance__Pct":100,"Location":"FL"},{"Period":"2013-W50","Cust__Service__Performance__Pct":75,"Location":"NC"},{"Period":"2013-W50","Cust__Service__Performance__Pct":100,"Location":"TN"},{"Period":"2013-W50","Cust__Service__Performance__Pct":100,"Location":"AL"},{"Period":"2013-W50","Cust__Service__Performance__Pct":100,"Location":"GA"},{"Period":"2013-W51","Cust__Service__Performance__Pct":100,"Location":"FL"},{"Period":"2013-W51","Cust__Service__Performance__Pct":100,"Location":"NC"},{"Period":"2013-W51","Cust__Service__Performance__Pct":83.3333333333333,"Location":"TN"},{"Period":"2013-W51","Cust__Service__Performance__Pct":66.6666666666667,"Location":"AL"},{"Period":"2013-W51","Cust__Service__Performance__Pct":83.3333333333333,"Location":"GA"},{"Period":"2013-W52","Cust__Service__Performance__Pct":100,"Location":"FL"},{"Period":"2013-W52","Cust__Service__Performance__Pct":100,"Location":"NC"},{"Period":"2013-W52","Cust__Service__Performance__Pct":75,"Location":"TN"},{"Period":"2013-W52","Cust__Service__Performance__Pct":75,"Location":"AL"},{"Period":"2013-W52","Cust__Service__Performance__Pct":60,"Location":"GA"}],"Prior_Orders_Filled_Month":[{"Prior__Orders__Filled":126096}],"Cust_Service_Trend_Pct_Month_Region":[{"Cust__Service__Trend__Pct":85.7142857142857,"Period":"2013-W49"},{"Cust__Service__Trend__Pct":95.6521739130435,"Period":"2013-W50"},{"Cust__Service__Trend__Pct":86.3636363636364,"Period":"2013-W51"},{"Cust__Service__Trend__Pct":80.9523809523809,"Period":"2013-W52"}],"Loads_Delivered":[{"Loads__Delivered":87}],"Cust_Service_Performance_Target_Pct_Month":[{"Cust__Service__Performance__Target__Pct":92}],"Customers_Served":[{"Customers__Served":18}],"Prior_Avg_Cust_Service_Performance_Pct_Month":[{"Prior__Avg__Cust__Service__Performance__Pct":89.7196261682243}]}],"type":"J"}