{"message":"","count":0,"status":0,"data":[{"Cust_Service_Performance_Pct_Year_Region":[{"Period":"2013-M01","Cust__Service__Performance__Pct":88.8888888888889,"Location":"ON"},{"Period":"2013-M02","Cust__Service__Performance__Pct":90.4761904761905,"Location":"ON"},{"Period":"2013-M03","Cust__Service__Performance__Pct":82.3529411764706,"Location":"ON"},{"Period":"2013-M04","Cust__Service__Performance__Pct":88.8888888888889,"Location":"ON"},{"Period":"2013-M05","Cust__Service__Performance__Pct":85.7142857142857,"Location":"ON"},{"Period":"2013-M06","Cust__Service__Performance__Pct":88.2352941176471,"Location":"ON"},{"Period":"2013-M07","Cust__Service__Performance__Pct":94.4444444444444,"Location":"ON"},{"Period":"2013-M08","Cust__Service__Performance__Pct":90.4761904761905,"Location":"ON"},{"Period":"2013-M09","Cust__Service__Performance__Pct":76.4705882352941,"Location":"ON"},{"Period":"2013-M10","Cust__Service__Performance__Pct":83.3333333333333,"Location":"ON"},{"Period":"2013-M11","Cust__Service__Performance__Pct":85.7142857142857,"Location":"ON"},{"Period":"2013-M12","Cust__Service__Performance__Pct":70.5882352941177,"Location":"ON"}],"Prior_Orders_Filled_Year":[{"Prior__Orders__Filled":272246}],"Cust_Service_Trend_Pct_Year_Region":[{"Cust__Service__Trend__Pct":88.8888888888889,"Period":"2013-M01"},{"Cust__Service__Trend__Pct":90.4761904761905,"Period":"2013-M02"},{"Cust__Service__Trend__Pct":82.3529411764706,"Period":"2013-M03"},{"Cust__Service__Trend__Pct":88.8888888888889,"Period":"2013-M04"},{"Cust__Service__Trend__Pct":85.7142857142857,"Period":"2013-M05"},{"Cust__Service__Trend__Pct":88.2352941176471,"Period":"2013-M06"},{"Cust__Service__Trend__Pct":94.4444444444444,"Period":"2013-M07"},{"Cust__Service__Trend__Pct":90.4761904761905,"Period":"2013-M08"},{"Cust__Service__Trend__Pct":76.4705882352941,"Period":"2013-M09"},{"Cust__Service__Trend__Pct":83.3333333333333,"Period":"2013-M10"},{"Cust__Service__Trend__Pct":85.7142857142857,"Period":"2013-M11"},{"Cust__Service__Trend__Pct":70.5882352941177,"Period":"2013-M12"}],"Orders_Filled":[{"Orders__Filled":253251}],"Avg_Cust_Service_Performance_Pct":[{"Avg__Cust__Service__Performance__Pct":85.7142857142857}],"Loads_Delivered":[{"Loads__Delivered":224}],"Prior_Avg_Cust_Service_Performance_Pct_Year":[{"Prior__Avg__Cust__Service__Performance__Pct":88.695652173913}],"Customers_Served":[{"Customers__Served":18}],"Cust_Service_Performance_Target_Pct_Year":[{"Cust__Service__Performance__Target__Pct":91.25}]}],"type":"J"}