{"message":"","count":0,"status":0,"data":[{"Orders_Filled":[{"Orders__Filled":24722}],"Avg_Cust_Service_Performance_Pct":[{"Avg__Cust__Service__Performance__Pct":85.7142857142857}],"Cust_Service_Performance_Pct_Month_Region":[{"Period":"2013-W44","Cust__Service__Performance__Pct":75,"Location":"ON"},{"Period":"2013-W45","Cust__Service__Performance__Pct":100,"Location":"ON"},{"Period":"2013-W46","Cust__Service__Performance__Pct":75,"Location":"ON"},{"Period":"2013-W47","Cust__Service__Performance__Pct":100,"Location":"ON"},{"Period":"2013-W48","Cust__Service__Performance__Pct":75,"Location":"ON"}],"Prior_Orders_Filled_Month":[{"Prior__Orders__Filled":19003}],"Cust_Service_Trend_Pct_Month_Region":[{"Cust__Service__Trend__Pct":75,"Period":"2013-W44"},{"Cust__Service__Trend__Pct":100,"Period":"2013-W45"},{"Cust__Service__Trend__Pct":75,"Period":"2013-W46"},{"Cust__Service__Trend__Pct":100,"Period":"2013-W47"},{"Cust__Service__Trend__Pct":75,"Period":"2013-W48"}],"Loads_Delivered":[{"Loads__Delivered":21}],"Cust_Service_Performance_Target_Pct_Month":[{"Cust__Service__Performance__Target__Pct":92}],"Customers_Served":[{"Customers__Served":18}],"Prior_Avg_Cust_Service_Performance_Pct_Month":[{"Prior__Avg__Cust__Service__Performance__Pct":83.3333333333333}]}],"type":"J"}