{"message":"","count":0,"status":0,"data":[{"Orders_Filled":[{"Orders__Filled":123918}],"Avg_Cust_Service_Performance_Pct":[{"Avg__Cust__Service__Performance__Pct":86.0215053763441}],"Prior_Avg_Cust_Service_Performance_Pct_Week":[{"Prior__Avg__Cust__Service__Performance__Pct":100}],"Prior_Orders_Filled_Week":[{"Prior__Orders__Filled":3703}],"Loads_Delivered":[{"Loads__Delivered":93}],"Cust_Service_Performance_Target_Pct_Week":[{"Cust__Service__Performance__Target__Pct":88}],"Customers_Served":[{"Customers__Served":18}],"Cust_Service_Trend_Pct_Week_Region":[{"Cust__Service__Trend__Pct":100,"Period":"2014-02-02"},{"Cust__Service__Trend__Pct":93.3333333333333,"Period":"2014-02-03"},{"Cust__Service__Trend__Pct":84.6153846153846,"Period":"2014-02-04"},{"Cust__Service__Trend__Pct":83.3333333333333,"Period":"2014-02-05"},{"Cust__Service__Trend__Pct":91.6666666666667,"Period":"2014-02-06"},{"Cust__Service__Trend__Pct":69.2307692307692,"Period":"2014-02-07"},{"Cust__Service__Trend__Pct":78.5714285714286,"Period":"2014-02-08"}],"Cust_Service_Performance_Pct_Week_Region":[{"Period":"2014-02-02","Cust__Service__Performance__Pct":100,"Location":"ON"},{"Period":"2014-02-03","Cust__Service__Performance__Pct":93.3333333333333,"Location":"ON"},{"Period":"2014-02-04","Cust__Service__Performance__Pct":84.6153846153846,"Location":"ON"},{"Period":"2014-02-05","Cust__Service__Performance__Pct":83.3333333333333,"Location":"ON"},{"Period":"2014-02-06","Cust__Service__Performance__Pct":91.6666666666667,"Location":"ON"},{"Period":"2014-02-07","Cust__Service__Performance__Pct":69.2307692307692,"Location":"ON"},{"Period":"2014-02-08","Cust__Service__Performance__Pct":78.5714285714286,"Location":"ON"}]}],"type":"J"}