{"message":"","count":0,"status":0,"data":[{"Orders_Filled":[{"Orders__Filled":841685}],"Prior_Avg_Cust_Service_Performance_Pct_Quarter":[{"Prior__Avg__Cust__Service__Performance__Pct":88.5558583106267}],"Avg_Cust_Service_Performance_Pct":[{"Avg__Cust__Service__Performance__Pct":86.9565217391304}],"Loads_Delivered":[{"Loads__Delivered":736}],"Cust_Service_Performance_Pct_Quarter_Country":[{"Period":"2013-W40","Cust__Service__Performance__Pct":84.2105263157895,"Location":"Western Canada"},{"Period":"2013-W40","Cust__Service__Performance__Pct":66.6666666666667,"Location":"Northern Canada"},{"Period":"2013-W40","Cust__Service__Performance__Pct":83.3333333333333,"Location":"Atlantic Canada"},{"Period":"2013-W40","Cust__Service__Performance__Pct":100,"Location":"Ontario"},{"Period":"2013-W40","Cust__Service__Performance__Pct":75,"Location":"Quebec"},{"Period":"2013-W41","Cust__Service__Performance__Pct":93.75,"Location":"Western Canada"},{"Period":"2013-W41","Cust__Service__Performance__Pct":78.5714285714286,"Location":"Northern Canada"},{"Period":"2013-W41","Cust__Service__Performance__Pct":94.1176470588235,"Location":"Atlantic Canada"},{"Period":"2013-W41","Cust__Service__Performance__Pct":66.6666666666667,"Location":"Ontario"},{"Period":"2013-W41","Cust__Service__Performance__Pct":100,"Location":"Quebec"},{"Period":"2013-W42","Cust__Service__Performance__Pct":88.2352941176471,"Location":"Western Canada"},{"Period":"2013-W42","Cust__Service__Performance__Pct":100,"Location":"Northern Canada"},{"Period":"2013-W42","Cust__Service__Performance__Pct":93.3333333333333,"Location":"Atlantic Canada"},{"Period":"2013-W42","Cust__Service__Performance__Pct":100,"Location":"Ontario"},{"Period":"2013-W42","Cust__Service__Performance__Pct":83.3333333333333,"Location":"Quebec"},{"Period":"2013-W43","Cust__Service__Performance__Pct":76.4705882352941,"Location":"Western Canada"},{"Period":"2013-W43","Cust__Service__Performance__Pct":91.6666666666667,"Location":"Northern Canada"},{"Period":"2013-W43","Cust__Service__Performance__Pct":95,"Location":"Atlantic Canada"},{"Period":"2013-W43","Cust__Service__Performance__Pct":75,"Location":"Ontario"},{"Period":"2013-W43","Cust__Service__Performance__Pct":100,"Location":"Quebec"},{"Period":"2013-W44","Cust__Service__Performance__Pct":90,"Location":"Western Canada"},{"Period":"2013-W44","Cust__Service__Performance__Pct":80,"Location":"Northern Canada"},{"Period":"2013-W44","Cust__Service__Performance__Pct":94.1176470588235,"Location":"Atlantic Canada"},{"Period":"2013-W44","Cust__Service__Performance__Pct":75,"Location":"Ontario"},{"Period":"2013-W44","Cust__Service__Performance__Pct":100,"Location":"Quebec"},{"Period":"2013-W45","Cust__Service__Performance__Pct":87.5,"Location":"Western Canada"},{"Period":"2013-W45","Cust__Service__Performance__Pct":91.6666666666667,"Location":"Northern Canada"},{"Period":"2013-W45","Cust__Service__Performance__Pct":88.2352941176471,"Location":"Atlantic Canada"},{"Period":"2013-W45","Cust__Service__Performance__Pct":100,"Location":"Ontario"},{"Period":"2013-W45","Cust__Service__Performance__Pct":100,"Location":"Quebec"},{"Period":"2013-W46","Cust__Service__Performance__Pct":87.5,"Location":"Western Canada"},{"Period":"2013-W46","Cust__Service__Performance__Pct":92.3076923076923,"Location":"Northern Canada"},{"Period":"2013-W46","Cust__Service__Performance__Pct":87.5,"Location":"Atlantic Canada"},{"Period":"2013-W46","Cust__Service__Performance__Pct":75,"Location":"Ontario"},{"Period":"2013-W46","Cust__Service__Performance__Pct":100,"Location":"Quebec"},{"Period":"2013-W47","Cust__Service__Performance__Pct":94.7368421052632,"Location":"Western Canada"},{"Period":"2013-W47","Cust__Service__Performance__Pct":92.3076923076923,"Location":"Northern Canada"},{"Period":"2013-W47","Cust__Service__Performance__Pct":77.7777777777778,"Location":"Atlantic Canada"},{"Period":"2013-W47","Cust__Service__Performance__Pct":100,"Location":"Ontario"},{"Period":"2013-W47","Cust__Service__Performance__Pct":100,"Location":"Quebec"},{"Period":"2013-W48","Cust__Service__Performance__Pct":88.8888888888889,"Location":"Western Canada"},{"Period":"2013-W48","Cust__Service__Performance__Pct":84.6153846153846,"Location":"Northern Canada"},{"Period":"2013-W48","Cust__Service__Performance__Pct":85,"Location":"Atlantic Canada"},{"Period":"2013-W48","Cust__Service__Performance__Pct":75,"Location":"Ontario"},{"Period":"2013-W48","Cust__Service__Performance__Pct":100,"Location":"Quebec"},{"Period":"2013-W49","Cust__Service__Performance__Pct":82.3529411764706,"Location":"Western Canada"},{"Period":"2013-W49","Cust__Service__Performance__Pct":76.9230769230769,"Location":"Northern Canada"},{"Period":"2013-W49","Cust__Service__Performance__Pct":87.5,"Location":"Atlantic Canada"},{"Period":"2013-W49","Cust__Service__Performance__Pct":66.6666666666667,"Location":"Ontario"},{"Period":"2013-W49","Cust__Service__Performance__Pct":100,"Location":"Quebec"},{"Period":"2013-W50","Cust__Service__Performance__Pct":87.5,"Location":"Western Canada"},{"Period":"2013-W50","Cust__Service__Performance__Pct":84.6153846153846,"Location":"Northern Canada"},{"Period":"2013-W50","Cust__Service__Performance__Pct":87.5,"Location":"Atlantic Canada"},{"Period":"2013-W50","Cust__Service__Performance__Pct":50,"Location":"Ontario"},{"Period":"2013-W50","Cust__Service__Performance__Pct":80,"Location":"Quebec"},{"Period":"2013-W51","Cust__Service__Performance__Pct":94.1176470588235,"Location":"Western Canada"},{"Period":"2013-W51","Cust__Service__Performance__Pct":92.3076923076923,"Location":"Northern Canada"},{"Period":"2013-W51","Cust__Service__Performance__Pct":88.8888888888889,"Location":"Atlantic Canada"},{"Period":"2013-W51","Cust__Service__Performance__Pct":75,"Location":"Ontario"},{"Period":"2013-W51","Cust__Service__Performance__Pct":83.3333333333333,"Location":"Quebec"},{"Period":"2013-W52","Cust__Service__Performance__Pct":84.2105263157895,"Location":"Western Canada"},{"Period":"2013-W52","Cust__Service__Performance__Pct":71.4285714285714,"Location":"Northern Canada"},{"Period":"2013-W52","Cust__Service__Performance__Pct":84.2105263157895,"Location":"Atlantic Canada"},{"Period":"2013-W52","Cust__Service__Performance__Pct":100,"Location":"Ontario"},{"Period":"2013-W52","Cust__Service__Performance__Pct":100,"Location":"Quebec"}],"Prior_Orders_Filled_Quarter":[{"Prior__Orders__Filled":862651}],"Cust_Service_Trend_Pct_Quarter_Country":[{"Cust__Service__Trend__Pct":81.0344827586207,"Period":"2013-W40"},{"Cust__Service__Trend__Pct":87.5,"Period":"2013-W41"},{"Cust__Service__Trend__Pct":92.5925925925926,"Period":"2013-W42"},{"Cust__Service__Trend__Pct":87.9310344827586,"Period":"2013-W43"},{"Cust__Service__Trend__Pct":88.135593220339,"Period":"2013-W44"},{"Cust__Service__Trend__Pct":90.7407407407407,"Period":"2013-W45"},{"Cust__Service__Trend__Pct":89.0909090909091,"Period":"2013-W46"},{"Cust__Service__Trend__Pct":89.6551724137931,"Period":"2013-W47"},{"Cust__Service__Trend__Pct":86.4406779661017,"Period":"2013-W48"},{"Cust__Service__Trend__Pct":81.8181818181818,"Period":"2013-W49"},{"Cust__Service__Trend__Pct":83.3333333333333,"Period":"2013-W50"},{"Cust__Service__Trend__Pct":89.6551724137931,"Period":"2013-W51"},{"Cust__Service__Trend__Pct":82.7586206896552,"Period":"2013-W52"}],"Customers_Served":[{"Customers__Served":18}],"Cust_Service_Performance_Target_Pct_Quarter":[{"Cust__Service__Performance__Target__Pct":92}]}],"type":"J"}