{"message":"","count":0,"status":0,"data":[{"Orders_Filled":[{"Orders__Filled":26590}],"Avg_Cust_Service_Performance_Pct":[{"Avg__Cust__Service__Performance__Pct":90.9090909090909}],"Prior_Avg_Cust_Service_Performance_Pct_Week":[{"Prior__Avg__Cust__Service__Performance__Pct":95.2380952380952}],"Prior_Orders_Filled_Week":[{"Prior__Orders__Filled":23793}],"Loads_Delivered":[{"Loads__Delivered":22}],"Cust_Service_Performance_Target_Pct_Week":[{"Cust__Service__Performance__Target__Pct":92}],"Customers_Served":[{"Customers__Served":14}],"Cust_Service_Trend_Pct_Week_Region":[{"Cust__Service__Trend__Pct":50,"Period":"2014-01-19"},{"Cust__Service__Trend__Pct":100,"Period":"2014-01-20"},{"Cust__Service__Trend__Pct":100,"Period":"2014-01-21"},{"Cust__Service__Trend__Pct":100,"Period":"2014-01-22"},{"Cust__Service__Trend__Pct":100,"Period":"2014-01-23"},{"Cust__Service__Trend__Pct":100,"Period":"2014-01-24"},{"Cust__Service__Trend__Pct":100,"Period":"2014-01-25"}],"Cust_Service_Performance_Pct_Week_Region":[{"Period":"2014-01-19","Cust__Service__Performance__Pct":0,"Location":"AG"},{"Period":"2014-01-19","Cust__Service__Performance__Pct":0,"Location":"DF"},{"Period":"2014-01-19","Cust__Service__Performance__Pct":100,"Location":"ZA"},{"Period":"2014-01-19","Cust__Service__Performance__Pct":100,"Location":"MX"},{"Period":"2014-01-20","Cust__Service__Performance__Pct":100,"Location":"MR"},{"Period":"2014-01-20","Cust__Service__Performance__Pct":100,"Location":"MX"},{"Period":"2014-01-21","Cust__Service__Performance__Pct":100,"Location":"AG"},{"Period":"2014-01-21","Cust__Service__Performance__Pct":100,"Location":"DF"},{"Period":"2014-01-21","Cust__Service__Performance__Pct":100,"Location":"ZA"},{"Period":"2014-01-22","Cust__Service__Performance__Pct":100,"Location":"AG"},{"Period":"2014-01-22","Cust__Service__Performance__Pct":100,"Location":"MR"},{"Period":"2014-01-22","Cust__Service__Performance__Pct":100,"Location":"MX"},{"Period":"2014-01-23","Cust__Service__Performance__Pct":100,"Location":"AG"},{"Period":"2014-01-23","Cust__Service__Performance__Pct":100,"Location":"DF"},{"Period":"2014-01-23","Cust__Service__Performance__Pct":100,"Location":"ZA"},{"Period":"2014-01-23","Cust__Service__Performance__Pct":100,"Location":"MX"},{"Period":"2014-01-24","Cust__Service__Performance__Pct":100,"Location":"AG"},{"Period":"2014-01-24","Cust__Service__Performance__Pct":100,"Location":"MR"},{"Period":"2014-01-24","Cust__Service__Performance__Pct":100,"Location":"MX"},{"Period":"2014-01-25","Cust__Service__Performance__Pct":100,"Location":"AG"},{"Period":"2014-01-25","Cust__Service__Performance__Pct":100,"Location":"DF"},{"Period":"2014-01-25","Cust__Service__Performance__Pct":100,"Location":"MX"}]}],"type":"J"}