{"message":"","count":0,"status":0,"data":[{"Cust_Service_Performance_Pct_Year_Region":[{"Period":"2013-M01","Cust__Service__Performance__Pct":94.4444444444444,"Location":"MC"},{"Period":"2013-M01","Cust__Service__Performance__Pct":94.4444444444444,"Location":"JA"},{"Period":"2013-M01","Cust__Service__Performance__Pct":76.4705882352941,"Location":"NA"},{"Period":"2013-M01","Cust__Service__Performance__Pct":100,"Location":"CL"},{"Period":"2013-M02","Cust__Service__Performance__Pct":90.4761904761905,"Location":"MC"},{"Period":"2013-M02","Cust__Service__Performance__Pct":81.8181818181818,"Location":"JA"},{"Period":"2013-M02","Cust__Service__Performance__Pct":82.6086956521739,"Location":"NA"},{"Period":"2013-M02","Cust__Service__Performance__Pct":95.4545454545455,"Location":"CL"},{"Period":"2013-M03","Cust__Service__Performance__Pct":88.2352941176471,"Location":"MC"},{"Period":"2013-M03","Cust__Service__Performance__Pct":94.1176470588235,"Location":"JA"},{"Period":"2013-M03","Cust__Service__Performance__Pct":88.2352941176471,"Location":"NA"},{"Period":"2013-M03","Cust__Service__Performance__Pct":77.7777777777778,"Location":"CL"},{"Period":"2013-M04","Cust__Service__Performance__Pct":88.8888888888889,"Location":"MC"},{"Period":"2013-M04","Cust__Service__Performance__Pct":76.4705882352941,"Location":"JA"},{"Period":"2013-M04","Cust__Service__Performance__Pct":94.4444444444444,"Location":"NA"},{"Period":"2013-M04","Cust__Service__Performance__Pct":82.3529411764706,"Location":"CL"},{"Period":"2013-M05","Cust__Service__Performance__Pct":90.4761904761905,"Location":"MC"},{"Period":"2013-M05","Cust__Service__Performance__Pct":82.6086956521739,"Location":"JA"},{"Period":"2013-M05","Cust__Service__Performance__Pct":85.7142857142857,"Location":"NA"},{"Period":"2013-M05","Cust__Service__Performance__Pct":90.4761904761905,"Location":"CL"},{"Period":"2013-M06","Cust__Service__Performance__Pct":88.2352941176471,"Location":"MC"},{"Period":"2013-M06","Cust__Service__Performance__Pct":82.3529411764706,"Location":"JA"},{"Period":"2013-M06","Cust__Service__Performance__Pct":100,"Location":"NA"},{"Period":"2013-M06","Cust__Service__Performance__Pct":100,"Location":"CL"},{"Period":"2013-M07","Cust__Service__Performance__Pct":88.8888888888889,"Location":"MC"},{"Period":"2013-M07","Cust__Service__Performance__Pct":88.2352941176471,"Location":"JA"},{"Period":"2013-M07","Cust__Service__Performance__Pct":88.8888888888889,"Location":"NA"},{"Period":"2013-M07","Cust__Service__Performance__Pct":94.1176470588235,"Location":"CL"},{"Period":"2013-M08","Cust__Service__Performance__Pct":85.7142857142857,"Location":"MC"},{"Period":"2013-M08","Cust__Service__Performance__Pct":95.6521739130435,"Location":"JA"},{"Period":"2013-M08","Cust__Service__Performance__Pct":95.2380952380952,"Location":"NA"},{"Period":"2013-M08","Cust__Service__Performance__Pct":80.9523809523809,"Location":"CL"},{"Period":"2013-M09","Cust__Service__Performance__Pct":100,"Location":"MC"},{"Period":"2013-M09","Cust__Service__Performance__Pct":94.4444444444444,"Location":"JA"},{"Period":"2013-M09","Cust__Service__Performance__Pct":94.1176470588235,"Location":"NA"},{"Period":"2013-M09","Cust__Service__Performance__Pct":72.2222222222222,"Location":"CL"},{"Period":"2013-M10","Cust__Service__Performance__Pct":94.1176470588235,"Location":"MC"},{"Period":"2013-M10","Cust__Service__Performance__Pct":82.3529411764706,"Location":"JA"},{"Period":"2013-M10","Cust__Service__Performance__Pct":88.8888888888889,"Location":"NA"},{"Period":"2013-M10","Cust__Service__Performance__Pct":76.4705882352941,"Location":"CL"},{"Period":"2013-M11","Cust__Service__Performance__Pct":91.304347826087,"Location":"MC"},{"Period":"2013-M11","Cust__Service__Performance__Pct":90.4761904761905,"Location":"JA"},{"Period":"2013-M11","Cust__Service__Performance__Pct":90.4761904761905,"Location":"NA"},{"Period":"2013-M11","Cust__Service__Performance__Pct":95.2380952380952,"Location":"CL"},{"Period":"2013-M12","Cust__Service__Performance__Pct":82.3529411764706,"Location":"MC"},{"Period":"2013-M12","Cust__Service__Performance__Pct":88.8888888888889,"Location":"JA"},{"Period":"2013-M12","Cust__Service__Performance__Pct":94.1176470588235,"Location":"NA"},{"Period":"2013-M12","Cust__Service__Performance__Pct":100,"Location":"CL"}],"Prior_Orders_Filled_Year":[{"Prior__Orders__Filled":1030232}],"Cust_Service_Trend_Pct_Year_Region":[{"Cust__Service__Trend__Pct":91.4285714285714,"Period":"2013-M01"},{"Cust__Service__Trend__Pct":87.5,"Period":"2013-M02"},{"Cust__Service__Trend__Pct":86.9565217391304,"Period":"2013-M03"},{"Cust__Service__Trend__Pct":85.7142857142857,"Period":"2013-M04"},{"Cust__Service__Trend__Pct":87.2093023255814,"Period":"2013-M05"},{"Cust__Service__Trend__Pct":92.7536231884058,"Period":"2013-M06"},{"Cust__Service__Trend__Pct":90,"Period":"2013-M07"},{"Cust__Service__Trend__Pct":89.5348837209302,"Period":"2013-M08"},{"Cust__Service__Trend__Pct":90,"Period":"2013-M09"},{"Cust__Service__Trend__Pct":85.5072463768116,"Period":"2013-M10"},{"Cust__Service__Trend__Pct":91.8604651162791,"Period":"2013-M11"},{"Cust__Service__Trend__Pct":91.4285714285714,"Period":"2013-M12"}],"Orders_Filled":[{"Orders__Filled":1055243}],"Avg_Cust_Service_Performance_Pct":[{"Avg__Cust__Service__Performance__Pct":89.1472868217054}],"Loads_Delivered":[{"Loads__Delivered":903}],"Prior_Avg_Cust_Service_Performance_Pct_Year":[{"Prior__Avg__Cust__Service__Performance__Pct":88.9250814332247}],"Customers_Served":[{"Customers__Served":18}],"Cust_Service_Performance_Target_Pct_Year":[{"Cust__Service__Performance__Target__Pct":91.25}]}],"type":"J"}