{"message":"","count":0,"status":0,"data":[{"Cust_Service_Performance_Pct_Quarter_Region":[{"Period":"2013-W01","Cust__Service__Performance__Pct":100,"Location":"ON"},{"Period":"2013-W02","Cust__Service__Performance__Pct":66.6666666666667,"Location":"ON"},{"Period":"2013-W03","Cust__Service__Performance__Pct":100,"Location":"ON"},{"Period":"2013-W04","Cust__Service__Performance__Pct":83.3333333333333,"Location":"ON"},{"Period":"2013-W05","Cust__Service__Performance__Pct":100,"Location":"ON"},{"Period":"2013-W06","Cust__Service__Performance__Pct":75,"Location":"ON"},{"Period":"2013-W07","Cust__Service__Performance__Pct":100,"Location":"ON"},{"Period":"2013-W08","Cust__Service__Performance__Pct":83.3333333333333,"Location":"ON"},{"Period":"2013-W09","Cust__Service__Performance__Pct":100,"Location":"ON"},{"Period":"2013-W10","Cust__Service__Performance__Pct":100,"Location":"ON"},{"Period":"2013-W11","Cust__Service__Performance__Pct":80,"Location":"ON"},{"Period":"2013-W12","Cust__Service__Performance__Pct":100,"Location":"ON"},{"Period":"2013-W13","Cust__Service__Performance__Pct":33.3333333333333,"Location":"ON"}],"Orders_Filled":[{"Orders__Filled":63397}],"Prior_Avg_Cust_Service_Performance_Pct_Quarter":[{"Prior__Avg__Cust__Service__Performance__Pct":88.7096774193548}],"Avg_Cust_Service_Performance_Pct":[{"Avg__Cust__Service__Performance__Pct":87.5}],"Cust_Service_Trend_Pct_Quarter_Region":[{"Cust__Service__Trend__Pct":100,"Period":"2013-W01"},{"Cust__Service__Trend__Pct":66.6666666666667,"Period":"2013-W02"},{"Cust__Service__Trend__Pct":100,"Period":"2013-W03"},{"Cust__Service__Trend__Pct":83.3333333333333,"Period":"2013-W04"},{"Cust__Service__Trend__Pct":100,"Period":"2013-W05"},{"Cust__Service__Trend__Pct":75,"Period":"2013-W06"},{"Cust__Service__Trend__Pct":100,"Period":"2013-W07"},{"Cust__Service__Trend__Pct":83.3333333333333,"Period":"2013-W08"},{"Cust__Service__Trend__Pct":100,"Period":"2013-W09"},{"Cust__Service__Trend__Pct":100,"Period":"2013-W10"},{"Cust__Service__Trend__Pct":80,"Period":"2013-W11"},{"Cust__Service__Trend__Pct":100,"Period":"2013-W12"},{"Cust__Service__Trend__Pct":33.3333333333333,"Period":"2013-W13"}],"Loads_Delivered":[{"Loads__Delivered":56}],"Prior_Orders_Filled_Quarter":[{"Prior__Orders__Filled":76321}],"Customers_Served":[{"Customers__Served":18}],"Cust_Service_Performance_Target_Pct_Quarter":[{"Cust__Service__Performance__Target__Pct":90}]}],"type":"J"}