{"message":"","count":0,"status":0,"data":[{"Orders_Filled":[{"Orders__Filled":73126}],"Avg_Cust_Service_Performance_Pct":[{"Avg__Cust__Service__Performance__Pct":87.6923076923077}],"Cust_Service_Performance_Pct_Month_Region":[{"Period":"2013-W44","Cust__Service__Performance__Pct":100,"Location":"HI"},{"Period":"2013-W44","Cust__Service__Performance__Pct":100,"Location":"VE"},{"Period":"2013-W44","Cust__Service__Performance__Pct":80,"Location":"PU"},{"Period":"2013-W45","Cust__Service__Performance__Pct":75,"Location":"HI"},{"Period":"2013-W45","Cust__Service__Performance__Pct":75,"Location":"VE"},{"Period":"2013-W45","Cust__Service__Performance__Pct":83.3333333333333,"Location":"PU"},{"Period":"2013-W46","Cust__Service__Performance__Pct":66.6666666666667,"Location":"HI"},{"Period":"2013-W46","Cust__Service__Performance__Pct":100,"Location":"VE"},{"Period":"2013-W46","Cust__Service__Performance__Pct":100,"Location":"PU"},{"Period":"2013-W47","Cust__Service__Performance__Pct":83.3333333333333,"Location":"HI"},{"Period":"2013-W47","Cust__Service__Performance__Pct":100,"Location":"VE"},{"Period":"2013-W47","Cust__Service__Performance__Pct":75,"Location":"PU"},{"Period":"2013-W48","Cust__Service__Performance__Pct":100,"Location":"HI"},{"Period":"2013-W48","Cust__Service__Performance__Pct":100,"Location":"VE"},{"Period":"2013-W48","Cust__Service__Performance__Pct":75,"Location":"PU"}],"Prior_Orders_Filled_Month":[{"Prior__Orders__Filled":62477}],"Cust_Service_Trend_Pct_Month_Region":[{"Cust__Service__Trend__Pct":92.3076923076923,"Period":"2013-W44"},{"Cust__Service__Trend__Pct":78.5714285714286,"Period":"2013-W45"},{"Cust__Service__Trend__Pct":91.6666666666667,"Period":"2013-W46"},{"Cust__Service__Trend__Pct":85.7142857142857,"Period":"2013-W47"},{"Cust__Service__Trend__Pct":91.6666666666667,"Period":"2013-W48"}],"Loads_Delivered":[{"Loads__Delivered":65}],"Cust_Service_Performance_Target_Pct_Month":[{"Cust__Service__Performance__Target__Pct":92}],"Customers_Served":[{"Customers__Served":18}],"Prior_Avg_Cust_Service_Performance_Pct_Month":[{"Prior__Avg__Cust__Service__Performance__Pct":88.4615384615385}]}],"type":"J"}