{"message":"","count":0,"status":0,"data":[{"Cust_Service_Performance_Pct_Quarter_Region":[{"Period":"2013-W01","Cust__Service__Performance__Pct":80,"Location":"MA"},{"Period":"2013-W01","Cust__Service__Performance__Pct":100,"Location":"VT"},{"Period":"2013-W01","Cust__Service__Performance__Pct":100,"Location":"NY"},{"Period":"2013-W01","Cust__Service__Performance__Pct":50,"Location":"ME"},{"Period":"2013-W01","Cust__Service__Performance__Pct":80,"Location":"NH"},{"Period":"2013-W02","Cust__Service__Performance__Pct":100,"Location":"MA"},{"Period":"2013-W02","Cust__Service__Performance__Pct":100,"Location":"VT"},{"Period":"2013-W02","Cust__Service__Performance__Pct":75,"Location":"NY"},{"Period":"2013-W02","Cust__Service__Performance__Pct":100,"Location":"ME"},{"Period":"2013-W02","Cust__Service__Performance__Pct":100,"Location":"NH"},{"Period":"2013-W03","Cust__Service__Performance__Pct":66.6666666666667,"Location":"MA"},{"Period":"2013-W03","Cust__Service__Performance__Pct":83.3333333333333,"Location":"VT"},{"Period":"2013-W03","Cust__Service__Performance__Pct":100,"Location":"NY"},{"Period":"2013-W03","Cust__Service__Performance__Pct":75,"Location":"ME"},{"Period":"2013-W03","Cust__Service__Performance__Pct":100,"Location":"NH"},{"Period":"2013-W04","Cust__Service__Performance__Pct":100,"Location":"MA"},{"Period":"2013-W04","Cust__Service__Performance__Pct":50,"Location":"VT"},{"Period":"2013-W04","Cust__Service__Performance__Pct":100,"Location":"NY"},{"Period":"2013-W04","Cust__Service__Performance__Pct":100,"Location":"ME"},{"Period":"2013-W04","Cust__Service__Performance__Pct":60,"Location":"NH"},{"Period":"2013-W05","Cust__Service__Performance__Pct":100,"Location":"MA"},{"Period":"2013-W05","Cust__Service__Performance__Pct":100,"Location":"VT"},{"Period":"2013-W05","Cust__Service__Performance__Pct":100,"Location":"NY"},{"Period":"2013-W05","Cust__Service__Performance__Pct":60,"Location":"ME"},{"Period":"2013-W05","Cust__Service__Performance__Pct":83.3333333333333,"Location":"NH"},{"Period":"2013-W06","Cust__Service__Performance__Pct":75,"Location":"MA"},{"Period":"2013-W06","Cust__Service__Performance__Pct":66.6666666666667,"Location":"VT"},{"Period":"2013-W06","Cust__Service__Performance__Pct":50,"Location":"NY"},{"Period":"2013-W06","Cust__Service__Performance__Pct":83.3333333333333,"Location":"ME"},{"Period":"2013-W06","Cust__Service__Performance__Pct":100,"Location":"NH"},{"Period":"2013-W07","Cust__Service__Performance__Pct":100,"Location":"MA"},{"Period":"2013-W07","Cust__Service__Performance__Pct":33.3333333333333,"Location":"VT"},{"Period":"2013-W07","Cust__Service__Performance__Pct":100,"Location":"NY"},{"Period":"2013-W07","Cust__Service__Performance__Pct":66.6666666666667,"Location":"ME"},{"Period":"2013-W07","Cust__Service__Performance__Pct":100,"Location":"NH"},{"Period":"2013-W08","Cust__Service__Performance__Pct":80,"Location":"MA"},{"Period":"2013-W08","Cust__Service__Performance__Pct":60,"Location":"VT"},{"Period":"2013-W08","Cust__Service__Performance__Pct":100,"Location":"NY"},{"Period":"2013-W08","Cust__Service__Performance__Pct":100,"Location":"ME"},{"Period":"2013-W08","Cust__Service__Performance__Pct":75,"Location":"NH"},{"Period":"2013-W09","Cust__Service__Performance__Pct":100,"Location":"MA"},{"Period":"2013-W09","Cust__Service__Performance__Pct":100,"Location":"VT"},{"Period":"2013-W09","Cust__Service__Performance__Pct":100,"Location":"NY"},{"Period":"2013-W09","Cust__Service__Performance__Pct":100,"Location":"ME"},{"Period":"2013-W09","Cust__Service__Performance__Pct":83.3333333333333,"Location":"NH"},{"Period":"2013-W10","Cust__Service__Performance__Pct":100,"Location":"MA"},{"Period":"2013-W10","Cust__Service__Performance__Pct":100,"Location":"VT"},{"Period":"2013-W10","Cust__Service__Performance__Pct":100,"Location":"NY"},{"Period":"2013-W10","Cust__Service__Performance__Pct":100,"Location":"ME"},{"Period":"2013-W10","Cust__Service__Performance__Pct":75,"Location":"NH"},{"Period":"2013-W11","Cust__Service__Performance__Pct":100,"Location":"MA"},{"Period":"2013-W11","Cust__Service__Performance__Pct":66.6666666666667,"Location":"VT"},{"Period":"2013-W11","Cust__Service__Performance__Pct":83.3333333333333,"Location":"NY"},{"Period":"2013-W11","Cust__Service__Performance__Pct":75,"Location":"ME"},{"Period":"2013-W11","Cust__Service__Performance__Pct":100,"Location":"NH"},{"Period":"2013-W12","Cust__Service__Performance__Pct":75,"Location":"MA"},{"Period":"2013-W12","Cust__Service__Performance__Pct":100,"Location":"VT"},{"Period":"2013-W12","Cust__Service__Performance__Pct":100,"Location":"NY"},{"Period":"2013-W12","Cust__Service__Performance__Pct":100,"Location":"ME"},{"Period":"2013-W12","Cust__Service__Performance__Pct":80,"Location":"NH"},{"Period":"2013-W13","Cust__Service__Performance__Pct":66.6666666666667,"Location":"MA"},{"Period":"2013-W13","Cust__Service__Performance__Pct":75,"Location":"VT"},{"Period":"2013-W13","Cust__Service__Performance__Pct":100,"Location":"NY"},{"Period":"2013-W13","Cust__Service__Performance__Pct":100,"Location":"ME"},{"Period":"2013-W13","Cust__Service__Performance__Pct":83.3333333333333,"Location":"NH"}],"Orders_Filled":[{"Orders__Filled":319229}],"Prior_Avg_Cust_Service_Performance_Pct_Quarter":[{"Prior__Avg__Cust__Service__Performance__Pct":87.9084967320261}],"Avg_Cust_Service_Performance_Pct":[{"Avg__Cust__Service__Performance__Pct":85.5123674911661}],"Cust_Service_Trend_Pct_Quarter_Region":[{"Cust__Service__Trend__Pct":80.9523809523809,"Period":"2013-W01"},{"Cust__Service__Trend__Pct":95.2380952380952,"Period":"2013-W02"},{"Cust__Service__Trend__Pct":86.3636363636364,"Period":"2013-W03"},{"Cust__Service__Trend__Pct":81.8181818181818,"Period":"2013-W04"},{"Cust__Service__Trend__Pct":86.9565217391304,"Period":"2013-W05"},{"Cust__Service__Trend__Pct":75,"Period":"2013-W06"},{"Cust__Service__Trend__Pct":77.2727272727273,"Period":"2013-W07"},{"Cust__Service__Trend__Pct":81.8181818181818,"Period":"2013-W08"},{"Cust__Service__Trend__Pct":95.6521739130435,"Period":"2013-W09"},{"Cust__Service__Trend__Pct":94.7368421052632,"Period":"2013-W10"},{"Cust__Service__Trend__Pct":82.6086956521739,"Period":"2013-W11"},{"Cust__Service__Trend__Pct":90.9090909090909,"Period":"2013-W12"},{"Cust__Service__Trend__Pct":82.6086956521739,"Period":"2013-W13"}],"Loads_Delivered":[{"Loads__Delivered":283}],"Prior_Orders_Filled_Quarter":[{"Prior__Orders__Filled":350511}],"Customers_Served":[{"Customers__Served":18}],"Cust_Service_Performance_Target_Pct_Quarter":[{"Cust__Service__Performance__Target__Pct":90}]}],"type":"J"}