{"message":"","count":0,"status":0,"data":[{"Cust_Service_Performance_Pct_Quarter_Region":[{"Period":"2013-W40","Cust__Service__Performance__Pct":83.3333333333333,"Location":"MC"},{"Period":"2013-W40","Cust__Service__Performance__Pct":66.6666666666667,"Location":"JA"},{"Period":"2013-W40","Cust__Service__Performance__Pct":75,"Location":"NA"},{"Period":"2013-W40","Cust__Service__Performance__Pct":100,"Location":"CL"},{"Period":"2013-W41","Cust__Service__Performance__Pct":100,"Location":"MC"},{"Period":"2013-W41","Cust__Service__Performance__Pct":100,"Location":"JA"},{"Period":"2013-W41","Cust__Service__Performance__Pct":100,"Location":"NA"},{"Period":"2013-W41","Cust__Service__Performance__Pct":60,"Location":"CL"},{"Period":"2013-W42","Cust__Service__Performance__Pct":100,"Location":"MC"},{"Period":"2013-W42","Cust__Service__Performance__Pct":75,"Location":"JA"},{"Period":"2013-W42","Cust__Service__Performance__Pct":83.3333333333333,"Location":"NA"},{"Period":"2013-W42","Cust__Service__Performance__Pct":100,"Location":"CL"},{"Period":"2013-W43","Cust__Service__Performance__Pct":100,"Location":"MC"},{"Period":"2013-W43","Cust__Service__Performance__Pct":83.3333333333333,"Location":"JA"},{"Period":"2013-W43","Cust__Service__Performance__Pct":100,"Location":"NA"},{"Period":"2013-W43","Cust__Service__Performance__Pct":33.3333333333333,"Location":"CL"},{"Period":"2013-W44","Cust__Service__Performance__Pct":100,"Location":"MC"},{"Period":"2013-W44","Cust__Service__Performance__Pct":75,"Location":"JA"},{"Period":"2013-W44","Cust__Service__Performance__Pct":100,"Location":"NA"},{"Period":"2013-W44","Cust__Service__Performance__Pct":100,"Location":"CL"},{"Period":"2013-W45","Cust__Service__Performance__Pct":80,"Location":"MC"},{"Period":"2013-W45","Cust__Service__Performance__Pct":100,"Location":"JA"},{"Period":"2013-W45","Cust__Service__Performance__Pct":100,"Location":"NA"},{"Period":"2013-W45","Cust__Service__Performance__Pct":100,"Location":"CL"},{"Period":"2013-W46","Cust__Service__Performance__Pct":75,"Location":"MC"},{"Period":"2013-W46","Cust__Service__Performance__Pct":100,"Location":"JA"},{"Period":"2013-W46","Cust__Service__Performance__Pct":66.6666666666667,"Location":"NA"},{"Period":"2013-W46","Cust__Service__Performance__Pct":100,"Location":"CL"},{"Period":"2013-W47","Cust__Service__Performance__Pct":100,"Location":"MC"},{"Period":"2013-W47","Cust__Service__Performance__Pct":83.3333333333333,"Location":"JA"},{"Period":"2013-W47","Cust__Service__Performance__Pct":100,"Location":"NA"},{"Period":"2013-W47","Cust__Service__Performance__Pct":75,"Location":"CL"},{"Period":"2013-W48","Cust__Service__Performance__Pct":100,"Location":"MC"},{"Period":"2013-W48","Cust__Service__Performance__Pct":100,"Location":"JA"},{"Period":"2013-W48","Cust__Service__Performance__Pct":100,"Location":"NA"},{"Period":"2013-W48","Cust__Service__Performance__Pct":100,"Location":"CL"},{"Period":"2013-W49","Cust__Service__Performance__Pct":66.6666666666667,"Location":"MC"},{"Period":"2013-W49","Cust__Service__Performance__Pct":75,"Location":"JA"},{"Period":"2013-W49","Cust__Service__Performance__Pct":100,"Location":"NA"},{"Period":"2013-W49","Cust__Service__Performance__Pct":100,"Location":"CL"},{"Period":"2013-W50","Cust__Service__Performance__Pct":100,"Location":"MC"},{"Period":"2013-W50","Cust__Service__Performance__Pct":100,"Location":"JA"},{"Period":"2013-W50","Cust__Service__Performance__Pct":100,"Location":"NA"},{"Period":"2013-W50","Cust__Service__Performance__Pct":100,"Location":"CL"},{"Period":"2013-W51","Cust__Service__Performance__Pct":75,"Location":"MC"},{"Period":"2013-W51","Cust__Service__Performance__Pct":100,"Location":"JA"},{"Period":"2013-W51","Cust__Service__Performance__Pct":75,"Location":"NA"},{"Period":"2013-W51","Cust__Service__Performance__Pct":100,"Location":"CL"},{"Period":"2013-W52","Cust__Service__Performance__Pct":100,"Location":"MC"},{"Period":"2013-W52","Cust__Service__Performance__Pct":80,"Location":"JA"},{"Period":"2013-W52","Cust__Service__Performance__Pct":100,"Location":"NA"},{"Period":"2013-W52","Cust__Service__Performance__Pct":100,"Location":"CL"}],"Orders_Filled":[{"Orders__Filled":267314}],"Prior_Avg_Cust_Service_Performance_Pct_Quarter":[{"Prior__Avg__Cust__Service__Performance__Pct":89.8230088495575}],"Avg_Cust_Service_Performance_Pct":[{"Avg__Cust__Service__Performance__Pct":89.7777777777778}],"Cust_Service_Trend_Pct_Quarter_Region":[{"Cust__Service__Trend__Pct":81.25,"Period":"2013-W40"},{"Cust__Service__Trend__Pct":88.8888888888889,"Period":"2013-W41"},{"Cust__Service__Trend__Pct":89.4736842105263,"Period":"2013-W42"},{"Cust__Service__Trend__Pct":81.25,"Period":"2013-W43"},{"Cust__Service__Trend__Pct":94.1176470588235,"Period":"2013-W44"},{"Cust__Service__Trend__Pct":94.1176470588235,"Period":"2013-W45"},{"Cust__Service__Trend__Pct":85,"Period":"2013-W46"},{"Cust__Service__Trend__Pct":87.5,"Period":"2013-W47"},{"Cust__Service__Trend__Pct":100,"Period":"2013-W48"},{"Cust__Service__Trend__Pct":84.2105263157895,"Period":"2013-W49"},{"Cust__Service__Trend__Pct":100,"Period":"2013-W50"},{"Cust__Service__Trend__Pct":88.2352941176471,"Period":"2013-W51"},{"Cust__Service__Trend__Pct":93.75,"Period":"2013-W52"}],"Loads_Delivered":[{"Loads__Delivered":225}],"Prior_Orders_Filled_Quarter":[{"Prior__Orders__Filled":257314}],"Customers_Served":[{"Customers__Served":18}],"Cust_Service_Performance_Target_Pct_Quarter":[{"Cust__Service__Performance__Target__Pct":92}]}],"type":"J"}