{"message":"","count":0,"status":0,"data":[{"Orders_Filled":[{"Orders__Filled":1359276}],"Prior_Avg_Cust_Service_Performance_Pct_Quarter":[{"Prior__Avg__Cust__Service__Performance__Pct":88.9637742207245}],"Avg_Cust_Service_Performance_Pct":[{"Avg__Cust__Service__Performance__Pct":89.1139240506329}],"Loads_Delivered":[{"Loads__Delivered":1185}],"Cust_Service_Performance_Pct_Quarter_Country":[{"Period":"2013-W40","Cust__Service__Performance__Pct":81.8181818181818,"Location":"Central"},{"Period":"2013-W40","Cust__Service__Performance__Pct":82.3529411764706,"Location":"Northern"},{"Period":"2013-W40","Cust__Service__Performance__Pct":81.25,"Location":"West"},{"Period":"2013-W40","Cust__Service__Performance__Pct":100,"Location":"South"},{"Period":"2013-W40","Cust__Service__Performance__Pct":69.2307692307692,"Location":"East"},{"Period":"2013-W41","Cust__Service__Performance__Pct":85.7142857142857,"Location":"Central"},{"Period":"2013-W41","Cust__Service__Performance__Pct":94.4444444444444,"Location":"Northern"},{"Period":"2013-W41","Cust__Service__Performance__Pct":88.8888888888889,"Location":"West"},{"Period":"2013-W41","Cust__Service__Performance__Pct":95.6521739130435,"Location":"South"},{"Period":"2013-W41","Cust__Service__Performance__Pct":92.3076923076923,"Location":"East"},{"Period":"2013-W42","Cust__Service__Performance__Pct":100,"Location":"Central"},{"Period":"2013-W42","Cust__Service__Performance__Pct":66.6666666666667,"Location":"Northern"},{"Period":"2013-W42","Cust__Service__Performance__Pct":89.4736842105263,"Location":"West"},{"Period":"2013-W42","Cust__Service__Performance__Pct":78.9473684210526,"Location":"South"},{"Period":"2013-W42","Cust__Service__Performance__Pct":92.8571428571429,"Location":"East"},{"Period":"2013-W43","Cust__Service__Performance__Pct":91.304347826087,"Location":"Central"},{"Period":"2013-W43","Cust__Service__Performance__Pct":88.2352941176471,"Location":"Northern"},{"Period":"2013-W43","Cust__Service__Performance__Pct":81.25,"Location":"West"},{"Period":"2013-W43","Cust__Service__Performance__Pct":91.304347826087,"Location":"South"},{"Period":"2013-W43","Cust__Service__Performance__Pct":100,"Location":"East"},{"Period":"2013-W44","Cust__Service__Performance__Pct":95.4545454545455,"Location":"Central"},{"Period":"2013-W44","Cust__Service__Performance__Pct":93.3333333333333,"Location":"Northern"},{"Period":"2013-W44","Cust__Service__Performance__Pct":94.1176470588235,"Location":"West"},{"Period":"2013-W44","Cust__Service__Performance__Pct":72.7272727272727,"Location":"South"},{"Period":"2013-W44","Cust__Service__Performance__Pct":92.3076923076923,"Location":"East"},{"Period":"2013-W45","Cust__Service__Performance__Pct":90.4761904761905,"Location":"Central"},{"Period":"2013-W45","Cust__Service__Performance__Pct":90,"Location":"Northern"},{"Period":"2013-W45","Cust__Service__Performance__Pct":94.1176470588235,"Location":"West"},{"Period":"2013-W45","Cust__Service__Performance__Pct":91.304347826087,"Location":"South"},{"Period":"2013-W45","Cust__Service__Performance__Pct":78.5714285714286,"Location":"East"},{"Period":"2013-W46","Cust__Service__Performance__Pct":90.9090909090909,"Location":"Central"},{"Period":"2013-W46","Cust__Service__Performance__Pct":94.1176470588235,"Location":"Northern"},{"Period":"2013-W46","Cust__Service__Performance__Pct":85,"Location":"West"},{"Period":"2013-W46","Cust__Service__Performance__Pct":100,"Location":"South"},{"Period":"2013-W46","Cust__Service__Performance__Pct":91.6666666666667,"Location":"East"},{"Period":"2013-W47","Cust__Service__Performance__Pct":100,"Location":"Central"},{"Period":"2013-W47","Cust__Service__Performance__Pct":88.2352941176471,"Location":"Northern"},{"Period":"2013-W47","Cust__Service__Performance__Pct":87.5,"Location":"West"},{"Period":"2013-W47","Cust__Service__Performance__Pct":86.3636363636364,"Location":"South"},{"Period":"2013-W47","Cust__Service__Performance__Pct":85.7142857142857,"Location":"East"},{"Period":"2013-W48","Cust__Service__Performance__Pct":91.304347826087,"Location":"Central"},{"Period":"2013-W48","Cust__Service__Performance__Pct":93.75,"Location":"Northern"},{"Period":"2013-W48","Cust__Service__Performance__Pct":100,"Location":"West"},{"Period":"2013-W48","Cust__Service__Performance__Pct":87.5,"Location":"South"},{"Period":"2013-W48","Cust__Service__Performance__Pct":91.6666666666667,"Location":"East"},{"Period":"2013-W49","Cust__Service__Performance__Pct":85.7142857142857,"Location":"Central"},{"Period":"2013-W49","Cust__Service__Performance__Pct":77.7777777777778,"Location":"Northern"},{"Period":"2013-W49","Cust__Service__Performance__Pct":84.2105263157895,"Location":"West"},{"Period":"2013-W49","Cust__Service__Performance__Pct":81.8181818181818,"Location":"South"},{"Period":"2013-W49","Cust__Service__Performance__Pct":84.6153846153846,"Location":"East"},{"Period":"2013-W50","Cust__Service__Performance__Pct":95.2380952380952,"Location":"Central"},{"Period":"2013-W50","Cust__Service__Performance__Pct":90,"Location":"Northern"},{"Period":"2013-W50","Cust__Service__Performance__Pct":100,"Location":"West"},{"Period":"2013-W50","Cust__Service__Performance__Pct":95,"Location":"South"},{"Period":"2013-W50","Cust__Service__Performance__Pct":76.9230769230769,"Location":"East"},{"Period":"2013-W51","Cust__Service__Performance__Pct":90.9090909090909,"Location":"Central"},{"Period":"2013-W51","Cust__Service__Performance__Pct":81.25,"Location":"Northern"},{"Period":"2013-W51","Cust__Service__Performance__Pct":88.2352941176471,"Location":"West"},{"Period":"2013-W51","Cust__Service__Performance__Pct":100,"Location":"South"},{"Period":"2013-W51","Cust__Service__Performance__Pct":84.6153846153846,"Location":"East"},{"Period":"2013-W52","Cust__Service__Performance__Pct":95.4545454545455,"Location":"Central"},{"Period":"2013-W52","Cust__Service__Performance__Pct":81.25,"Location":"Northern"},{"Period":"2013-W52","Cust__Service__Performance__Pct":93.75,"Location":"West"},{"Period":"2013-W52","Cust__Service__Performance__Pct":82.6086956521739,"Location":"South"},{"Period":"2013-W52","Cust__Service__Performance__Pct":92.8571428571429,"Location":"East"}],"Prior_Orders_Filled_Quarter":[{"Prior__Orders__Filled":1372638}],"Cust_Service_Trend_Pct_Quarter_Country":[{"Cust__Service__Trend__Pct":84.4444444444444,"Period":"2013-W40"},{"Cust__Service__Trend__Pct":91.3978494623656,"Period":"2013-W41"},{"Cust__Service__Trend__Pct":85.7142857142857,"Period":"2013-W42"},{"Cust__Service__Trend__Pct":90.1098901098901,"Period":"2013-W43"},{"Cust__Service__Trend__Pct":88.7640449438202,"Period":"2013-W44"},{"Cust__Service__Trend__Pct":89.4736842105263,"Period":"2013-W45"},{"Cust__Service__Trend__Pct":92.2222222222222,"Period":"2013-W46"},{"Cust__Service__Trend__Pct":90,"Period":"2013-W47"},{"Cust__Service__Trend__Pct":92.3076923076923,"Period":"2013-W48"},{"Cust__Service__Trend__Pct":82.7956989247312,"Period":"2013-W49"},{"Cust__Service__Trend__Pct":92.3913043478261,"Period":"2013-W50"},{"Cust__Service__Trend__Pct":89.8876404494382,"Period":"2013-W51"},{"Cust__Service__Trend__Pct":89.010989010989,"Period":"2013-W52"}],"Customers_Served":[{"Customers__Served":18}],"Cust_Service_Performance_Target_Pct_Quarter":[{"Cust__Service__Performance__Target__Pct":92}]}],"type":"J"}