{"message":"","count":0,"status":0,"data":[{"Orders_Filled":[{"Orders__Filled":61142}],"Avg_Cust_Service_Performance_Pct":[{"Avg__Cust__Service__Performance__Pct":81.1320754716981}],"Cust_Service_Performance_Pct_Month_Region":[{"Period":"2013-W49","Cust__Service__Performance__Pct":100,"Location":"NU"},{"Period":"2013-W49","Cust__Service__Performance__Pct":75,"Location":"YT"},{"Period":"2013-W49","Cust__Service__Performance__Pct":66.6666666666667,"Location":"NT"},{"Period":"2013-W50","Cust__Service__Performance__Pct":66.6666666666667,"Location":"NU"},{"Period":"2013-W50","Cust__Service__Performance__Pct":100,"Location":"YT"},{"Period":"2013-W50","Cust__Service__Performance__Pct":100,"Location":"NT"},{"Period":"2013-W51","Cust__Service__Performance__Pct":100,"Location":"NU"},{"Period":"2013-W51","Cust__Service__Performance__Pct":100,"Location":"YT"},{"Period":"2013-W51","Cust__Service__Performance__Pct":66.6666666666667,"Location":"NT"},{"Period":"2013-W52","Cust__Service__Performance__Pct":50,"Location":"NU"},{"Period":"2013-W52","Cust__Service__Performance__Pct":83.3333333333333,"Location":"YT"},{"Period":"2013-W52","Cust__Service__Performance__Pct":75,"Location":"NT"}],"Prior_Orders_Filled_Month":[{"Prior__Orders__Filled":75602}],"Cust_Service_Trend_Pct_Month_Region":[{"Cust__Service__Trend__Pct":76.9230769230769,"Period":"2013-W49"},{"Cust__Service__Trend__Pct":84.6153846153846,"Period":"2013-W50"},{"Cust__Service__Trend__Pct":92.3076923076923,"Period":"2013-W51"},{"Cust__Service__Trend__Pct":71.4285714285714,"Period":"2013-W52"}],"Loads_Delivered":[{"Loads__Delivered":53}],"Cust_Service_Performance_Target_Pct_Month":[{"Cust__Service__Performance__Target__Pct":92}],"Customers_Served":[{"Customers__Served":18}],"Prior_Avg_Cust_Service_Performance_Pct_Month":[{"Prior__Avg__Cust__Service__Performance__Pct":87.8787878787879}]}],"type":"J"}