{"message":"","count":0,"status":0,"data":[{"Orders_Filled":[{"Orders__Filled":21937}],"Avg_Cust_Service_Performance_Pct":[{"Avg__Cust__Service__Performance__Pct":88.2352941176471}],"Cust_Service_Performance_Pct_Month_Region":[{"Period":"2013-W49","Cust__Service__Performance__Pct":100,"Location":"QC"},{"Period":"2013-W50","Cust__Service__Performance__Pct":80,"Location":"QC"},{"Period":"2013-W51","Cust__Service__Performance__Pct":83.3333333333333,"Location":"QC"},{"Period":"2013-W52","Cust__Service__Performance__Pct":100,"Location":"QC"}],"Prior_Orders_Filled_Month":[{"Prior__Orders__Filled":26877}],"Cust_Service_Trend_Pct_Month_Region":[{"Cust__Service__Trend__Pct":100,"Period":"2013-W49"},{"Cust__Service__Trend__Pct":80,"Period":"2013-W50"},{"Cust__Service__Trend__Pct":83.3333333333333,"Period":"2013-W51"},{"Cust__Service__Trend__Pct":100,"Period":"2013-W52"}],"Loads_Delivered":[{"Loads__Delivered":17}],"Cust_Service_Performance_Target_Pct_Month":[{"Cust__Service__Performance__Target__Pct":92}],"Customers_Served":[{"Customers__Served":17}],"Prior_Avg_Cust_Service_Performance_Pct_Month":[{"Prior__Avg__Cust__Service__Performance__Pct":100}]}],"type":"J"}