{"message":"","count":0,"status":0,"data":[{"Orders_Filled":[{"Orders__Filled":1369635}],"Prior_Avg_Cust_Service_Performance_Pct_Quarter":[{"Prior__Avg__Cust__Service__Performance__Pct":87.578125}],"Avg_Cust_Service_Performance_Pct":[{"Avg__Cust__Service__Performance__Pct":90.2192242833052}],"Loads_Delivered":[{"Loads__Delivered":1186}],"Cust_Service_Performance_Pct_Quarter_Country":[{"Period":"2013-W01","Cust__Service__Performance__Pct":86.9565217391304,"Location":"Central"},{"Period":"2013-W01","Cust__Service__Performance__Pct":87.5,"Location":"Northern"},{"Period":"2013-W01","Cust__Service__Performance__Pct":88.8888888888889,"Location":"West"},{"Period":"2013-W01","Cust__Service__Performance__Pct":95.4545454545455,"Location":"South"},{"Period":"2013-W01","Cust__Service__Performance__Pct":91.6666666666667,"Location":"East"},{"Period":"2013-W02","Cust__Service__Performance__Pct":68.1818181818182,"Location":"Central"},{"Period":"2013-W02","Cust__Service__Performance__Pct":93.75,"Location":"Northern"},{"Period":"2013-W02","Cust__Service__Performance__Pct":100,"Location":"West"},{"Period":"2013-W02","Cust__Service__Performance__Pct":95.2380952380952,"Location":"South"},{"Period":"2013-W02","Cust__Service__Performance__Pct":100,"Location":"East"},{"Period":"2013-W03","Cust__Service__Performance__Pct":100,"Location":"Central"},{"Period":"2013-W03","Cust__Service__Performance__Pct":84.2105263157895,"Location":"Northern"},{"Period":"2013-W03","Cust__Service__Performance__Pct":93.3333333333333,"Location":"West"},{"Period":"2013-W03","Cust__Service__Performance__Pct":95.6521739130435,"Location":"South"},{"Period":"2013-W03","Cust__Service__Performance__Pct":84.6153846153846,"Location":"East"},{"Period":"2013-W04","Cust__Service__Performance__Pct":94.7368421052632,"Location":"Central"},{"Period":"2013-W04","Cust__Service__Performance__Pct":100,"Location":"Northern"},{"Period":"2013-W04","Cust__Service__Performance__Pct":85,"Location":"West"},{"Period":"2013-W04","Cust__Service__Performance__Pct":90.4761904761905,"Location":"South"},{"Period":"2013-W04","Cust__Service__Performance__Pct":100,"Location":"East"},{"Period":"2013-W05","Cust__Service__Performance__Pct":86.3636363636364,"Location":"Central"},{"Period":"2013-W05","Cust__Service__Performance__Pct":82.3529411764706,"Location":"Northern"},{"Period":"2013-W05","Cust__Service__Performance__Pct":88.2352941176471,"Location":"West"},{"Period":"2013-W05","Cust__Service__Performance__Pct":95.2380952380952,"Location":"South"},{"Period":"2013-W05","Cust__Service__Performance__Pct":86.6666666666667,"Location":"East"},{"Period":"2013-W06","Cust__Service__Performance__Pct":87.5,"Location":"Central"},{"Period":"2013-W06","Cust__Service__Performance__Pct":93.75,"Location":"Northern"},{"Period":"2013-W06","Cust__Service__Performance__Pct":88.2352941176471,"Location":"West"},{"Period":"2013-W06","Cust__Service__Performance__Pct":90.9090909090909,"Location":"South"},{"Period":"2013-W06","Cust__Service__Performance__Pct":91.6666666666667,"Location":"East"},{"Period":"2013-W07","Cust__Service__Performance__Pct":100,"Location":"Central"},{"Period":"2013-W07","Cust__Service__Performance__Pct":82.3529411764706,"Location":"Northern"},{"Period":"2013-W07","Cust__Service__Performance__Pct":81.25,"Location":"West"},{"Period":"2013-W07","Cust__Service__Performance__Pct":68.1818181818182,"Location":"South"},{"Period":"2013-W07","Cust__Service__Performance__Pct":84.6153846153846,"Location":"East"},{"Period":"2013-W08","Cust__Service__Performance__Pct":80,"Location":"Central"},{"Period":"2013-W08","Cust__Service__Performance__Pct":94.7368421052632,"Location":"Northern"},{"Period":"2013-W08","Cust__Service__Performance__Pct":94.4444444444444,"Location":"West"},{"Period":"2013-W08","Cust__Service__Performance__Pct":86.9565217391304,"Location":"South"},{"Period":"2013-W08","Cust__Service__Performance__Pct":84.6153846153846,"Location":"East"},{"Period":"2013-W09","Cust__Service__Performance__Pct":76.1904761904762,"Location":"Central"},{"Period":"2013-W09","Cust__Service__Performance__Pct":94.1176470588235,"Location":"Northern"},{"Period":"2013-W09","Cust__Service__Performance__Pct":85,"Location":"West"},{"Period":"2013-W09","Cust__Service__Performance__Pct":85,"Location":"South"},{"Period":"2013-W09","Cust__Service__Performance__Pct":100,"Location":"East"},{"Period":"2013-W10","Cust__Service__Performance__Pct":95.6521739130435,"Location":"Central"},{"Period":"2013-W10","Cust__Service__Performance__Pct":100,"Location":"Northern"},{"Period":"2013-W10","Cust__Service__Performance__Pct":81.25,"Location":"West"},{"Period":"2013-W10","Cust__Service__Performance__Pct":86.3636363636364,"Location":"South"},{"Period":"2013-W10","Cust__Service__Performance__Pct":100,"Location":"East"},{"Period":"2013-W11","Cust__Service__Performance__Pct":95.4545454545455,"Location":"Central"},{"Period":"2013-W11","Cust__Service__Performance__Pct":88.2352941176471,"Location":"Northern"},{"Period":"2013-W11","Cust__Service__Performance__Pct":93.75,"Location":"West"},{"Period":"2013-W11","Cust__Service__Performance__Pct":95.4545454545455,"Location":"South"},{"Period":"2013-W11","Cust__Service__Performance__Pct":100,"Location":"East"},{"Period":"2013-W12","Cust__Service__Performance__Pct":100,"Location":"Central"},{"Period":"2013-W12","Cust__Service__Performance__Pct":88.8888888888889,"Location":"Northern"},{"Period":"2013-W12","Cust__Service__Performance__Pct":83.3333333333333,"Location":"West"},{"Period":"2013-W12","Cust__Service__Performance__Pct":95.6521739130435,"Location":"South"},{"Period":"2013-W12","Cust__Service__Performance__Pct":92.3076923076923,"Location":"East"},{"Period":"2013-W13","Cust__Service__Performance__Pct":90.4761904761905,"Location":"Central"},{"Period":"2013-W13","Cust__Service__Performance__Pct":83.3333333333333,"Location":"Northern"},{"Period":"2013-W13","Cust__Service__Performance__Pct":89.4736842105263,"Location":"West"},{"Period":"2013-W13","Cust__Service__Performance__Pct":100,"Location":"South"},{"Period":"2013-W13","Cust__Service__Performance__Pct":92.8571428571429,"Location":"East"}],"Prior_Orders_Filled_Quarter":[{"Prior__Orders__Filled":1489063}],"Cust_Service_Trend_Pct_Quarter_Country":[{"Cust__Service__Trend__Pct":90.1098901098901,"Period":"2013-W01"},{"Cust__Service__Trend__Pct":90,"Period":"2013-W02"},{"Cust__Service__Trend__Pct":92.4731182795699,"Period":"2013-W03"},{"Cust__Service__Trend__Pct":93.3333333333333,"Period":"2013-W04"},{"Cust__Service__Trend__Pct":88.0434782608696,"Period":"2013-W05"},{"Cust__Service__Trend__Pct":90.1098901098901,"Period":"2013-W06"},{"Cust__Service__Trend__Pct":83.3333333333333,"Period":"2013-W07"},{"Cust__Service__Trend__Pct":88.1720430107527,"Period":"2013-W08"},{"Cust__Service__Trend__Pct":86.8131868131868,"Period":"2013-W09"},{"Cust__Service__Trend__Pct":92.3076923076923,"Period":"2013-W10"},{"Cust__Service__Trend__Pct":94.4444444444444,"Period":"2013-W11"},{"Cust__Service__Trend__Pct":92.4731182795699,"Period":"2013-W12"},{"Cust__Service__Trend__Pct":91.2087912087912,"Period":"2013-W13"}],"Customers_Served":[{"Customers__Served":18}],"Cust_Service_Performance_Target_Pct_Quarter":[{"Cust__Service__Performance__Target__Pct":90}]}],"type":"J"}