{"message":"","count":0,"status":0,"data":[{"Cust_Service_Performance_Pct_Year_Region":[{"Period":"2013-M01","Cust__Service__Performance__Pct":94.1176470588235,"Location":"HI"},{"Period":"2013-M01","Cust__Service__Performance__Pct":94.1176470588235,"Location":"VE"},{"Period":"2013-M01","Cust__Service__Performance__Pct":94.1176470588235,"Location":"PU"},{"Period":"2013-M02","Cust__Service__Performance__Pct":81.8181818181818,"Location":"HI"},{"Period":"2013-M02","Cust__Service__Performance__Pct":91.304347826087,"Location":"VE"},{"Period":"2013-M02","Cust__Service__Performance__Pct":95.2380952380952,"Location":"PU"},{"Period":"2013-M03","Cust__Service__Performance__Pct":100,"Location":"HI"},{"Period":"2013-M03","Cust__Service__Performance__Pct":88.8888888888889,"Location":"VE"},{"Period":"2013-M03","Cust__Service__Performance__Pct":100,"Location":"PU"},{"Period":"2013-M04","Cust__Service__Performance__Pct":100,"Location":"HI"},{"Period":"2013-M04","Cust__Service__Performance__Pct":88.2352941176471,"Location":"VE"},{"Period":"2013-M04","Cust__Service__Performance__Pct":100,"Location":"PU"},{"Period":"2013-M05","Cust__Service__Performance__Pct":82.6086956521739,"Location":"HI"},{"Period":"2013-M05","Cust__Service__Performance__Pct":95.2380952380952,"Location":"VE"},{"Period":"2013-M05","Cust__Service__Performance__Pct":85.7142857142857,"Location":"PU"},{"Period":"2013-M06","Cust__Service__Performance__Pct":88.2352941176471,"Location":"HI"},{"Period":"2013-M06","Cust__Service__Performance__Pct":88.8888888888889,"Location":"VE"},{"Period":"2013-M06","Cust__Service__Performance__Pct":77.7777777777778,"Location":"PU"},{"Period":"2013-M07","Cust__Service__Performance__Pct":64.7058823529412,"Location":"HI"},{"Period":"2013-M07","Cust__Service__Performance__Pct":88.2352941176471,"Location":"VE"},{"Period":"2013-M07","Cust__Service__Performance__Pct":94.1176470588235,"Location":"PU"},{"Period":"2013-M08","Cust__Service__Performance__Pct":83.3333333333333,"Location":"HI"},{"Period":"2013-M08","Cust__Service__Performance__Pct":76.1904761904762,"Location":"VE"},{"Period":"2013-M08","Cust__Service__Performance__Pct":80.9523809523809,"Location":"PU"},{"Period":"2013-M09","Cust__Service__Performance__Pct":100,"Location":"HI"},{"Period":"2013-M09","Cust__Service__Performance__Pct":88.8888888888889,"Location":"VE"},{"Period":"2013-M09","Cust__Service__Performance__Pct":94.1176470588235,"Location":"PU"},{"Period":"2013-M10","Cust__Service__Performance__Pct":100,"Location":"HI"},{"Period":"2013-M10","Cust__Service__Performance__Pct":82.3529411764706,"Location":"VE"},{"Period":"2013-M10","Cust__Service__Performance__Pct":83.3333333333333,"Location":"PU"},{"Period":"2013-M11","Cust__Service__Performance__Pct":86.3636363636364,"Location":"HI"},{"Period":"2013-M11","Cust__Service__Performance__Pct":95.2380952380952,"Location":"VE"},{"Period":"2013-M11","Cust__Service__Performance__Pct":81.8181818181818,"Location":"PU"},{"Period":"2013-M12","Cust__Service__Performance__Pct":76.4705882352941,"Location":"HI"},{"Period":"2013-M12","Cust__Service__Performance__Pct":83.3333333333333,"Location":"VE"},{"Period":"2013-M12","Cust__Service__Performance__Pct":94.4444444444444,"Location":"PU"}],"Prior_Orders_Filled_Year":[{"Prior__Orders__Filled":793177}],"Cust_Service_Trend_Pct_Year_Region":[{"Cust__Service__Trend__Pct":94.1176470588235,"Period":"2013-M01"},{"Cust__Service__Trend__Pct":89.3939393939394,"Period":"2013-M02"},{"Cust__Service__Trend__Pct":96.2264150943396,"Period":"2013-M03"},{"Cust__Service__Trend__Pct":96.078431372549,"Period":"2013-M04"},{"Cust__Service__Trend__Pct":87.6923076923077,"Period":"2013-M05"},{"Cust__Service__Trend__Pct":84.9056603773585,"Period":"2013-M06"},{"Cust__Service__Trend__Pct":82.3529411764706,"Period":"2013-M07"},{"Cust__Service__Trend__Pct":80.3030303030303,"Period":"2013-M08"},{"Cust__Service__Trend__Pct":94.2307692307692,"Period":"2013-M09"},{"Cust__Service__Trend__Pct":88.4615384615385,"Period":"2013-M10"},{"Cust__Service__Trend__Pct":87.6923076923077,"Period":"2013-M11"},{"Cust__Service__Trend__Pct":84.9056603773585,"Period":"2013-M12"}],"Orders_Filled":[{"Orders__Filled":783946}],"Avg_Cust_Service_Performance_Pct":[{"Avg__Cust__Service__Performance__Pct":88.6430678466077}],"Loads_Delivered":[{"Loads__Delivered":678}],"Prior_Avg_Cust_Service_Performance_Pct_Year":[{"Prior__Avg__Cust__Service__Performance__Pct":88.695652173913}],"Customers_Served":[{"Customers__Served":18}],"Cust_Service_Performance_Target_Pct_Year":[{"Cust__Service__Performance__Target__Pct":91.25}]}],"type":"J"}