{"message":"","count":0,"status":0,"data":[{"Orders_Filled":[{"Orders__Filled":498067}],"Avg_Cust_Service_Performance_Pct":[{"Avg__Cust__Service__Performance__Pct":89.2561983471074}],"Prior_Avg_Cust_Service_Performance_Pct_Week":[{"Prior__Avg__Cust__Service__Performance__Pct":84.2105263157895}],"Prior_Orders_Filled_Week":[{"Prior__Orders__Filled":19508}],"Loads_Delivered":[{"Loads__Delivered":363}],"Cust_Service_Performance_Target_Pct_Week":[{"Cust__Service__Performance__Target__Pct":88}],"Customers_Served":[{"Customers__Served":18}],"Cust_Service_Trend_Pct_Week_Region":[{"Cust__Service__Trend__Pct":84.3137254901961,"Period":"2014-02-02"},{"Cust__Service__Trend__Pct":98.0769230769231,"Period":"2014-02-03"},{"Cust__Service__Trend__Pct":90.3846153846154,"Period":"2014-02-04"},{"Cust__Service__Trend__Pct":90.7407407407407,"Period":"2014-02-05"},{"Cust__Service__Trend__Pct":90.1960784313726,"Period":"2014-02-06"},{"Cust__Service__Trend__Pct":84.9056603773585,"Period":"2014-02-07"},{"Cust__Service__Trend__Pct":86,"Period":"2014-02-08"}],"Cust_Service_Performance_Pct_Week_Region":[{"Period":"2014-02-02","Cust__Service__Performance__Pct":85.7142857142857,"Location":"BC"},{"Period":"2014-02-02","Cust__Service__Performance__Pct":100,"Location":"MB"},{"Period":"2014-02-02","Cust__Service__Performance__Pct":66.6666666666667,"Location":"AB"},{"Period":"2014-02-02","Cust__Service__Performance__Pct":83.3333333333333,"Location":"SK"},{"Period":"2014-02-03","Cust__Service__Performance__Pct":100,"Location":"BC"},{"Period":"2014-02-03","Cust__Service__Performance__Pct":100,"Location":"MB"},{"Period":"2014-02-03","Cust__Service__Performance__Pct":100,"Location":"AB"},{"Period":"2014-02-03","Cust__Service__Performance__Pct":92.3076923076923,"Location":"SK"},{"Period":"2014-02-04","Cust__Service__Performance__Pct":92.8571428571429,"Location":"BC"},{"Period":"2014-02-04","Cust__Service__Performance__Pct":100,"Location":"MB"},{"Period":"2014-02-04","Cust__Service__Performance__Pct":92.8571428571429,"Location":"AB"},{"Period":"2014-02-04","Cust__Service__Performance__Pct":76.9230769230769,"Location":"SK"},{"Period":"2014-02-05","Cust__Service__Performance__Pct":84.6153846153846,"Location":"BC"},{"Period":"2014-02-05","Cust__Service__Performance__Pct":83.3333333333333,"Location":"MB"},{"Period":"2014-02-05","Cust__Service__Performance__Pct":92.8571428571429,"Location":"AB"},{"Period":"2014-02-05","Cust__Service__Performance__Pct":100,"Location":"SK"},{"Period":"2014-02-06","Cust__Service__Performance__Pct":90.9090909090909,"Location":"BC"},{"Period":"2014-02-06","Cust__Service__Performance__Pct":100,"Location":"MB"},{"Period":"2014-02-06","Cust__Service__Performance__Pct":78.5714285714286,"Location":"AB"},{"Period":"2014-02-06","Cust__Service__Performance__Pct":92.3076923076923,"Location":"SK"},{"Period":"2014-02-07","Cust__Service__Performance__Pct":91.6666666666667,"Location":"BC"},{"Period":"2014-02-07","Cust__Service__Performance__Pct":92.8571428571429,"Location":"MB"},{"Period":"2014-02-07","Cust__Service__Performance__Pct":84.6153846153846,"Location":"AB"},{"Period":"2014-02-07","Cust__Service__Performance__Pct":71.4285714285714,"Location":"SK"},{"Period":"2014-02-08","Cust__Service__Performance__Pct":84.6153846153846,"Location":"BC"},{"Period":"2014-02-08","Cust__Service__Performance__Pct":92.3076923076923,"Location":"MB"},{"Period":"2014-02-08","Cust__Service__Performance__Pct":83.3333333333333,"Location":"AB"},{"Period":"2014-02-08","Cust__Service__Performance__Pct":83.3333333333333,"Location":"SK"}]}],"type":"J"}