{"message":"","count":0,"status":0,"data":[{"Cust_Service_Performance_Pct_Week_Country":[{"Period":"2014-01-26","Cust__Service__Performance__Pct":100,"Location":"Central"},{"Period":"2014-01-26","Cust__Service__Performance__Pct":100,"Location":"Northern"},{"Period":"2014-01-26","Cust__Service__Performance__Pct":100,"Location":"West"},{"Period":"2014-01-26","Cust__Service__Performance__Pct":66.6666666666667,"Location":"South"},{"Period":"2014-01-26","Cust__Service__Performance__Pct":100,"Location":"East"},{"Period":"2014-01-27","Cust__Service__Performance__Pct":100,"Location":"Central"},{"Period":"2014-01-27","Cust__Service__Performance__Pct":100,"Location":"Northern"},{"Period":"2014-01-27","Cust__Service__Performance__Pct":50,"Location":"West"},{"Period":"2014-01-27","Cust__Service__Performance__Pct":100,"Location":"South"},{"Period":"2014-01-27","Cust__Service__Performance__Pct":0,"Location":"East"},{"Period":"2014-01-28","Cust__Service__Performance__Pct":100,"Location":"Central"},{"Period":"2014-01-28","Cust__Service__Performance__Pct":0,"Location":"Northern"},{"Period":"2014-01-28","Cust__Service__Performance__Pct":100,"Location":"West"},{"Period":"2014-01-28","Cust__Service__Performance__Pct":66.6666666666667,"Location":"South"},{"Period":"2014-01-28","Cust__Service__Performance__Pct":100,"Location":"East"},{"Period":"2014-01-29","Cust__Service__Performance__Pct":100,"Location":"Central"},{"Period":"2014-01-29","Cust__Service__Performance__Pct":100,"Location":"Northern"},{"Period":"2014-01-29","Cust__Service__Performance__Pct":100,"Location":"West"},{"Period":"2014-01-29","Cust__Service__Performance__Pct":100,"Location":"South"},{"Period":"2014-01-29","Cust__Service__Performance__Pct":100,"Location":"East"},{"Period":"2014-01-30","Cust__Service__Performance__Pct":100,"Location":"Central"},{"Period":"2014-01-30","Cust__Service__Performance__Pct":100,"Location":"Northern"},{"Period":"2014-01-30","Cust__Service__Performance__Pct":100,"Location":"West"},{"Period":"2014-01-30","Cust__Service__Performance__Pct":100,"Location":"South"},{"Period":"2014-01-30","Cust__Service__Performance__Pct":100,"Location":"East"},{"Period":"2014-01-31","Cust__Service__Performance__Pct":100,"Location":"Central"},{"Period":"2014-01-31","Cust__Service__Performance__Pct":66.6666666666667,"Location":"Northern"},{"Period":"2014-01-31","Cust__Service__Performance__Pct":100,"Location":"West"},{"Period":"2014-01-31","Cust__Service__Performance__Pct":100,"Location":"South"},{"Period":"2014-01-31","Cust__Service__Performance__Pct":100,"Location":"East"},{"Period":"2014-02-01","Cust__Service__Performance__Pct":66.6666666666667,"Location":"Central"},{"Period":"2014-02-01","Cust__Service__Performance__Pct":100,"Location":"Northern"},{"Period":"2014-02-01","Cust__Service__Performance__Pct":100,"Location":"West"},{"Period":"2014-02-01","Cust__Service__Performance__Pct":33.3333333333333,"Location":"South"},{"Period":"2014-02-01","Cust__Service__Performance__Pct":100,"Location":"East"}],"Orders_Filled":[{"Orders__Filled":103845}],"Avg_Cust_Service_Performance_Pct":[{"Avg__Cust__Service__Performance__Pct":89.010989010989}],"Prior_Avg_Cust_Service_Performance_Pct_Week":[{"Prior__Avg__Cust__Service__Performance__Pct":89.8876404494382}],"Prior_Orders_Filled_Week":[{"Prior__Orders__Filled":105710}],"Cust_Service_Trend_Pct_Week_Country":[{"Cust__Service__Trend__Pct":92.3076923076923,"Period":"2014-01-26"},{"Cust__Service__Trend__Pct":85.7142857142857,"Period":"2014-01-27"},{"Cust__Service__Trend__Pct":76.9230769230769,"Period":"2014-01-28"},{"Cust__Service__Trend__Pct":100,"Period":"2014-01-29"},{"Cust__Service__Trend__Pct":100,"Period":"2014-01-30"},{"Cust__Service__Trend__Pct":92.8571428571429,"Period":"2014-01-31"},{"Cust__Service__Trend__Pct":75,"Period":"2014-02-01"}],"Loads_Delivered":[{"Loads__Delivered":91}],"Cust_Service_Performance_Target_Pct_Week":[{"Cust__Service__Performance__Target__Pct":92}],"Customers_Served":[{"Customers__Served":18}]}],"type":"J"}