{"message":"","count":0,"status":0,"data":[{"Cust_Service_Performance_Pct_Quarter_Region":[{"Period":"2013-W40","Cust__Service__Performance__Pct":75,"Location":"QC"},{"Period":"2013-W41","Cust__Service__Performance__Pct":100,"Location":"QC"},{"Period":"2013-W42","Cust__Service__Performance__Pct":83.3333333333333,"Location":"QC"},{"Period":"2013-W43","Cust__Service__Performance__Pct":100,"Location":"QC"},{"Period":"2013-W44","Cust__Service__Performance__Pct":100,"Location":"QC"},{"Period":"2013-W45","Cust__Service__Performance__Pct":100,"Location":"QC"},{"Period":"2013-W46","Cust__Service__Performance__Pct":100,"Location":"QC"},{"Period":"2013-W47","Cust__Service__Performance__Pct":100,"Location":"QC"},{"Period":"2013-W48","Cust__Service__Performance__Pct":100,"Location":"QC"},{"Period":"2013-W49","Cust__Service__Performance__Pct":100,"Location":"QC"},{"Period":"2013-W50","Cust__Service__Performance__Pct":80,"Location":"QC"},{"Period":"2013-W51","Cust__Service__Performance__Pct":83.3333333333333,"Location":"QC"},{"Period":"2013-W52","Cust__Service__Performance__Pct":100,"Location":"QC"}],"Orders_Filled":[{"Orders__Filled":72317}],"Prior_Avg_Cust_Service_Performance_Pct_Quarter":[{"Prior__Avg__Cust__Service__Performance__Pct":80.3571428571429}],"Avg_Cust_Service_Performance_Pct":[{"Avg__Cust__Service__Performance__Pct":92.8571428571429}],"Cust_Service_Trend_Pct_Quarter_Region":[{"Cust__Service__Trend__Pct":75,"Period":"2013-W40"},{"Cust__Service__Trend__Pct":100,"Period":"2013-W41"},{"Cust__Service__Trend__Pct":83.3333333333333,"Period":"2013-W42"},{"Cust__Service__Trend__Pct":100,"Period":"2013-W43"},{"Cust__Service__Trend__Pct":100,"Period":"2013-W44"},{"Cust__Service__Trend__Pct":100,"Period":"2013-W45"},{"Cust__Service__Trend__Pct":100,"Period":"2013-W46"},{"Cust__Service__Trend__Pct":100,"Period":"2013-W47"},{"Cust__Service__Trend__Pct":100,"Period":"2013-W48"},{"Cust__Service__Trend__Pct":100,"Period":"2013-W49"},{"Cust__Service__Trend__Pct":80,"Period":"2013-W50"},{"Cust__Service__Trend__Pct":83.3333333333333,"Period":"2013-W51"},{"Cust__Service__Trend__Pct":100,"Period":"2013-W52"}],"Loads_Delivered":[{"Loads__Delivered":56}],"Prior_Orders_Filled_Quarter":[{"Prior__Orders__Filled":65762}],"Customers_Served":[{"Customers__Served":18}],"Cust_Service_Performance_Target_Pct_Quarter":[{"Cust__Service__Performance__Target__Pct":92}]}],"type":"J"}