{"message":"","count":0,"status":0,"data":[{"Orders_Filled":[{"Orders__Filled":261267}],"Avg_Cust_Service_Performance_Pct":[{"Avg__Cust__Service__Performance__Pct":87.1681415929204}],"Prior_Orders_Filled_Month":[{"Prior__Orders__Filled":271275}],"Loads_Delivered":[{"Loads__Delivered":226}],"Cust_Service_Performance_Pct_Month_Country":[{"Period":"2013-W40","Cust__Service__Performance__Pct":84.2105263157895,"Location":"Western Canada"},{"Period":"2013-W40","Cust__Service__Performance__Pct":66.6666666666667,"Location":"Northern Canada"},{"Period":"2013-W40","Cust__Service__Performance__Pct":83.3333333333333,"Location":"Atlantic Canada"},{"Period":"2013-W40","Cust__Service__Performance__Pct":100,"Location":"Ontario"},{"Period":"2013-W40","Cust__Service__Performance__Pct":75,"Location":"Quebec"},{"Period":"2013-W41","Cust__Service__Performance__Pct":93.75,"Location":"Western Canada"},{"Period":"2013-W41","Cust__Service__Performance__Pct":78.5714285714286,"Location":"Northern Canada"},{"Period":"2013-W41","Cust__Service__Performance__Pct":94.1176470588235,"Location":"Atlantic Canada"},{"Period":"2013-W41","Cust__Service__Performance__Pct":66.6666666666667,"Location":"Ontario"},{"Period":"2013-W41","Cust__Service__Performance__Pct":100,"Location":"Quebec"},{"Period":"2013-W42","Cust__Service__Performance__Pct":88.2352941176471,"Location":"Western Canada"},{"Period":"2013-W42","Cust__Service__Performance__Pct":100,"Location":"Northern Canada"},{"Period":"2013-W42","Cust__Service__Performance__Pct":93.3333333333333,"Location":"Atlantic Canada"},{"Period":"2013-W42","Cust__Service__Performance__Pct":100,"Location":"Ontario"},{"Period":"2013-W42","Cust__Service__Performance__Pct":83.3333333333333,"Location":"Quebec"},{"Period":"2013-W43","Cust__Service__Performance__Pct":76.4705882352941,"Location":"Western Canada"},{"Period":"2013-W43","Cust__Service__Performance__Pct":91.6666666666667,"Location":"Northern Canada"},{"Period":"2013-W43","Cust__Service__Performance__Pct":95,"Location":"Atlantic Canada"},{"Period":"2013-W43","Cust__Service__Performance__Pct":75,"Location":"Ontario"},{"Period":"2013-W43","Cust__Service__Performance__Pct":100,"Location":"Quebec"}],"Cust_Service_Performance_Target_Pct_Month":[{"Cust__Service__Performance__Target__Pct":92}],"Customers_Served":[{"Customers__Served":18}],"Cust_Service_Trend_Pct_Month_Country":[{"Cust__Service__Trend__Pct":81.0344827586207,"Period":"2013-W40"},{"Cust__Service__Trend__Pct":87.5,"Period":"2013-W41"},{"Cust__Service__Trend__Pct":92.5925925925926,"Period":"2013-W42"},{"Cust__Service__Trend__Pct":87.9310344827586,"Period":"2013-W43"}],"Prior_Avg_Cust_Service_Performance_Pct_Month":[{"Prior__Avg__Cust__Service__Performance__Pct":88.0530973451327}]}],"type":"J"}