{"message":"","count":0,"status":0,"data":[{"Cust_Service_Performance_Pct_Quarter_Region":[{"Period":"2013-W27","Cust__Service__Performance__Pct":100,"Location":"PE"},{"Period":"2013-W27","Cust__Service__Performance__Pct":100,"Location":"NB"},{"Period":"2013-W27","Cust__Service__Performance__Pct":100,"Location":"NL"},{"Period":"2013-W27","Cust__Service__Performance__Pct":75,"Location":"NS"},{"Period":"2013-W28","Cust__Service__Performance__Pct":66.6666666666667,"Location":"PE"},{"Period":"2013-W28","Cust__Service__Performance__Pct":100,"Location":"NB"},{"Period":"2013-W28","Cust__Service__Performance__Pct":83.3333333333333,"Location":"NL"},{"Period":"2013-W28","Cust__Service__Performance__Pct":100,"Location":"NS"},{"Period":"2013-W29","Cust__Service__Performance__Pct":100,"Location":"PE"},{"Period":"2013-W29","Cust__Service__Performance__Pct":100,"Location":"NB"},{"Period":"2013-W29","Cust__Service__Performance__Pct":100,"Location":"NL"},{"Period":"2013-W29","Cust__Service__Performance__Pct":100,"Location":"NS"},{"Period":"2013-W30","Cust__Service__Performance__Pct":75,"Location":"PE"},{"Period":"2013-W30","Cust__Service__Performance__Pct":100,"Location":"NB"},{"Period":"2013-W30","Cust__Service__Performance__Pct":100,"Location":"NL"},{"Period":"2013-W30","Cust__Service__Performance__Pct":83.3333333333333,"Location":"NS"},{"Period":"2013-W31","Cust__Service__Performance__Pct":83.3333333333333,"Location":"PE"},{"Period":"2013-W31","Cust__Service__Performance__Pct":83.3333333333333,"Location":"NB"},{"Period":"2013-W31","Cust__Service__Performance__Pct":100,"Location":"NL"},{"Period":"2013-W31","Cust__Service__Performance__Pct":100,"Location":"NS"},{"Period":"2013-W32","Cust__Service__Performance__Pct":75,"Location":"PE"},{"Period":"2013-W32","Cust__Service__Performance__Pct":33.3333333333333,"Location":"NB"},{"Period":"2013-W32","Cust__Service__Performance__Pct":100,"Location":"NL"},{"Period":"2013-W32","Cust__Service__Performance__Pct":75,"Location":"NS"},{"Period":"2013-W33","Cust__Service__Performance__Pct":100,"Location":"PE"},{"Period":"2013-W33","Cust__Service__Performance__Pct":100,"Location":"NB"},{"Period":"2013-W33","Cust__Service__Performance__Pct":100,"Location":"NL"},{"Period":"2013-W33","Cust__Service__Performance__Pct":75,"Location":"NS"},{"Period":"2013-W34","Cust__Service__Performance__Pct":100,"Location":"PE"},{"Period":"2013-W34","Cust__Service__Performance__Pct":100,"Location":"NB"},{"Period":"2013-W34","Cust__Service__Performance__Pct":66.6666666666667,"Location":"NL"},{"Period":"2013-W34","Cust__Service__Performance__Pct":83.3333333333333,"Location":"NS"},{"Period":"2013-W35","Cust__Service__Performance__Pct":83.3333333333333,"Location":"PE"},{"Period":"2013-W35","Cust__Service__Performance__Pct":100,"Location":"NB"},{"Period":"2013-W35","Cust__Service__Performance__Pct":100,"Location":"NL"},{"Period":"2013-W35","Cust__Service__Performance__Pct":50,"Location":"NS"},{"Period":"2013-W36","Cust__Service__Performance__Pct":100,"Location":"PE"},{"Period":"2013-W36","Cust__Service__Performance__Pct":100,"Location":"NB"},{"Period":"2013-W36","Cust__Service__Performance__Pct":50,"Location":"NL"},{"Period":"2013-W36","Cust__Service__Performance__Pct":66.6666666666667,"Location":"NS"},{"Period":"2013-W37","Cust__Service__Performance__Pct":100,"Location":"PE"},{"Period":"2013-W37","Cust__Service__Performance__Pct":100,"Location":"NB"},{"Period":"2013-W37","Cust__Service__Performance__Pct":100,"Location":"NL"},{"Period":"2013-W37","Cust__Service__Performance__Pct":100,"Location":"NS"},{"Period":"2013-W38","Cust__Service__Performance__Pct":100,"Location":"PE"},{"Period":"2013-W38","Cust__Service__Performance__Pct":100,"Location":"NB"},{"Period":"2013-W38","Cust__Service__Performance__Pct":75,"Location":"NL"},{"Period":"2013-W38","Cust__Service__Performance__Pct":100,"Location":"NS"},{"Period":"2013-W39","Cust__Service__Performance__Pct":100,"Location":"PE"},{"Period":"2013-W39","Cust__Service__Performance__Pct":100,"Location":"NB"},{"Period":"2013-W39","Cust__Service__Performance__Pct":100,"Location":"NL"},{"Period":"2013-W39","Cust__Service__Performance__Pct":100,"Location":"NS"}],"Orders_Filled":[{"Orders__Filled":268567}],"Prior_Avg_Cust_Service_Performance_Pct_Quarter":[{"Prior__Avg__Cust__Service__Performance__Pct":89.8678414096916}],"Avg_Cust_Service_Performance_Pct":[{"Avg__Cust__Service__Performance__Pct":90.3083700440529}],"Cust_Service_Trend_Pct_Quarter_Region":[{"Cust__Service__Trend__Pct":95,"Period":"2013-W27"},{"Cust__Service__Trend__Pct":87.5,"Period":"2013-W28"},{"Cust__Service__Trend__Pct":100,"Period":"2013-W29"},{"Cust__Service__Trend__Pct":89.4736842105263,"Period":"2013-W30"},{"Cust__Service__Trend__Pct":88.8888888888889,"Period":"2013-W31"},{"Cust__Service__Trend__Pct":76.4705882352941,"Period":"2013-W32"},{"Cust__Service__Trend__Pct":93.75,"Period":"2013-W33"},{"Cust__Service__Trend__Pct":88.2352941176471,"Period":"2013-W34"},{"Cust__Service__Trend__Pct":84.2105263157895,"Period":"2013-W35"},{"Cust__Service__Trend__Pct":76.4705882352941,"Period":"2013-W36"},{"Cust__Service__Trend__Pct":100,"Period":"2013-W37"},{"Cust__Service__Trend__Pct":94.1176470588235,"Period":"2013-W38"},{"Cust__Service__Trend__Pct":100,"Period":"2013-W39"}],"Loads_Delivered":[{"Loads__Delivered":227}],"Prior_Orders_Filled_Quarter":[{"Prior__Orders__Filled":262107}],"Customers_Served":[{"Customers__Served":18}],"Cust_Service_Performance_Target_Pct_Quarter":[{"Cust__Service__Performance__Target__Pct":92}]}],"type":"J"}