{"message":"","count":0,"status":0,"data":[{"Cust_Service_Performance_Pct_Quarter_Region":[{"Period":"2013-W40","Cust__Service__Performance__Pct":75,"Location":"MA"},{"Period":"2013-W40","Cust__Service__Performance__Pct":83.3333333333333,"Location":"VT"},{"Period":"2013-W40","Cust__Service__Performance__Pct":66.6666666666667,"Location":"NY"},{"Period":"2013-W40","Cust__Service__Performance__Pct":100,"Location":"ME"},{"Period":"2013-W40","Cust__Service__Performance__Pct":100,"Location":"NH"},{"Period":"2013-W41","Cust__Service__Performance__Pct":75,"Location":"MA"},{"Period":"2013-W41","Cust__Service__Performance__Pct":80,"Location":"VT"},{"Period":"2013-W41","Cust__Service__Performance__Pct":100,"Location":"NY"},{"Period":"2013-W41","Cust__Service__Performance__Pct":66.6666666666667,"Location":"ME"},{"Period":"2013-W41","Cust__Service__Performance__Pct":100,"Location":"NH"},{"Period":"2013-W42","Cust__Service__Performance__Pct":100,"Location":"MA"},{"Period":"2013-W42","Cust__Service__Performance__Pct":75,"Location":"VT"},{"Period":"2013-W42","Cust__Service__Performance__Pct":100,"Location":"NY"},{"Period":"2013-W42","Cust__Service__Performance__Pct":75,"Location":"ME"},{"Period":"2013-W42","Cust__Service__Performance__Pct":100,"Location":"NH"},{"Period":"2013-W43","Cust__Service__Performance__Pct":75,"Location":"MA"},{"Period":"2013-W43","Cust__Service__Performance__Pct":66.6666666666667,"Location":"VT"},{"Period":"2013-W43","Cust__Service__Performance__Pct":100,"Location":"NY"},{"Period":"2013-W43","Cust__Service__Performance__Pct":83.3333333333333,"Location":"ME"},{"Period":"2013-W43","Cust__Service__Performance__Pct":100,"Location":"NH"},{"Period":"2013-W44","Cust__Service__Performance__Pct":100,"Location":"MA"},{"Period":"2013-W44","Cust__Service__Performance__Pct":80,"Location":"VT"},{"Period":"2013-W44","Cust__Service__Performance__Pct":83.3333333333333,"Location":"NY"},{"Period":"2013-W44","Cust__Service__Performance__Pct":100,"Location":"ME"},{"Period":"2013-W44","Cust__Service__Performance__Pct":100,"Location":"NH"},{"Period":"2013-W45","Cust__Service__Performance__Pct":80,"Location":"MA"},{"Period":"2013-W45","Cust__Service__Performance__Pct":83.3333333333333,"Location":"VT"},{"Period":"2013-W45","Cust__Service__Performance__Pct":100,"Location":"NY"},{"Period":"2013-W45","Cust__Service__Performance__Pct":100,"Location":"ME"},{"Period":"2013-W45","Cust__Service__Performance__Pct":75,"Location":"NH"},{"Period":"2013-W46","Cust__Service__Performance__Pct":66.6666666666667,"Location":"MA"},{"Period":"2013-W46","Cust__Service__Performance__Pct":100,"Location":"VT"},{"Period":"2013-W46","Cust__Service__Performance__Pct":100,"Location":"NY"},{"Period":"2013-W46","Cust__Service__Performance__Pct":100,"Location":"ME"},{"Period":"2013-W46","Cust__Service__Performance__Pct":83.3333333333333,"Location":"NH"},{"Period":"2013-W47","Cust__Service__Performance__Pct":100,"Location":"MA"},{"Period":"2013-W47","Cust__Service__Performance__Pct":75,"Location":"VT"},{"Period":"2013-W47","Cust__Service__Performance__Pct":100,"Location":"NY"},{"Period":"2013-W47","Cust__Service__Performance__Pct":83.3333333333333,"Location":"ME"},{"Period":"2013-W47","Cust__Service__Performance__Pct":75,"Location":"NH"},{"Period":"2013-W48","Cust__Service__Performance__Pct":100,"Location":"MA"},{"Period":"2013-W48","Cust__Service__Performance__Pct":75,"Location":"VT"},{"Period":"2013-W48","Cust__Service__Performance__Pct":80,"Location":"NY"},{"Period":"2013-W48","Cust__Service__Performance__Pct":100,"Location":"ME"},{"Period":"2013-W48","Cust__Service__Performance__Pct":100,"Location":"NH"},{"Period":"2013-W49","Cust__Service__Performance__Pct":100,"Location":"MA"},{"Period":"2013-W49","Cust__Service__Performance__Pct":83.3333333333333,"Location":"VT"},{"Period":"2013-W49","Cust__Service__Performance__Pct":83.3333333333333,"Location":"NY"},{"Period":"2013-W49","Cust__Service__Performance__Pct":100,"Location":"ME"},{"Period":"2013-W49","Cust__Service__Performance__Pct":75,"Location":"NH"},{"Period":"2013-W50","Cust__Service__Performance__Pct":100,"Location":"MA"},{"Period":"2013-W50","Cust__Service__Performance__Pct":50,"Location":"VT"},{"Period":"2013-W50","Cust__Service__Performance__Pct":100,"Location":"NY"},{"Period":"2013-W50","Cust__Service__Performance__Pct":66.6666666666667,"Location":"ME"},{"Period":"2013-W50","Cust__Service__Performance__Pct":100,"Location":"NH"},{"Period":"2013-W51","Cust__Service__Performance__Pct":100,"Location":"MA"},{"Period":"2013-W51","Cust__Service__Performance__Pct":100,"Location":"VT"},{"Period":"2013-W51","Cust__Service__Performance__Pct":100,"Location":"NY"},{"Period":"2013-W51","Cust__Service__Performance__Pct":83.3333333333333,"Location":"ME"},{"Period":"2013-W51","Cust__Service__Performance__Pct":100,"Location":"NH"},{"Period":"2013-W52","Cust__Service__Performance__Pct":100,"Location":"MA"},{"Period":"2013-W52","Cust__Service__Performance__Pct":100,"Location":"VT"},{"Period":"2013-W52","Cust__Service__Performance__Pct":100,"Location":"NY"},{"Period":"2013-W52","Cust__Service__Performance__Pct":80,"Location":"ME"},{"Period":"2013-W52","Cust__Service__Performance__Pct":100,"Location":"NH"}],"Orders_Filled":[{"Orders__Filled":330690}],"Prior_Avg_Cust_Service_Performance_Pct_Quarter":[{"Prior__Avg__Cust__Service__Performance__Pct":88.6120996441281}],"Avg_Cust_Service_Performance_Pct":[{"Avg__Cust__Service__Performance__Pct":88.339222614841}],"Cust_Service_Trend_Pct_Quarter_Region":[{"Cust__Service__Trend__Pct":82.6086956521739,"Period":"2013-W40"},{"Cust__Service__Trend__Pct":86.3636363636364,"Period":"2013-W41"},{"Cust__Service__Trend__Pct":91.304347826087,"Period":"2013-W42"},{"Cust__Service__Trend__Pct":84.2105263157895,"Period":"2013-W43"},{"Cust__Service__Trend__Pct":90.9090909090909,"Period":"2013-W44"},{"Cust__Service__Trend__Pct":87.5,"Period":"2013-W45"},{"Cust__Service__Trend__Pct":86.3636363636364,"Period":"2013-W46"},{"Cust__Service__Trend__Pct":85,"Period":"2013-W47"},{"Cust__Service__Trend__Pct":90.4761904761905,"Period":"2013-W48"},{"Cust__Service__Trend__Pct":86.9565217391304,"Period":"2013-W49"},{"Cust__Service__Trend__Pct":86.3636363636364,"Period":"2013-W50"},{"Cust__Service__Trend__Pct":95.2380952380952,"Period":"2013-W51"},{"Cust__Service__Trend__Pct":95.2380952380952,"Period":"2013-W52"}],"Loads_Delivered":[{"Loads__Delivered":283}],"Prior_Orders_Filled_Quarter":[{"Prior__Orders__Filled":328397}],"Customers_Served":[{"Customers__Served":18}],"Cust_Service_Performance_Target_Pct_Quarter":[{"Cust__Service__Performance__Target__Pct":92}]}],"type":"J"}