{"message":"","count":0,"status":0,"data":[{"Cust_Service_Performance_Pct_Quarter_Region":[{"Period":"2013-W40","Cust__Service__Performance__Pct":66.6666666666667,"Location":"NU"},{"Period":"2013-W40","Cust__Service__Performance__Pct":80,"Location":"YT"},{"Period":"2013-W40","Cust__Service__Performance__Pct":50,"Location":"NT"},{"Period":"2013-W41","Cust__Service__Performance__Pct":100,"Location":"NU"},{"Period":"2013-W41","Cust__Service__Performance__Pct":75,"Location":"YT"},{"Period":"2013-W41","Cust__Service__Performance__Pct":66.6666666666667,"Location":"NT"},{"Period":"2013-W42","Cust__Service__Performance__Pct":100,"Location":"NU"},{"Period":"2013-W42","Cust__Service__Performance__Pct":100,"Location":"YT"},{"Period":"2013-W42","Cust__Service__Performance__Pct":100,"Location":"NT"},{"Period":"2013-W43","Cust__Service__Performance__Pct":100,"Location":"NU"},{"Period":"2013-W43","Cust__Service__Performance__Pct":80,"Location":"YT"},{"Period":"2013-W43","Cust__Service__Performance__Pct":100,"Location":"NT"},{"Period":"2013-W44","Cust__Service__Performance__Pct":75,"Location":"NU"},{"Period":"2013-W44","Cust__Service__Performance__Pct":100,"Location":"YT"},{"Period":"2013-W44","Cust__Service__Performance__Pct":60,"Location":"NT"},{"Period":"2013-W45","Cust__Service__Performance__Pct":66.6666666666667,"Location":"NU"},{"Period":"2013-W45","Cust__Service__Performance__Pct":100,"Location":"YT"},{"Period":"2013-W45","Cust__Service__Performance__Pct":100,"Location":"NT"},{"Period":"2013-W46","Cust__Service__Performance__Pct":83.3333333333333,"Location":"NU"},{"Period":"2013-W46","Cust__Service__Performance__Pct":100,"Location":"YT"},{"Period":"2013-W46","Cust__Service__Performance__Pct":100,"Location":"NT"},{"Period":"2013-W47","Cust__Service__Performance__Pct":100,"Location":"NU"},{"Period":"2013-W47","Cust__Service__Performance__Pct":100,"Location":"YT"},{"Period":"2013-W47","Cust__Service__Performance__Pct":75,"Location":"NT"},{"Period":"2013-W48","Cust__Service__Performance__Pct":100,"Location":"NU"},{"Period":"2013-W48","Cust__Service__Performance__Pct":66.6666666666667,"Location":"YT"},{"Period":"2013-W48","Cust__Service__Performance__Pct":100,"Location":"NT"},{"Period":"2013-W49","Cust__Service__Performance__Pct":100,"Location":"NU"},{"Period":"2013-W49","Cust__Service__Performance__Pct":75,"Location":"YT"},{"Period":"2013-W49","Cust__Service__Performance__Pct":66.6666666666667,"Location":"NT"},{"Period":"2013-W50","Cust__Service__Performance__Pct":66.6666666666667,"Location":"NU"},{"Period":"2013-W50","Cust__Service__Performance__Pct":100,"Location":"YT"},{"Period":"2013-W50","Cust__Service__Performance__Pct":100,"Location":"NT"},{"Period":"2013-W51","Cust__Service__Performance__Pct":100,"Location":"NU"},{"Period":"2013-W51","Cust__Service__Performance__Pct":100,"Location":"YT"},{"Period":"2013-W51","Cust__Service__Performance__Pct":66.6666666666667,"Location":"NT"},{"Period":"2013-W52","Cust__Service__Performance__Pct":50,"Location":"NU"},{"Period":"2013-W52","Cust__Service__Performance__Pct":83.3333333333333,"Location":"YT"},{"Period":"2013-W52","Cust__Service__Performance__Pct":75,"Location":"NT"}],"Orders_Filled":[{"Orders__Filled":195637}],"Prior_Avg_Cust_Service_Performance_Pct_Quarter":[{"Prior__Avg__Cust__Service__Performance__Pct":89.9408284023669}],"Avg_Cust_Service_Performance_Pct":[{"Avg__Cust__Service__Performance__Pct":84.7058823529412}],"Cust_Service_Trend_Pct_Quarter_Region":[{"Cust__Service__Trend__Pct":66.6666666666667,"Period":"2013-W40"},{"Cust__Service__Trend__Pct":78.5714285714286,"Period":"2013-W41"},{"Cust__Service__Trend__Pct":100,"Period":"2013-W42"},{"Cust__Service__Trend__Pct":91.6666666666667,"Period":"2013-W43"},{"Cust__Service__Trend__Pct":80,"Period":"2013-W44"},{"Cust__Service__Trend__Pct":91.6666666666667,"Period":"2013-W45"},{"Cust__Service__Trend__Pct":92.3076923076923,"Period":"2013-W46"},{"Cust__Service__Trend__Pct":92.3076923076923,"Period":"2013-W47"},{"Cust__Service__Trend__Pct":84.6153846153846,"Period":"2013-W48"},{"Cust__Service__Trend__Pct":76.9230769230769,"Period":"2013-W49"},{"Cust__Service__Trend__Pct":84.6153846153846,"Period":"2013-W50"},{"Cust__Service__Trend__Pct":92.3076923076923,"Period":"2013-W51"},{"Cust__Service__Trend__Pct":71.4285714285714,"Period":"2013-W52"}],"Loads_Delivered":[{"Loads__Delivered":170}],"Prior_Orders_Filled_Quarter":[{"Prior__Orders__Filled":198672}],"Customers_Served":[{"Customers__Served":18}],"Cust_Service_Performance_Target_Pct_Quarter":[{"Cust__Service__Performance__Target__Pct":92}]}],"type":"J"}