{"message":"","count":0,"status":0,"data":[{"Cust_Service_Performance_Pct_Quarter_Region":[{"Period":"2013-W14","Cust__Service__Performance__Pct":50,"Location":"CH"},{"Period":"2013-W14","Cust__Service__Performance__Pct":83.3333333333333,"Location":"BS"},{"Period":"2013-W14","Cust__Service__Performance__Pct":100,"Location":"BN"},{"Period":"2013-W14","Cust__Service__Performance__Pct":100,"Location":"DU"},{"Period":"2013-W15","Cust__Service__Performance__Pct":100,"Location":"CH"},{"Period":"2013-W15","Cust__Service__Performance__Pct":66.6666666666667,"Location":"BS"},{"Period":"2013-W15","Cust__Service__Performance__Pct":100,"Location":"BN"},{"Period":"2013-W15","Cust__Service__Performance__Pct":100,"Location":"DU"},{"Period":"2013-W16","Cust__Service__Performance__Pct":100,"Location":"CH"},{"Period":"2013-W16","Cust__Service__Performance__Pct":25,"Location":"BS"},{"Period":"2013-W16","Cust__Service__Performance__Pct":100,"Location":"BN"},{"Period":"2013-W16","Cust__Service__Performance__Pct":100,"Location":"DU"},{"Period":"2013-W17","Cust__Service__Performance__Pct":100,"Location":"CH"},{"Period":"2013-W17","Cust__Service__Performance__Pct":75,"Location":"BS"},{"Period":"2013-W17","Cust__Service__Performance__Pct":100,"Location":"BN"},{"Period":"2013-W17","Cust__Service__Performance__Pct":100,"Location":"DU"},{"Period":"2013-W18","Cust__Service__Performance__Pct":100,"Location":"CH"},{"Period":"2013-W18","Cust__Service__Performance__Pct":100,"Location":"BS"},{"Period":"2013-W18","Cust__Service__Performance__Pct":100,"Location":"BN"},{"Period":"2013-W18","Cust__Service__Performance__Pct":100,"Location":"DU"},{"Period":"2013-W19","Cust__Service__Performance__Pct":83.3333333333333,"Location":"CH"},{"Period":"2013-W19","Cust__Service__Performance__Pct":100,"Location":"BS"},{"Period":"2013-W19","Cust__Service__Performance__Pct":100,"Location":"BN"},{"Period":"2013-W19","Cust__Service__Performance__Pct":100,"Location":"DU"},{"Period":"2013-W20","Cust__Service__Performance__Pct":100,"Location":"CH"},{"Period":"2013-W20","Cust__Service__Performance__Pct":66.6666666666667,"Location":"BS"},{"Period":"2013-W20","Cust__Service__Performance__Pct":83.3333333333333,"Location":"BN"},{"Period":"2013-W20","Cust__Service__Performance__Pct":60,"Location":"DU"},{"Period":"2013-W21","Cust__Service__Performance__Pct":100,"Location":"CH"},{"Period":"2013-W21","Cust__Service__Performance__Pct":100,"Location":"BS"},{"Period":"2013-W21","Cust__Service__Performance__Pct":100,"Location":"BN"},{"Period":"2013-W21","Cust__Service__Performance__Pct":83.3333333333333,"Location":"DU"},{"Period":"2013-W22","Cust__Service__Performance__Pct":100,"Location":"CH"},{"Period":"2013-W22","Cust__Service__Performance__Pct":83.3333333333333,"Location":"BS"},{"Period":"2013-W22","Cust__Service__Performance__Pct":100,"Location":"BN"},{"Period":"2013-W22","Cust__Service__Performance__Pct":100,"Location":"DU"},{"Period":"2013-W23","Cust__Service__Performance__Pct":100,"Location":"CH"},{"Period":"2013-W23","Cust__Service__Performance__Pct":100,"Location":"BS"},{"Period":"2013-W23","Cust__Service__Performance__Pct":100,"Location":"BN"},{"Period":"2013-W23","Cust__Service__Performance__Pct":100,"Location":"DU"},{"Period":"2013-W24","Cust__Service__Performance__Pct":80,"Location":"CH"},{"Period":"2013-W24","Cust__Service__Performance__Pct":100,"Location":"BS"},{"Period":"2013-W24","Cust__Service__Performance__Pct":60,"Location":"BN"},{"Period":"2013-W24","Cust__Service__Performance__Pct":75,"Location":"DU"},{"Period":"2013-W25","Cust__Service__Performance__Pct":100,"Location":"CH"},{"Period":"2013-W25","Cust__Service__Performance__Pct":75,"Location":"BS"},{"Period":"2013-W25","Cust__Service__Performance__Pct":100,"Location":"BN"},{"Period":"2013-W25","Cust__Service__Performance__Pct":100,"Location":"DU"},{"Period":"2013-W26","Cust__Service__Performance__Pct":66.6666666666667,"Location":"CH"},{"Period":"2013-W26","Cust__Service__Performance__Pct":100,"Location":"BS"},{"Period":"2013-W26","Cust__Service__Performance__Pct":66.6666666666667,"Location":"BN"},{"Period":"2013-W26","Cust__Service__Performance__Pct":50,"Location":"DU"}],"Orders_Filled":[{"Orders__Filled":259329}],"Prior_Avg_Cust_Service_Performance_Pct_Quarter":[{"Prior__Avg__Cust__Service__Performance__Pct":90.2222222222222}],"Avg_Cust_Service_Performance_Pct":[{"Avg__Cust__Service__Performance__Pct":89.3333333333333}],"Cust_Service_Trend_Pct_Quarter_Region":[{"Cust__Service__Trend__Pct":82.3529411764706,"Period":"2013-W14"},{"Cust__Service__Trend__Pct":93.3333333333333,"Period":"2013-W15"},{"Cust__Service__Trend__Pct":85,"Period":"2013-W16"},{"Cust__Service__Trend__Pct":94.1176470588235,"Period":"2013-W17"},{"Cust__Service__Trend__Pct":100,"Period":"2013-W18"},{"Cust__Service__Trend__Pct":93.75,"Period":"2013-W19"},{"Cust__Service__Trend__Pct":77.7777777777778,"Period":"2013-W20"},{"Cust__Service__Trend__Pct":95,"Period":"2013-W21"},{"Cust__Service__Trend__Pct":93.75,"Period":"2013-W22"},{"Cust__Service__Trend__Pct":100,"Period":"2013-W23"},{"Cust__Service__Trend__Pct":77.7777777777778,"Period":"2013-W24"},{"Cust__Service__Trend__Pct":94.7368421052632,"Period":"2013-W25"},{"Cust__Service__Trend__Pct":75,"Period":"2013-W26"}],"Loads_Delivered":[{"Loads__Delivered":225}],"Prior_Orders_Filled_Quarter":[{"Prior__Orders__Filled":259577}],"Customers_Served":[{"Customers__Served":18}],"Cust_Service_Performance_Target_Pct_Quarter":[{"Cust__Service__Performance__Target__Pct":91}]}],"type":"J"}