{"message":"","count":0,"status":0,"data":[{"Prior_Orders_Filled_Year":[{"Prior__Orders__Filled":4591052}],"Orders_Filled":[{"Orders__Filled":4519078}],"Avg_Cust_Service_Performance_Pct":[{"Avg__Cust__Service__Performance__Pct":88.984375}],"Cust_Service_Trend_Pct_Year_Country":[{"Cust__Service__Trend__Pct":88.4745762711865,"Period":"2013-M01"},{"Cust__Service__Trend__Pct":87.5675675675676,"Period":"2013-M02"},{"Cust__Service__Trend__Pct":88.8513513513514,"Period":"2013-M03"},{"Cust__Service__Trend__Pct":89.1891891891892,"Period":"2013-M04"},{"Cust__Service__Trend__Pct":89.3732970027248,"Period":"2013-M05"},{"Cust__Service__Trend__Pct":90.5084745762712,"Period":"2013-M06"},{"Cust__Service__Trend__Pct":88.8135593220339,"Period":"2013-M07"},{"Cust__Service__Trend__Pct":89.4878706199461,"Period":"2013-M08"},{"Cust__Service__Trend__Pct":89.4915254237288,"Period":"2013-M09"},{"Cust__Service__Trend__Pct":88.8513513513514,"Period":"2013-M10"},{"Cust__Service__Trend__Pct":87.5,"Period":"2013-M11"},{"Cust__Service__Trend__Pct":90.2027027027027,"Period":"2013-M12"}],"Loads_Delivered":[{"Loads__Delivered":3840}],"Prior_Avg_Cust_Service_Performance_Pct_Year":[{"Prior__Avg__Cust__Service__Performance__Pct":88.4802043422733}],"Cust_Service_Performance_Pct_Year_Country":[{"Period":"2013-M01","Cust__Service__Performance__Pct":86.7924528301887,"Location":"West"},{"Period":"2013-M01","Cust__Service__Performance__Pct":86.046511627907,"Location":"Northeast"},{"Period":"2013-M01","Cust__Service__Performance__Pct":89.8550724637681,"Location":"Midwest"},{"Period":"2013-M01","Cust__Service__Performance__Pct":90.8045977011494,"Location":"South"},{"Period":"2013-M02","Cust__Service__Performance__Pct":96.9230769230769,"Location":"West"},{"Period":"2013-M02","Cust__Service__Performance__Pct":83.6363636363636,"Location":"Northeast"},{"Period":"2013-M02","Cust__Service__Performance__Pct":82.5581395348837,"Location":"Midwest"},{"Period":"2013-M02","Cust__Service__Performance__Pct":89.9082568807339,"Location":"South"},{"Period":"2013-M03","Cust__Service__Performance__Pct":90.1960784313726,"Location":"West"},{"Period":"2013-M03","Cust__Service__Performance__Pct":87.3563218390805,"Location":"Northeast"},{"Period":"2013-M03","Cust__Service__Performance__Pct":87.1428571428571,"Location":"Midwest"},{"Period":"2013-M03","Cust__Service__Performance__Pct":90.9090909090909,"Location":"South"},{"Period":"2013-M04","Cust__Service__Performance__Pct":88.6792452830189,"Location":"West"},{"Period":"2013-M04","Cust__Service__Performance__Pct":88.5057471264368,"Location":"Northeast"},{"Period":"2013-M04","Cust__Service__Performance__Pct":91.4285714285714,"Location":"Midwest"},{"Period":"2013-M04","Cust__Service__Performance__Pct":88.3720930232558,"Location":"South"},{"Period":"2013-M05","Cust__Service__Performance__Pct":90.9090909090909,"Location":"West"},{"Period":"2013-M05","Cust__Service__Performance__Pct":89.7196261682243,"Location":"Northeast"},{"Period":"2013-M05","Cust__Service__Performance__Pct":85.8823529411765,"Location":"Midwest"},{"Period":"2013-M05","Cust__Service__Performance__Pct":90.8256880733945,"Location":"South"},{"Period":"2013-M06","Cust__Service__Performance__Pct":90.1960784313726,"Location":"West"},{"Period":"2013-M06","Cust__Service__Performance__Pct":90.8045977011494,"Location":"Northeast"},{"Period":"2013-M06","Cust__Service__Performance__Pct":92.8571428571429,"Location":"Midwest"},{"Period":"2013-M06","Cust__Service__Performance__Pct":88.5057471264368,"Location":"South"},{"Period":"2013-M07","Cust__Service__Performance__Pct":80.7692307692308,"Location":"West"},{"Period":"2013-M07","Cust__Service__Performance__Pct":89.6551724137931,"Location":"Northeast"},{"Period":"2013-M07","Cust__Service__Performance__Pct":91.4285714285714,"Location":"Midwest"},{"Period":"2013-M07","Cust__Service__Performance__Pct":90.6976744186046,"Location":"South"},{"Period":"2013-M08","Cust__Service__Performance__Pct":87.8787878787879,"Location":"West"},{"Period":"2013-M08","Cust__Service__Performance__Pct":87.962962962963,"Location":"Northeast"},{"Period":"2013-M08","Cust__Service__Performance__Pct":90.8045977011494,"Location":"Midwest"},{"Period":"2013-M08","Cust__Service__Performance__Pct":90.9090909090909,"Location":"South"},{"Period":"2013-M09","Cust__Service__Performance__Pct":90.1960784313726,"Location":"West"},{"Period":"2013-M09","Cust__Service__Performance__Pct":88.3720930232558,"Location":"Northeast"},{"Period":"2013-M09","Cust__Service__Performance__Pct":87.3239436619718,"Location":"Midwest"},{"Period":"2013-M09","Cust__Service__Performance__Pct":91.9540229885057,"Location":"South"},{"Period":"2013-M10","Cust__Service__Performance__Pct":92.5925925925926,"Location":"West"},{"Period":"2013-M10","Cust__Service__Performance__Pct":86.2068965517241,"Location":"Northeast"},{"Period":"2013-M10","Cust__Service__Performance__Pct":89.7058823529412,"Location":"Midwest"},{"Period":"2013-M10","Cust__Service__Performance__Pct":88.5057471264368,"Location":"South"},{"Period":"2013-M11","Cust__Service__Performance__Pct":85.9375,"Location":"West"},{"Period":"2013-M11","Cust__Service__Performance__Pct":88.0733944954129,"Location":"Northeast"},{"Period":"2013-M11","Cust__Service__Performance__Pct":85.2272727272727,"Location":"Midwest"},{"Period":"2013-M11","Cust__Service__Performance__Pct":89.7196261682243,"Location":"South"},{"Period":"2013-M12","Cust__Service__Performance__Pct":92.3076923076923,"Location":"West"},{"Period":"2013-M12","Cust__Service__Performance__Pct":90.8045977011494,"Location":"Northeast"},{"Period":"2013-M12","Cust__Service__Performance__Pct":91.4285714285714,"Location":"Midwest"},{"Period":"2013-M12","Cust__Service__Performance__Pct":87.3563218390805,"Location":"South"}],"Customers_Served":[{"Customers__Served":18}],"Cust_Service_Performance_Target_Pct_Year":[{"Cust__Service__Performance__Target__Pct":91.25}]}],"type":"J"}