{"message":"","count":0,"status":0,"data":[{"Cust_Service_Performance_Pct_Quarter_Region":[{"Period":"2013-W40","Cust__Service__Performance__Pct":83.3333333333333,"Location":"CH"},{"Period":"2013-W40","Cust__Service__Performance__Pct":75,"Location":"BS"},{"Period":"2013-W40","Cust__Service__Performance__Pct":100,"Location":"BN"},{"Period":"2013-W40","Cust__Service__Performance__Pct":66.6666666666667,"Location":"DU"},{"Period":"2013-W41","Cust__Service__Performance__Pct":100,"Location":"CH"},{"Period":"2013-W41","Cust__Service__Performance__Pct":100,"Location":"BS"},{"Period":"2013-W41","Cust__Service__Performance__Pct":100,"Location":"BN"},{"Period":"2013-W41","Cust__Service__Performance__Pct":83.3333333333333,"Location":"DU"},{"Period":"2013-W42","Cust__Service__Performance__Pct":25,"Location":"CH"},{"Period":"2013-W42","Cust__Service__Performance__Pct":80,"Location":"BS"},{"Period":"2013-W42","Cust__Service__Performance__Pct":50,"Location":"BN"},{"Period":"2013-W42","Cust__Service__Performance__Pct":100,"Location":"DU"},{"Period":"2013-W43","Cust__Service__Performance__Pct":100,"Location":"CH"},{"Period":"2013-W43","Cust__Service__Performance__Pct":83.3333333333333,"Location":"BS"},{"Period":"2013-W43","Cust__Service__Performance__Pct":100,"Location":"BN"},{"Period":"2013-W43","Cust__Service__Performance__Pct":66.6666666666667,"Location":"DU"},{"Period":"2013-W44","Cust__Service__Performance__Pct":100,"Location":"CH"},{"Period":"2013-W44","Cust__Service__Performance__Pct":66.6666666666667,"Location":"BS"},{"Period":"2013-W44","Cust__Service__Performance__Pct":100,"Location":"BN"},{"Period":"2013-W44","Cust__Service__Performance__Pct":100,"Location":"DU"},{"Period":"2013-W45","Cust__Service__Performance__Pct":100,"Location":"CH"},{"Period":"2013-W45","Cust__Service__Performance__Pct":100,"Location":"BS"},{"Period":"2013-W45","Cust__Service__Performance__Pct":83.3333333333333,"Location":"BN"},{"Period":"2013-W45","Cust__Service__Performance__Pct":83.3333333333333,"Location":"DU"},{"Period":"2013-W46","Cust__Service__Performance__Pct":100,"Location":"CH"},{"Period":"2013-W46","Cust__Service__Performance__Pct":100,"Location":"BS"},{"Period":"2013-W46","Cust__Service__Performance__Pct":100,"Location":"BN"},{"Period":"2013-W46","Cust__Service__Performance__Pct":80,"Location":"DU"},{"Period":"2013-W47","Cust__Service__Performance__Pct":75,"Location":"CH"},{"Period":"2013-W47","Cust__Service__Performance__Pct":83.3333333333333,"Location":"BS"},{"Period":"2013-W47","Cust__Service__Performance__Pct":100,"Location":"BN"},{"Period":"2013-W47","Cust__Service__Performance__Pct":100,"Location":"DU"},{"Period":"2013-W48","Cust__Service__Performance__Pct":100,"Location":"CH"},{"Period":"2013-W48","Cust__Service__Performance__Pct":100,"Location":"BS"},{"Period":"2013-W48","Cust__Service__Performance__Pct":100,"Location":"BN"},{"Period":"2013-W48","Cust__Service__Performance__Pct":66.6666666666667,"Location":"DU"},{"Period":"2013-W49","Cust__Service__Performance__Pct":75,"Location":"CH"},{"Period":"2013-W49","Cust__Service__Performance__Pct":100,"Location":"BS"},{"Period":"2013-W49","Cust__Service__Performance__Pct":66.6666666666667,"Location":"BN"},{"Period":"2013-W49","Cust__Service__Performance__Pct":80,"Location":"DU"},{"Period":"2013-W50","Cust__Service__Performance__Pct":75,"Location":"CH"},{"Period":"2013-W50","Cust__Service__Performance__Pct":100,"Location":"BS"},{"Period":"2013-W50","Cust__Service__Performance__Pct":100,"Location":"BN"},{"Period":"2013-W50","Cust__Service__Performance__Pct":83.3333333333333,"Location":"DU"},{"Period":"2013-W51","Cust__Service__Performance__Pct":100,"Location":"CH"},{"Period":"2013-W51","Cust__Service__Performance__Pct":66.6666666666667,"Location":"BS"},{"Period":"2013-W51","Cust__Service__Performance__Pct":100,"Location":"BN"},{"Period":"2013-W51","Cust__Service__Performance__Pct":66.6666666666667,"Location":"DU"},{"Period":"2013-W52","Cust__Service__Performance__Pct":83.3333333333333,"Location":"CH"},{"Period":"2013-W52","Cust__Service__Performance__Pct":66.6666666666667,"Location":"BS"},{"Period":"2013-W52","Cust__Service__Performance__Pct":100,"Location":"BN"},{"Period":"2013-W52","Cust__Service__Performance__Pct":75,"Location":"DU"}],"Orders_Filled":[{"Orders__Filled":250837}],"Prior_Avg_Cust_Service_Performance_Pct_Quarter":[{"Prior__Avg__Cust__Service__Performance__Pct":91.5929203539823}],"Avg_Cust_Service_Performance_Pct":[{"Avg__Cust__Service__Performance__Pct":86.2222222222222}],"Cust_Service_Trend_Pct_Quarter_Region":[{"Cust__Service__Trend__Pct":82.3529411764706,"Period":"2013-W40"},{"Cust__Service__Trend__Pct":94.4444444444444,"Period":"2013-W41"},{"Cust__Service__Trend__Pct":66.6666666666667,"Period":"2013-W42"},{"Cust__Service__Trend__Pct":88.2352941176471,"Period":"2013-W43"},{"Cust__Service__Trend__Pct":93.3333333333333,"Period":"2013-W44"},{"Cust__Service__Trend__Pct":90,"Period":"2013-W45"},{"Cust__Service__Trend__Pct":94.1176470588235,"Period":"2013-W46"},{"Cust__Service__Trend__Pct":88.2352941176471,"Period":"2013-W47"},{"Cust__Service__Trend__Pct":93.75,"Period":"2013-W48"},{"Cust__Service__Trend__Pct":77.7777777777778,"Period":"2013-W49"},{"Cust__Service__Trend__Pct":90,"Period":"2013-W50"},{"Cust__Service__Trend__Pct":81.25,"Period":"2013-W51"},{"Cust__Service__Trend__Pct":81.25,"Period":"2013-W52"}],"Loads_Delivered":[{"Loads__Delivered":225}],"Prior_Orders_Filled_Quarter":[{"Prior__Orders__Filled":262821}],"Customers_Served":[{"Customers__Served":18}],"Cust_Service_Performance_Target_Pct_Quarter":[{"Cust__Service__Performance__Target__Pct":92}]}],"type":"J"}