{"message":"","count":0,"status":0,"data":[{"Orders_Filled":[{"Orders__Filled":352915}],"Avg_Cust_Service_Performance_Pct":[{"Avg__Cust__Service__Performance__Pct":90.2027027027027}],"Prior_Orders_Filled_Month":[{"Prior__Orders__Filled":436940}],"Loads_Delivered":[{"Loads__Delivered":296}],"Cust_Service_Performance_Pct_Month_Country":[{"Period":"2013-W49","Cust__Service__Performance__Pct":92.3076923076923,"Location":"West"},{"Period":"2013-W49","Cust__Service__Performance__Pct":86.9565217391304,"Location":"Northeast"},{"Period":"2013-W49","Cust__Service__Performance__Pct":88.8888888888889,"Location":"Midwest"},{"Period":"2013-W49","Cust__Service__Performance__Pct":85.7142857142857,"Location":"South"},{"Period":"2013-W50","Cust__Service__Performance__Pct":92.3076923076923,"Location":"West"},{"Period":"2013-W50","Cust__Service__Performance__Pct":86.3636363636364,"Location":"Northeast"},{"Period":"2013-W50","Cust__Service__Performance__Pct":100,"Location":"Midwest"},{"Period":"2013-W50","Cust__Service__Performance__Pct":95.6521739130435,"Location":"South"},{"Period":"2013-W51","Cust__Service__Performance__Pct":92.8571428571429,"Location":"West"},{"Period":"2013-W51","Cust__Service__Performance__Pct":95.2380952380952,"Location":"Northeast"},{"Period":"2013-W51","Cust__Service__Performance__Pct":93.3333333333333,"Location":"Midwest"},{"Period":"2013-W51","Cust__Service__Performance__Pct":86.3636363636364,"Location":"South"},{"Period":"2013-W52","Cust__Service__Performance__Pct":91.6666666666667,"Location":"West"},{"Period":"2013-W52","Cust__Service__Performance__Pct":95.2380952380952,"Location":"Northeast"},{"Period":"2013-W52","Cust__Service__Performance__Pct":85,"Location":"Midwest"},{"Period":"2013-W52","Cust__Service__Performance__Pct":80.9523809523809,"Location":"South"}],"Cust_Service_Performance_Target_Pct_Month":[{"Cust__Service__Performance__Target__Pct":92}],"Customers_Served":[{"Customers__Served":18}],"Cust_Service_Trend_Pct_Month_Country":[{"Cust__Service__Trend__Pct":88,"Period":"2013-W49"},{"Cust__Service__Trend__Pct":93.3333333333333,"Period":"2013-W50"},{"Cust__Service__Trend__Pct":91.6666666666667,"Period":"2013-W51"},{"Cust__Service__Trend__Pct":87.8378378378378,"Period":"2013-W52"}],"Prior_Avg_Cust_Service_Performance_Pct_Month":[{"Prior__Avg__Cust__Service__Performance__Pct":87.5}]}],"type":"J"}