{"message":"","count":0,"status":0,"data":[{"Orders_Filled":[{"Orders__Filled":637675}],"Avg_Cust_Service_Performance_Pct":[{"Avg__Cust__Service__Performance__Pct":89.0590809628009}],"Prior_Avg_Cust_Service_Performance_Pct_Week":[{"Prior__Avg__Cust__Service__Performance__Pct":95.2380952380952}],"Prior_Orders_Filled_Week":[{"Prior__Orders__Filled":26778}],"Loads_Delivered":[{"Loads__Delivered":457}],"Cust_Service_Performance_Target_Pct_Week":[{"Cust__Service__Performance__Target__Pct":88}],"Customers_Served":[{"Customers__Served":18}],"Cust_Service_Trend_Pct_Week_Region":[{"Cust__Service__Trend__Pct":93.75,"Period":"2014-02-02"},{"Cust__Service__Trend__Pct":93.6507936507936,"Period":"2014-02-03"},{"Cust__Service__Trend__Pct":87.8787878787879,"Period":"2014-02-04"},{"Cust__Service__Trend__Pct":89.2307692307692,"Period":"2014-02-05"},{"Cust__Service__Trend__Pct":83.3333333333333,"Period":"2014-02-06"},{"Cust__Service__Trend__Pct":91.044776119403,"Period":"2014-02-07"},{"Cust__Service__Trend__Pct":84.8484848484848,"Period":"2014-02-08"}],"Cust_Service_Performance_Pct_Week_Region":[{"Period":"2014-02-02","Cust__Service__Performance__Pct":92.3076923076923,"Location":"MA"},{"Period":"2014-02-02","Cust__Service__Performance__Pct":92.3076923076923,"Location":"VT"},{"Period":"2014-02-02","Cust__Service__Performance__Pct":100,"Location":"NY"},{"Period":"2014-02-02","Cust__Service__Performance__Pct":85.7142857142857,"Location":"ME"},{"Period":"2014-02-02","Cust__Service__Performance__Pct":100,"Location":"NH"},{"Period":"2014-02-03","Cust__Service__Performance__Pct":100,"Location":"MA"},{"Period":"2014-02-03","Cust__Service__Performance__Pct":92.3076923076923,"Location":"VT"},{"Period":"2014-02-03","Cust__Service__Performance__Pct":100,"Location":"NY"},{"Period":"2014-02-03","Cust__Service__Performance__Pct":92.8571428571429,"Location":"ME"},{"Period":"2014-02-03","Cust__Service__Performance__Pct":83.3333333333333,"Location":"NH"},{"Period":"2014-02-04","Cust__Service__Performance__Pct":93.3333333333333,"Location":"MA"},{"Period":"2014-02-04","Cust__Service__Performance__Pct":91.6666666666667,"Location":"VT"},{"Period":"2014-02-04","Cust__Service__Performance__Pct":75,"Location":"NY"},{"Period":"2014-02-04","Cust__Service__Performance__Pct":85.7142857142857,"Location":"ME"},{"Period":"2014-02-04","Cust__Service__Performance__Pct":92.3076923076923,"Location":"NH"},{"Period":"2014-02-05","Cust__Service__Performance__Pct":92.3076923076923,"Location":"MA"},{"Period":"2014-02-05","Cust__Service__Performance__Pct":75,"Location":"VT"},{"Period":"2014-02-05","Cust__Service__Performance__Pct":92.3076923076923,"Location":"NY"},{"Period":"2014-02-05","Cust__Service__Performance__Pct":92.3076923076923,"Location":"ME"},{"Period":"2014-02-05","Cust__Service__Performance__Pct":92.8571428571429,"Location":"NH"},{"Period":"2014-02-06","Cust__Service__Performance__Pct":78.5714285714286,"Location":"MA"},{"Period":"2014-02-06","Cust__Service__Performance__Pct":92.3076923076923,"Location":"VT"},{"Period":"2014-02-06","Cust__Service__Performance__Pct":92.8571428571429,"Location":"NY"},{"Period":"2014-02-06","Cust__Service__Performance__Pct":75,"Location":"ME"},{"Period":"2014-02-06","Cust__Service__Performance__Pct":76.9230769230769,"Location":"NH"},{"Period":"2014-02-07","Cust__Service__Performance__Pct":84.6153846153846,"Location":"MA"},{"Period":"2014-02-07","Cust__Service__Performance__Pct":92.8571428571429,"Location":"VT"},{"Period":"2014-02-07","Cust__Service__Performance__Pct":93.3333333333333,"Location":"NY"},{"Period":"2014-02-07","Cust__Service__Performance__Pct":91.6666666666667,"Location":"ME"},{"Period":"2014-02-07","Cust__Service__Performance__Pct":92.3076923076923,"Location":"NH"},{"Period":"2014-02-08","Cust__Service__Performance__Pct":84.6153846153846,"Location":"MA"},{"Period":"2014-02-08","Cust__Service__Performance__Pct":80,"Location":"VT"},{"Period":"2014-02-08","Cust__Service__Performance__Pct":84.6153846153846,"Location":"NY"},{"Period":"2014-02-08","Cust__Service__Performance__Pct":91.6666666666667,"Location":"ME"},{"Period":"2014-02-08","Cust__Service__Performance__Pct":84.6153846153846,"Location":"NH"}]}],"type":"J"}