{"message":"","count":0,"status":0,"data":[{"Orders_Filled":[{"Orders__Filled":101405}],"Avg_Cust_Service_Performance_Pct":[{"Avg__Cust__Service__Performance__Pct":86.3636363636364}],"Cust_Service_Performance_Pct_Month_Region":[{"Period":"2013-W44","Cust__Service__Performance__Pct":80,"Location":"PE"},{"Period":"2013-W44","Cust__Service__Performance__Pct":100,"Location":"NB"},{"Period":"2013-W44","Cust__Service__Performance__Pct":100,"Location":"NL"},{"Period":"2013-W44","Cust__Service__Performance__Pct":100,"Location":"NS"},{"Period":"2013-W45","Cust__Service__Performance__Pct":75,"Location":"PE"},{"Period":"2013-W45","Cust__Service__Performance__Pct":100,"Location":"NB"},{"Period":"2013-W45","Cust__Service__Performance__Pct":83.3333333333333,"Location":"NL"},{"Period":"2013-W45","Cust__Service__Performance__Pct":100,"Location":"NS"},{"Period":"2013-W46","Cust__Service__Performance__Pct":66.6666666666667,"Location":"PE"},{"Period":"2013-W46","Cust__Service__Performance__Pct":100,"Location":"NB"},{"Period":"2013-W46","Cust__Service__Performance__Pct":100,"Location":"NL"},{"Period":"2013-W46","Cust__Service__Performance__Pct":83.3333333333333,"Location":"NS"},{"Period":"2013-W47","Cust__Service__Performance__Pct":40,"Location":"PE"},{"Period":"2013-W47","Cust__Service__Performance__Pct":100,"Location":"NB"},{"Period":"2013-W47","Cust__Service__Performance__Pct":66.6666666666667,"Location":"NL"},{"Period":"2013-W47","Cust__Service__Performance__Pct":100,"Location":"NS"},{"Period":"2013-W48","Cust__Service__Performance__Pct":66.6666666666667,"Location":"PE"},{"Period":"2013-W48","Cust__Service__Performance__Pct":100,"Location":"NB"},{"Period":"2013-W48","Cust__Service__Performance__Pct":100,"Location":"NL"},{"Period":"2013-W48","Cust__Service__Performance__Pct":75,"Location":"NS"}],"Prior_Orders_Filled_Month":[{"Prior__Orders__Filled":78992}],"Cust_Service_Trend_Pct_Month_Region":[{"Cust__Service__Trend__Pct":94.1176470588235,"Period":"2013-W44"},{"Cust__Service__Trend__Pct":88.2352941176471,"Period":"2013-W45"},{"Cust__Service__Trend__Pct":87.5,"Period":"2013-W46"},{"Cust__Service__Trend__Pct":77.7777777777778,"Period":"2013-W47"},{"Cust__Service__Trend__Pct":85,"Period":"2013-W48"}],"Loads_Delivered":[{"Loads__Delivered":88}],"Cust_Service_Performance_Target_Pct_Month":[{"Cust__Service__Performance__Target__Pct":92}],"Customers_Served":[{"Customers__Served":18}],"Prior_Avg_Cust_Service_Performance_Pct_Month":[{"Prior__Avg__Cust__Service__Performance__Pct":91.4285714285714}]}],"type":"J"}