{"message":"","count":0,"status":0,"data":[{"Orders_Filled":[{"Orders__Filled":83243}],"Avg_Cust_Service_Performance_Pct":[{"Avg__Cust__Service__Performance__Pct":91.4285714285714}],"Cust_Service_Performance_Pct_Month_Region":[{"Period":"2013-W49","Cust__Service__Performance__Pct":66.6666666666667,"Location":"MC"},{"Period":"2013-W49","Cust__Service__Performance__Pct":75,"Location":"JA"},{"Period":"2013-W49","Cust__Service__Performance__Pct":100,"Location":"NA"},{"Period":"2013-W49","Cust__Service__Performance__Pct":100,"Location":"CL"},{"Period":"2013-W50","Cust__Service__Performance__Pct":100,"Location":"MC"},{"Period":"2013-W50","Cust__Service__Performance__Pct":100,"Location":"JA"},{"Period":"2013-W50","Cust__Service__Performance__Pct":100,"Location":"NA"},{"Period":"2013-W50","Cust__Service__Performance__Pct":100,"Location":"CL"},{"Period":"2013-W51","Cust__Service__Performance__Pct":75,"Location":"MC"},{"Period":"2013-W51","Cust__Service__Performance__Pct":100,"Location":"JA"},{"Period":"2013-W51","Cust__Service__Performance__Pct":75,"Location":"NA"},{"Period":"2013-W51","Cust__Service__Performance__Pct":100,"Location":"CL"},{"Period":"2013-W52","Cust__Service__Performance__Pct":100,"Location":"MC"},{"Period":"2013-W52","Cust__Service__Performance__Pct":80,"Location":"JA"},{"Period":"2013-W52","Cust__Service__Performance__Pct":100,"Location":"NA"},{"Period":"2013-W52","Cust__Service__Performance__Pct":100,"Location":"CL"}],"Prior_Orders_Filled_Month":[{"Prior__Orders__Filled":101791}],"Cust_Service_Trend_Pct_Month_Region":[{"Cust__Service__Trend__Pct":84.2105263157895,"Period":"2013-W49"},{"Cust__Service__Trend__Pct":100,"Period":"2013-W50"},{"Cust__Service__Trend__Pct":88.2352941176471,"Period":"2013-W51"},{"Cust__Service__Trend__Pct":93.75,"Period":"2013-W52"}],"Loads_Delivered":[{"Loads__Delivered":70}],"Cust_Service_Performance_Target_Pct_Month":[{"Cust__Service__Performance__Target__Pct":92}],"Customers_Served":[{"Customers__Served":18}],"Prior_Avg_Cust_Service_Performance_Pct_Month":[{"Prior__Avg__Cust__Service__Performance__Pct":91.8604651162791}]}],"type":"J"}