{"message":"","count":0,"status":0,"data":[{"Cust_Service_Performance_Pct_Quarter_All":[{"Period":"2013-W14","Cust__Service__Performance__Pct":91.3793103448276,"Location":"CAN"},{"Period":"2013-W14","Cust__Service__Performance__Pct":86.3013698630137,"Location":"USA"},{"Period":"2013-W14","Cust__Service__Performance__Pct":87.9120879120879,"Location":"MX"},{"Period":"2013-W15","Cust__Service__Performance__Pct":94.9152542372881,"Location":"CAN"},{"Period":"2013-W15","Cust__Service__Performance__Pct":87.6712328767123,"Location":"USA"},{"Period":"2013-W15","Cust__Service__Performance__Pct":89.8876404494382,"Location":"MX"},{"Period":"2013-W16","Cust__Service__Performance__Pct":92.5925925925926,"Location":"CAN"},{"Period":"2013-W16","Cust__Service__Performance__Pct":92,"Location":"USA"},{"Period":"2013-W16","Cust__Service__Performance__Pct":88.4210526315789,"Location":"MX"},{"Period":"2013-W17","Cust__Service__Performance__Pct":92.7272727272727,"Location":"CAN"},{"Period":"2013-W17","Cust__Service__Performance__Pct":90.6666666666667,"Location":"USA"},{"Period":"2013-W17","Cust__Service__Performance__Pct":92.2222222222222,"Location":"MX"},{"Period":"2013-W18","Cust__Service__Performance__Pct":84.4827586206897,"Location":"CAN"},{"Period":"2013-W18","Cust__Service__Performance__Pct":91.6666666666667,"Location":"USA"},{"Period":"2013-W18","Cust__Service__Performance__Pct":90,"Location":"MX"},{"Period":"2013-W19","Cust__Service__Performance__Pct":89.8305084745763,"Location":"CAN"},{"Period":"2013-W19","Cust__Service__Performance__Pct":89.041095890411,"Location":"USA"},{"Period":"2013-W19","Cust__Service__Performance__Pct":91.2087912087912,"Location":"MX"},{"Period":"2013-W20","Cust__Service__Performance__Pct":89.0909090909091,"Location":"CAN"},{"Period":"2013-W20","Cust__Service__Performance__Pct":90.6666666666667,"Location":"USA"},{"Period":"2013-W20","Cust__Service__Performance__Pct":88.1720430107527,"Location":"MX"},{"Period":"2013-W21","Cust__Service__Performance__Pct":90.7407407407407,"Location":"CAN"},{"Period":"2013-W21","Cust__Service__Performance__Pct":92,"Location":"USA"},{"Period":"2013-W21","Cust__Service__Performance__Pct":94.5652173913043,"Location":"MX"},{"Period":"2013-W22","Cust__Service__Performance__Pct":87.9310344827586,"Location":"CAN"},{"Period":"2013-W22","Cust__Service__Performance__Pct":83.3333333333333,"Location":"USA"},{"Period":"2013-W22","Cust__Service__Performance__Pct":88.7640449438202,"Location":"MX"},{"Period":"2013-W23","Cust__Service__Performance__Pct":86.2068965517241,"Location":"CAN"},{"Period":"2013-W23","Cust__Service__Performance__Pct":91.8918918918919,"Location":"USA"},{"Period":"2013-W23","Cust__Service__Performance__Pct":95.6043956043956,"Location":"MX"},{"Period":"2013-W24","Cust__Service__Performance__Pct":83.6363636363636,"Location":"CAN"},{"Period":"2013-W24","Cust__Service__Performance__Pct":93.3333333333333,"Location":"USA"},{"Period":"2013-W24","Cust__Service__Performance__Pct":83.8709677419355,"Location":"MX"},{"Period":"2013-W25","Cust__Service__Performance__Pct":89.2857142857143,"Location":"CAN"},{"Period":"2013-W25","Cust__Service__Performance__Pct":82.4324324324324,"Location":"USA"},{"Period":"2013-W25","Cust__Service__Performance__Pct":92.3076923076923,"Location":"MX"},{"Period":"2013-W26","Cust__Service__Performance__Pct":87.719298245614,"Location":"CAN"},{"Period":"2013-W26","Cust__Service__Performance__Pct":94.4444444444444,"Location":"USA"},{"Period":"2013-W26","Cust__Service__Performance__Pct":85.5555555555556,"Location":"MX"}],"Orders_Filled":[{"Orders__Filled":3335225}],"Prior_Avg_Cust_Service_Performance_Pct_Quarter":[{"Prior__Avg__Cust__Service__Performance__Pct":89.1319444444444}],"Avg_Cust_Service_Performance_Pct":[{"Avg__Cust__Service__Performance__Pct":89.6491837443557}],"Loads_Delivered":[{"Loads__Delivered":2879}],"Prior_Orders_Filled_Quarter":[{"Prior__Orders__Filled":3337795}],"Customers_Served":[{"Customers__Served":18}],"Cust_Service_Trend_Pct_Quarter_All":[{"Cust__Service__Trend__Pct":88.2882882882883,"Period":"2013-W14"},{"Cust__Service__Trend__Pct":90.4977375565611,"Period":"2013-W15"},{"Cust__Service__Trend__Pct":90.625,"Period":"2013-W16"},{"Cust__Service__Trend__Pct":91.8181818181818,"Period":"2013-W17"},{"Cust__Service__Trend__Pct":89.0909090909091,"Period":"2013-W18"},{"Cust__Service__Trend__Pct":90.1345291479821,"Period":"2013-W19"},{"Cust__Service__Trend__Pct":89.237668161435,"Period":"2013-W20"},{"Cust__Service__Trend__Pct":92.7601809954751,"Period":"2013-W21"},{"Cust__Service__Trend__Pct":86.7579908675799,"Period":"2013-W22"},{"Cust__Service__Trend__Pct":91.9282511210762,"Period":"2013-W23"},{"Cust__Service__Trend__Pct":86.9955156950673,"Period":"2013-W24"},{"Cust__Service__Trend__Pct":88.2352941176471,"Period":"2013-W25"},{"Cust__Service__Trend__Pct":89.041095890411,"Period":"2013-W26"}],"Cust_Service_Performance_Target_Pct_Quarter":[{"Cust__Service__Performance__Target__Pct":91}]}],"type":"J"}