{"message":"","count":0,"status":0,"data":[{"Orders_Filled":[{"Orders__Filled":13709}],"Avg_Cust_Service_Performance_Pct":[{"Avg__Cust__Service__Performance__Pct":92.3076923076923}],"Prior_Avg_Cust_Service_Performance_Pct_Week":[{"Prior__Avg__Cust__Service__Performance__Pct":84.6153846153846}],"Prior_Orders_Filled_Week":[{"Prior__Orders__Filled":15308}],"Loads_Delivered":[{"Loads__Delivered":13}],"Cust_Service_Performance_Target_Pct_Week":[{"Cust__Service__Performance__Target__Pct":92}],"Customers_Served":[{"Customers__Served":13}],"Cust_Service_Trend_Pct_Week_Region":[{"Cust__Service__Trend__Pct":100,"Period":"2014-01-19"},{"Cust__Service__Trend__Pct":50,"Period":"2014-01-20"},{"Cust__Service__Trend__Pct":100,"Period":"2014-01-21"},{"Cust__Service__Trend__Pct":100,"Period":"2014-01-22"},{"Cust__Service__Trend__Pct":100,"Period":"2014-01-23"},{"Cust__Service__Trend__Pct":100,"Period":"2014-01-24"},{"Cust__Service__Trend__Pct":100,"Period":"2014-01-25"}],"Cust_Service_Performance_Pct_Week_Region":[{"Period":"2014-01-19","Cust__Service__Performance__Pct":100,"Location":"NU"},{"Period":"2014-01-19","Cust__Service__Performance__Pct":100,"Location":"YT"},{"Period":"2014-01-20","Cust__Service__Performance__Pct":100,"Location":"NU"},{"Period":"2014-01-20","Cust__Service__Performance__Pct":0,"Location":"NT"},{"Period":"2014-01-21","Cust__Service__Performance__Pct":100,"Location":"NU"},{"Period":"2014-01-22","Cust__Service__Performance__Pct":100,"Location":"NU"},{"Period":"2014-01-22","Cust__Service__Performance__Pct":100,"Location":"YT"},{"Period":"2014-01-22","Cust__Service__Performance__Pct":100,"Location":"NT"},{"Period":"2014-01-23","Cust__Service__Performance__Pct":100,"Location":"YT"},{"Period":"2014-01-24","Cust__Service__Performance__Pct":100,"Location":"NU"},{"Period":"2014-01-24","Cust__Service__Performance__Pct":100,"Location":"YT"},{"Period":"2014-01-24","Cust__Service__Performance__Pct":100,"Location":"NT"},{"Period":"2014-01-25","Cust__Service__Performance__Pct":100,"Location":"YT"}]}],"type":"J"}