{"message":"","count":0,"status":0,"data":[{"Orders_Filled":[{"Orders__Filled":126096}],"Avg_Cust_Service_Performance_Pct":[{"Avg__Cust__Service__Performance__Pct":89.7196261682243}],"Cust_Service_Performance_Pct_Month_Region":[{"Period":"2013-W44","Cust__Service__Performance__Pct":100,"Location":"FL"},{"Period":"2013-W44","Cust__Service__Performance__Pct":100,"Location":"NC"},{"Period":"2013-W44","Cust__Service__Performance__Pct":100,"Location":"TN"},{"Period":"2013-W44","Cust__Service__Performance__Pct":100,"Location":"AL"},{"Period":"2013-W44","Cust__Service__Performance__Pct":100,"Location":"GA"},{"Period":"2013-W45","Cust__Service__Performance__Pct":100,"Location":"FL"},{"Period":"2013-W45","Cust__Service__Performance__Pct":80,"Location":"NC"},{"Period":"2013-W45","Cust__Service__Performance__Pct":100,"Location":"TN"},{"Period":"2013-W45","Cust__Service__Performance__Pct":100,"Location":"AL"},{"Period":"2013-W45","Cust__Service__Performance__Pct":100,"Location":"GA"},{"Period":"2013-W46","Cust__Service__Performance__Pct":83.3333333333333,"Location":"FL"},{"Period":"2013-W46","Cust__Service__Performance__Pct":100,"Location":"NC"},{"Period":"2013-W46","Cust__Service__Performance__Pct":75,"Location":"TN"},{"Period":"2013-W46","Cust__Service__Performance__Pct":100,"Location":"AL"},{"Period":"2013-W46","Cust__Service__Performance__Pct":100,"Location":"GA"},{"Period":"2013-W47","Cust__Service__Performance__Pct":66.6666666666667,"Location":"FL"},{"Period":"2013-W47","Cust__Service__Performance__Pct":33.3333333333333,"Location":"NC"},{"Period":"2013-W47","Cust__Service__Performance__Pct":66.6666666666667,"Location":"TN"},{"Period":"2013-W47","Cust__Service__Performance__Pct":75,"Location":"AL"},{"Period":"2013-W47","Cust__Service__Performance__Pct":100,"Location":"GA"},{"Period":"2013-W48","Cust__Service__Performance__Pct":75,"Location":"FL"},{"Period":"2013-W48","Cust__Service__Performance__Pct":100,"Location":"NC"},{"Period":"2013-W48","Cust__Service__Performance__Pct":75,"Location":"TN"},{"Period":"2013-W48","Cust__Service__Performance__Pct":100,"Location":"AL"},{"Period":"2013-W48","Cust__Service__Performance__Pct":100,"Location":"GA"}],"Prior_Orders_Filled_Month":[{"Prior__Orders__Filled":93227}],"Cust_Service_Trend_Pct_Month_Region":[{"Cust__Service__Trend__Pct":100,"Period":"2013-W44"},{"Cust__Service__Trend__Pct":95.2380952380952,"Period":"2013-W45"},{"Cust__Service__Trend__Pct":91.304347826087,"Period":"2013-W46"},{"Cust__Service__Trend__Pct":72.7272727272727,"Period":"2013-W47"},{"Cust__Service__Trend__Pct":90.4761904761905,"Period":"2013-W48"}],"Loads_Delivered":[{"Loads__Delivered":107}],"Cust_Service_Performance_Target_Pct_Month":[{"Cust__Service__Performance__Target__Pct":92}],"Customers_Served":[{"Customers__Served":18}],"Prior_Avg_Cust_Service_Performance_Pct_Month":[{"Prior__Avg__Cust__Service__Performance__Pct":88.5057471264368}]}],"type":"J"}