{"message":"","count":0,"status":0,"data":[{"Cust_Service_Performance_Pct_Quarter_Region":[{"Period":"2013-W14","Cust__Service__Performance__Pct":100,"Location":"CP"},{"Period":"2013-W14","Cust__Service__Performance__Pct":100,"Location":"TB"},{"Period":"2013-W14","Cust__Service__Performance__Pct":83.3333333333333,"Location":"CM"},{"Period":"2013-W14","Cust__Service__Performance__Pct":50,"Location":"QR"},{"Period":"2013-W14","Cust__Service__Performance__Pct":100,"Location":"YU"},{"Period":"2013-W15","Cust__Service__Performance__Pct":80,"Location":"CP"},{"Period":"2013-W15","Cust__Service__Performance__Pct":66.6666666666667,"Location":"TB"},{"Period":"2013-W15","Cust__Service__Performance__Pct":100,"Location":"CM"},{"Period":"2013-W15","Cust__Service__Performance__Pct":100,"Location":"QR"},{"Period":"2013-W15","Cust__Service__Performance__Pct":100,"Location":"YU"},{"Period":"2013-W16","Cust__Service__Performance__Pct":100,"Location":"CP"},{"Period":"2013-W16","Cust__Service__Performance__Pct":100,"Location":"TB"},{"Period":"2013-W16","Cust__Service__Performance__Pct":33.3333333333333,"Location":"CM"},{"Period":"2013-W16","Cust__Service__Performance__Pct":100,"Location":"QR"},{"Period":"2013-W16","Cust__Service__Performance__Pct":75,"Location":"YU"},{"Period":"2013-W17","Cust__Service__Performance__Pct":100,"Location":"CP"},{"Period":"2013-W17","Cust__Service__Performance__Pct":66.6666666666667,"Location":"TB"},{"Period":"2013-W17","Cust__Service__Performance__Pct":100,"Location":"CM"},{"Period":"2013-W17","Cust__Service__Performance__Pct":75,"Location":"QR"},{"Period":"2013-W17","Cust__Service__Performance__Pct":100,"Location":"YU"},{"Period":"2013-W18","Cust__Service__Performance__Pct":75,"Location":"CP"},{"Period":"2013-W18","Cust__Service__Performance__Pct":100,"Location":"TB"},{"Period":"2013-W18","Cust__Service__Performance__Pct":33.3333333333333,"Location":"CM"},{"Period":"2013-W18","Cust__Service__Performance__Pct":100,"Location":"QR"},{"Period":"2013-W18","Cust__Service__Performance__Pct":100,"Location":"YU"},{"Period":"2013-W19","Cust__Service__Performance__Pct":75,"Location":"CP"},{"Period":"2013-W19","Cust__Service__Performance__Pct":75,"Location":"TB"},{"Period":"2013-W19","Cust__Service__Performance__Pct":100,"Location":"CM"},{"Period":"2013-W19","Cust__Service__Performance__Pct":100,"Location":"QR"},{"Period":"2013-W19","Cust__Service__Performance__Pct":100,"Location":"YU"},{"Period":"2013-W20","Cust__Service__Performance__Pct":83.3333333333333,"Location":"CP"},{"Period":"2013-W20","Cust__Service__Performance__Pct":100,"Location":"TB"},{"Period":"2013-W20","Cust__Service__Performance__Pct":100,"Location":"CM"},{"Period":"2013-W20","Cust__Service__Performance__Pct":100,"Location":"QR"},{"Period":"2013-W20","Cust__Service__Performance__Pct":100,"Location":"YU"},{"Period":"2013-W21","Cust__Service__Performance__Pct":100,"Location":"CP"},{"Period":"2013-W21","Cust__Service__Performance__Pct":100,"Location":"TB"},{"Period":"2013-W21","Cust__Service__Performance__Pct":100,"Location":"CM"},{"Period":"2013-W21","Cust__Service__Performance__Pct":100,"Location":"QR"},{"Period":"2013-W21","Cust__Service__Performance__Pct":100,"Location":"YU"},{"Period":"2013-W22","Cust__Service__Performance__Pct":100,"Location":"CP"},{"Period":"2013-W22","Cust__Service__Performance__Pct":60,"Location":"TB"},{"Period":"2013-W22","Cust__Service__Performance__Pct":100,"Location":"CM"},{"Period":"2013-W22","Cust__Service__Performance__Pct":100,"Location":"QR"},{"Period":"2013-W22","Cust__Service__Performance__Pct":100,"Location":"YU"},{"Period":"2013-W23","Cust__Service__Performance__Pct":100,"Location":"CP"},{"Period":"2013-W23","Cust__Service__Performance__Pct":100,"Location":"TB"},{"Period":"2013-W23","Cust__Service__Performance__Pct":100,"Location":"CM"},{"Period":"2013-W23","Cust__Service__Performance__Pct":100,"Location":"QR"},{"Period":"2013-W23","Cust__Service__Performance__Pct":100,"Location":"YU"},{"Period":"2013-W24","Cust__Service__Performance__Pct":83.3333333333333,"Location":"CP"},{"Period":"2013-W24","Cust__Service__Performance__Pct":100,"Location":"TB"},{"Period":"2013-W24","Cust__Service__Performance__Pct":100,"Location":"CM"},{"Period":"2013-W24","Cust__Service__Performance__Pct":100,"Location":"QR"},{"Period":"2013-W24","Cust__Service__Performance__Pct":75,"Location":"YU"},{"Period":"2013-W25","Cust__Service__Performance__Pct":100,"Location":"CP"},{"Period":"2013-W25","Cust__Service__Performance__Pct":100,"Location":"TB"},{"Period":"2013-W25","Cust__Service__Performance__Pct":100,"Location":"CM"},{"Period":"2013-W25","Cust__Service__Performance__Pct":100,"Location":"QR"},{"Period":"2013-W25","Cust__Service__Performance__Pct":66.6666666666667,"Location":"YU"},{"Period":"2013-W26","Cust__Service__Performance__Pct":50,"Location":"CP"},{"Period":"2013-W26","Cust__Service__Performance__Pct":100,"Location":"TB"},{"Period":"2013-W26","Cust__Service__Performance__Pct":100,"Location":"CM"},{"Period":"2013-W26","Cust__Service__Performance__Pct":100,"Location":"QR"},{"Period":"2013-W26","Cust__Service__Performance__Pct":100,"Location":"YU"}],"Orders_Filled":[{"Orders__Filled":324771}],"Prior_Avg_Cust_Service_Performance_Pct_Quarter":[{"Prior__Avg__Cust__Service__Performance__Pct":90.7473309608541}],"Avg_Cust_Service_Performance_Pct":[{"Avg__Cust__Service__Performance__Pct":90.8127208480565}],"Cust_Service_Trend_Pct_Quarter_Region":[{"Cust__Service__Trend__Pct":86.9565217391304,"Period":"2013-W14"},{"Cust__Service__Trend__Pct":90.9090909090909,"Period":"2013-W15"},{"Cust__Service__Trend__Pct":86.9565217391304,"Period":"2013-W16"},{"Cust__Service__Trend__Pct":84.2105263157895,"Period":"2013-W17"},{"Cust__Service__Trend__Pct":77.2727272727273,"Period":"2013-W18"},{"Cust__Service__Trend__Pct":91.6666666666667,"Period":"2013-W19"},{"Cust__Service__Trend__Pct":95.4545454545455,"Period":"2013-W20"},{"Cust__Service__Trend__Pct":100,"Period":"2013-W21"},{"Cust__Service__Trend__Pct":90.4761904761905,"Period":"2013-W22"},{"Cust__Service__Trend__Pct":100,"Period":"2013-W23"},{"Cust__Service__Trend__Pct":90.9090909090909,"Period":"2013-W24"},{"Cust__Service__Trend__Pct":95.2380952380952,"Period":"2013-W25"},{"Cust__Service__Trend__Pct":90.4761904761905,"Period":"2013-W26"}],"Loads_Delivered":[{"Loads__Delivered":283}],"Prior_Orders_Filled_Quarter":[{"Prior__Orders__Filled":318590}],"Customers_Served":[{"Customers__Served":18}],"Cust_Service_Performance_Target_Pct_Quarter":[{"Cust__Service__Performance__Target__Pct":91}]}],"type":"J"}