{"message":"","count":0,"status":0,"data":[{"Cust_Service_Performance_Pct_Quarter_Region":[{"Period":"2013-W40","Cust__Service__Performance__Pct":66.6666666666667,"Location":"AG"},{"Period":"2013-W40","Cust__Service__Performance__Pct":83.3333333333333,"Location":"MR"},{"Period":"2013-W40","Cust__Service__Performance__Pct":66.6666666666667,"Location":"DF"},{"Period":"2013-W40","Cust__Service__Performance__Pct":100,"Location":"ZA"},{"Period":"2013-W40","Cust__Service__Performance__Pct":75,"Location":"MX"},{"Period":"2013-W41","Cust__Service__Performance__Pct":100,"Location":"AG"},{"Period":"2013-W41","Cust__Service__Performance__Pct":50,"Location":"MR"},{"Period":"2013-W41","Cust__Service__Performance__Pct":83.3333333333333,"Location":"DF"},{"Period":"2013-W41","Cust__Service__Performance__Pct":100,"Location":"ZA"},{"Period":"2013-W41","Cust__Service__Performance__Pct":100,"Location":"MX"},{"Period":"2013-W42","Cust__Service__Performance__Pct":100,"Location":"AG"},{"Period":"2013-W42","Cust__Service__Performance__Pct":100,"Location":"MR"},{"Period":"2013-W42","Cust__Service__Performance__Pct":100,"Location":"DF"},{"Period":"2013-W42","Cust__Service__Performance__Pct":100,"Location":"ZA"},{"Period":"2013-W42","Cust__Service__Performance__Pct":100,"Location":"MX"},{"Period":"2013-W43","Cust__Service__Performance__Pct":66.6666666666667,"Location":"AG"},{"Period":"2013-W43","Cust__Service__Performance__Pct":100,"Location":"MR"},{"Period":"2013-W43","Cust__Service__Performance__Pct":100,"Location":"DF"},{"Period":"2013-W43","Cust__Service__Performance__Pct":100,"Location":"ZA"},{"Period":"2013-W43","Cust__Service__Performance__Pct":100,"Location":"MX"},{"Period":"2013-W44","Cust__Service__Performance__Pct":100,"Location":"AG"},{"Period":"2013-W44","Cust__Service__Performance__Pct":83.3333333333333,"Location":"MR"},{"Period":"2013-W44","Cust__Service__Performance__Pct":100,"Location":"DF"},{"Period":"2013-W44","Cust__Service__Performance__Pct":100,"Location":"ZA"},{"Period":"2013-W44","Cust__Service__Performance__Pct":100,"Location":"MX"},{"Period":"2013-W45","Cust__Service__Performance__Pct":100,"Location":"AG"},{"Period":"2013-W45","Cust__Service__Performance__Pct":100,"Location":"MR"},{"Period":"2013-W45","Cust__Service__Performance__Pct":80,"Location":"DF"},{"Period":"2013-W45","Cust__Service__Performance__Pct":75,"Location":"ZA"},{"Period":"2013-W45","Cust__Service__Performance__Pct":100,"Location":"MX"},{"Period":"2013-W46","Cust__Service__Performance__Pct":100,"Location":"AG"},{"Period":"2013-W46","Cust__Service__Performance__Pct":100,"Location":"MR"},{"Period":"2013-W46","Cust__Service__Performance__Pct":83.3333333333333,"Location":"DF"},{"Period":"2013-W46","Cust__Service__Performance__Pct":75,"Location":"ZA"},{"Period":"2013-W46","Cust__Service__Performance__Pct":100,"Location":"MX"},{"Period":"2013-W47","Cust__Service__Performance__Pct":100,"Location":"AG"},{"Period":"2013-W47","Cust__Service__Performance__Pct":100,"Location":"MR"},{"Period":"2013-W47","Cust__Service__Performance__Pct":100,"Location":"DF"},{"Period":"2013-W47","Cust__Service__Performance__Pct":100,"Location":"ZA"},{"Period":"2013-W47","Cust__Service__Performance__Pct":100,"Location":"MX"},{"Period":"2013-W48","Cust__Service__Performance__Pct":100,"Location":"AG"},{"Period":"2013-W48","Cust__Service__Performance__Pct":83.3333333333333,"Location":"MR"},{"Period":"2013-W48","Cust__Service__Performance__Pct":100,"Location":"DF"},{"Period":"2013-W48","Cust__Service__Performance__Pct":83.3333333333333,"Location":"ZA"},{"Period":"2013-W48","Cust__Service__Performance__Pct":100,"Location":"MX"},{"Period":"2013-W49","Cust__Service__Performance__Pct":100,"Location":"AG"},{"Period":"2013-W49","Cust__Service__Performance__Pct":80,"Location":"MR"},{"Period":"2013-W49","Cust__Service__Performance__Pct":75,"Location":"DF"},{"Period":"2013-W49","Cust__Service__Performance__Pct":100,"Location":"ZA"},{"Period":"2013-W49","Cust__Service__Performance__Pct":66.6666666666667,"Location":"MX"},{"Period":"2013-W50","Cust__Service__Performance__Pct":100,"Location":"AG"},{"Period":"2013-W50","Cust__Service__Performance__Pct":100,"Location":"MR"},{"Period":"2013-W50","Cust__Service__Performance__Pct":83.3333333333333,"Location":"DF"},{"Period":"2013-W50","Cust__Service__Performance__Pct":100,"Location":"ZA"},{"Period":"2013-W50","Cust__Service__Performance__Pct":100,"Location":"MX"},{"Period":"2013-W51","Cust__Service__Performance__Pct":83.3333333333333,"Location":"AG"},{"Period":"2013-W51","Cust__Service__Performance__Pct":100,"Location":"MR"},{"Period":"2013-W51","Cust__Service__Performance__Pct":75,"Location":"DF"},{"Period":"2013-W51","Cust__Service__Performance__Pct":100,"Location":"ZA"},{"Period":"2013-W51","Cust__Service__Performance__Pct":100,"Location":"MX"},{"Period":"2013-W52","Cust__Service__Performance__Pct":75,"Location":"AG"},{"Period":"2013-W52","Cust__Service__Performance__Pct":100,"Location":"MR"},{"Period":"2013-W52","Cust__Service__Performance__Pct":100,"Location":"DF"},{"Period":"2013-W52","Cust__Service__Performance__Pct":100,"Location":"ZA"},{"Period":"2013-W52","Cust__Service__Performance__Pct":100,"Location":"MX"}],"Orders_Filled":[{"Orders__Filled":316994}],"Prior_Avg_Cust_Service_Performance_Pct_Quarter":[{"Prior__Avg__Cust__Service__Performance__Pct":88.339222614841}],"Avg_Cust_Service_Performance_Pct":[{"Avg__Cust__Service__Performance__Pct":91.8439716312057}],"Cust_Service_Trend_Pct_Quarter_Region":[{"Cust__Service__Trend__Pct":81.8181818181818,"Period":"2013-W40"},{"Cust__Service__Trend__Pct":85.7142857142857,"Period":"2013-W41"},{"Cust__Service__Trend__Pct":100,"Period":"2013-W42"},{"Cust__Service__Trend__Pct":91.304347826087,"Period":"2013-W43"},{"Cust__Service__Trend__Pct":95.4545454545455,"Period":"2013-W44"},{"Cust__Service__Trend__Pct":90.4761904761905,"Period":"2013-W45"},{"Cust__Service__Trend__Pct":90.9090909090909,"Period":"2013-W46"},{"Cust__Service__Trend__Pct":100,"Period":"2013-W47"},{"Cust__Service__Trend__Pct":91.304347826087,"Period":"2013-W48"},{"Cust__Service__Trend__Pct":85.7142857142857,"Period":"2013-W49"},{"Cust__Service__Trend__Pct":95.2380952380952,"Period":"2013-W50"},{"Cust__Service__Trend__Pct":90.9090909090909,"Period":"2013-W51"},{"Cust__Service__Trend__Pct":95.4545454545455,"Period":"2013-W52"}],"Loads_Delivered":[{"Loads__Delivered":282}],"Prior_Orders_Filled_Quarter":[{"Prior__Orders__Filled":328349}],"Customers_Served":[{"Customers__Served":18}],"Cust_Service_Performance_Target_Pct_Quarter":[{"Cust__Service__Performance__Target__Pct":92}]}],"type":"J"}