{"message":"","count":0,"status":0,"data":[{"Orders_Filled":[{"Orders__Filled":23826}],"Avg_Cust_Service_Performance_Pct":[{"Avg__Cust__Service__Performance__Pct":86.3636363636364}],"Prior_Avg_Cust_Service_Performance_Pct_Week":[{"Prior__Avg__Cust__Service__Performance__Pct":86.9565217391304}],"Prior_Orders_Filled_Week":[{"Prior__Orders__Filled":28287}],"Loads_Delivered":[{"Loads__Delivered":22}],"Cust_Service_Performance_Target_Pct_Week":[{"Cust__Service__Performance__Target__Pct":92}],"Customers_Served":[{"Customers__Served":14}],"Cust_Service_Trend_Pct_Week_Region":[{"Cust__Service__Trend__Pct":50,"Period":"2014-01-12"},{"Cust__Service__Trend__Pct":100,"Period":"2014-01-13"},{"Cust__Service__Trend__Pct":100,"Period":"2014-01-14"},{"Cust__Service__Trend__Pct":100,"Period":"2014-01-15"},{"Cust__Service__Trend__Pct":75,"Period":"2014-01-16"},{"Cust__Service__Trend__Pct":100,"Period":"2014-01-17"},{"Cust__Service__Trend__Pct":100,"Period":"2014-01-18"}],"Cust_Service_Performance_Pct_Week_Region":[{"Period":"2014-01-12","Cust__Service__Performance__Pct":100,"Location":"MA"},{"Period":"2014-01-12","Cust__Service__Performance__Pct":0,"Location":"VT"},{"Period":"2014-01-12","Cust__Service__Performance__Pct":0,"Location":"ME"},{"Period":"2014-01-12","Cust__Service__Performance__Pct":100,"Location":"NH"},{"Period":"2014-01-13","Cust__Service__Performance__Pct":100,"Location":"NY"},{"Period":"2014-01-13","Cust__Service__Performance__Pct":100,"Location":"NH"},{"Period":"2014-01-14","Cust__Service__Performance__Pct":100,"Location":"MA"},{"Period":"2014-01-14","Cust__Service__Performance__Pct":100,"Location":"VT"},{"Period":"2014-01-14","Cust__Service__Performance__Pct":100,"Location":"ME"},{"Period":"2014-01-15","Cust__Service__Performance__Pct":100,"Location":"MA"},{"Period":"2014-01-15","Cust__Service__Performance__Pct":100,"Location":"NY"},{"Period":"2014-01-15","Cust__Service__Performance__Pct":100,"Location":"NH"},{"Period":"2014-01-16","Cust__Service__Performance__Pct":100,"Location":"MA"},{"Period":"2014-01-16","Cust__Service__Performance__Pct":0,"Location":"VT"},{"Period":"2014-01-16","Cust__Service__Performance__Pct":100,"Location":"ME"},{"Period":"2014-01-16","Cust__Service__Performance__Pct":100,"Location":"NH"},{"Period":"2014-01-17","Cust__Service__Performance__Pct":100,"Location":"MA"},{"Period":"2014-01-17","Cust__Service__Performance__Pct":100,"Location":"NY"},{"Period":"2014-01-17","Cust__Service__Performance__Pct":100,"Location":"NH"},{"Period":"2014-01-18","Cust__Service__Performance__Pct":100,"Location":"MA"},{"Period":"2014-01-18","Cust__Service__Performance__Pct":100,"Location":"VT"},{"Period":"2014-01-18","Cust__Service__Performance__Pct":100,"Location":"NH"}]}],"type":"J"}