{"message":"","count":0,"status":0,"data":[{"Cust_Service_Performance_Pct_Quarter_Region":[{"Period":"2013-W01","Cust__Service__Performance__Pct":100,"Location":"CP"},{"Period":"2013-W01","Cust__Service__Performance__Pct":100,"Location":"TB"},{"Period":"2013-W01","Cust__Service__Performance__Pct":100,"Location":"CM"},{"Period":"2013-W01","Cust__Service__Performance__Pct":75,"Location":"QR"},{"Period":"2013-W01","Cust__Service__Performance__Pct":100,"Location":"YU"},{"Period":"2013-W02","Cust__Service__Performance__Pct":100,"Location":"CP"},{"Period":"2013-W02","Cust__Service__Performance__Pct":100,"Location":"TB"},{"Period":"2013-W02","Cust__Service__Performance__Pct":100,"Location":"CM"},{"Period":"2013-W02","Cust__Service__Performance__Pct":100,"Location":"QR"},{"Period":"2013-W02","Cust__Service__Performance__Pct":83.3333333333333,"Location":"YU"},{"Period":"2013-W03","Cust__Service__Performance__Pct":100,"Location":"CP"},{"Period":"2013-W03","Cust__Service__Performance__Pct":75,"Location":"TB"},{"Period":"2013-W03","Cust__Service__Performance__Pct":100,"Location":"CM"},{"Period":"2013-W03","Cust__Service__Performance__Pct":100,"Location":"QR"},{"Period":"2013-W03","Cust__Service__Performance__Pct":100,"Location":"YU"},{"Period":"2013-W04","Cust__Service__Performance__Pct":100,"Location":"CP"},{"Period":"2013-W04","Cust__Service__Performance__Pct":50,"Location":"TB"},{"Period":"2013-W04","Cust__Service__Performance__Pct":100,"Location":"CM"},{"Period":"2013-W04","Cust__Service__Performance__Pct":100,"Location":"QR"},{"Period":"2013-W04","Cust__Service__Performance__Pct":100,"Location":"YU"},{"Period":"2013-W05","Cust__Service__Performance__Pct":100,"Location":"CP"},{"Period":"2013-W05","Cust__Service__Performance__Pct":83.3333333333333,"Location":"TB"},{"Period":"2013-W05","Cust__Service__Performance__Pct":100,"Location":"CM"},{"Period":"2013-W05","Cust__Service__Performance__Pct":100,"Location":"QR"},{"Period":"2013-W05","Cust__Service__Performance__Pct":100,"Location":"YU"},{"Period":"2013-W06","Cust__Service__Performance__Pct":100,"Location":"CP"},{"Period":"2013-W06","Cust__Service__Performance__Pct":100,"Location":"TB"},{"Period":"2013-W06","Cust__Service__Performance__Pct":66.6666666666667,"Location":"CM"},{"Period":"2013-W06","Cust__Service__Performance__Pct":100,"Location":"QR"},{"Period":"2013-W06","Cust__Service__Performance__Pct":100,"Location":"YU"},{"Period":"2013-W07","Cust__Service__Performance__Pct":80,"Location":"CP"},{"Period":"2013-W07","Cust__Service__Performance__Pct":66.6666666666667,"Location":"TB"},{"Period":"2013-W07","Cust__Service__Performance__Pct":100,"Location":"CM"},{"Period":"2013-W07","Cust__Service__Performance__Pct":50,"Location":"QR"},{"Period":"2013-W07","Cust__Service__Performance__Pct":50,"Location":"YU"},{"Period":"2013-W08","Cust__Service__Performance__Pct":83.3333333333333,"Location":"CP"},{"Period":"2013-W08","Cust__Service__Performance__Pct":100,"Location":"TB"},{"Period":"2013-W08","Cust__Service__Performance__Pct":66.6666666666667,"Location":"CM"},{"Period":"2013-W08","Cust__Service__Performance__Pct":80,"Location":"QR"},{"Period":"2013-W08","Cust__Service__Performance__Pct":100,"Location":"YU"},{"Period":"2013-W09","Cust__Service__Performance__Pct":100,"Location":"CP"},{"Period":"2013-W09","Cust__Service__Performance__Pct":100,"Location":"TB"},{"Period":"2013-W09","Cust__Service__Performance__Pct":50,"Location":"CM"},{"Period":"2013-W09","Cust__Service__Performance__Pct":75,"Location":"QR"},{"Period":"2013-W09","Cust__Service__Performance__Pct":100,"Location":"YU"},{"Period":"2013-W10","Cust__Service__Performance__Pct":100,"Location":"CP"},{"Period":"2013-W10","Cust__Service__Performance__Pct":100,"Location":"TB"},{"Period":"2013-W10","Cust__Service__Performance__Pct":100,"Location":"CM"},{"Period":"2013-W10","Cust__Service__Performance__Pct":66.6666666666667,"Location":"QR"},{"Period":"2013-W10","Cust__Service__Performance__Pct":66.6666666666667,"Location":"YU"},{"Period":"2013-W11","Cust__Service__Performance__Pct":100,"Location":"CP"},{"Period":"2013-W11","Cust__Service__Performance__Pct":100,"Location":"TB"},{"Period":"2013-W11","Cust__Service__Performance__Pct":100,"Location":"CM"},{"Period":"2013-W11","Cust__Service__Performance__Pct":80,"Location":"QR"},{"Period":"2013-W11","Cust__Service__Performance__Pct":100,"Location":"YU"},{"Period":"2013-W12","Cust__Service__Performance__Pct":100,"Location":"CP"},{"Period":"2013-W12","Cust__Service__Performance__Pct":100,"Location":"TB"},{"Period":"2013-W12","Cust__Service__Performance__Pct":75,"Location":"CM"},{"Period":"2013-W12","Cust__Service__Performance__Pct":100,"Location":"QR"},{"Period":"2013-W12","Cust__Service__Performance__Pct":100,"Location":"YU"},{"Period":"2013-W13","Cust__Service__Performance__Pct":100,"Location":"CP"},{"Period":"2013-W13","Cust__Service__Performance__Pct":100,"Location":"TB"},{"Period":"2013-W13","Cust__Service__Performance__Pct":100,"Location":"CM"},{"Period":"2013-W13","Cust__Service__Performance__Pct":100,"Location":"QR"},{"Period":"2013-W13","Cust__Service__Performance__Pct":100,"Location":"YU"}],"Orders_Filled":[{"Orders__Filled":318590}],"Prior_Avg_Cust_Service_Performance_Pct_Quarter":[{"Prior__Avg__Cust__Service__Performance__Pct":87.5}],"Avg_Cust_Service_Performance_Pct":[{"Avg__Cust__Service__Performance__Pct":90.7473309608541}],"Cust_Service_Trend_Pct_Quarter_Region":[{"Cust__Service__Trend__Pct":95.4545454545455,"Period":"2013-W01"},{"Cust__Service__Trend__Pct":95.2380952380952,"Period":"2013-W02"},{"Cust__Service__Trend__Pct":95.6521739130435,"Period":"2013-W03"},{"Cust__Service__Trend__Pct":90.4761904761905,"Period":"2013-W04"},{"Cust__Service__Trend__Pct":95.2380952380952,"Period":"2013-W05"},{"Cust__Service__Trend__Pct":90.9090909090909,"Period":"2013-W06"},{"Cust__Service__Trend__Pct":68.1818181818182,"Period":"2013-W07"},{"Cust__Service__Trend__Pct":86.9565217391304,"Period":"2013-W08"},{"Cust__Service__Trend__Pct":85,"Period":"2013-W09"},{"Cust__Service__Trend__Pct":86.3636363636364,"Period":"2013-W10"},{"Cust__Service__Trend__Pct":95.4545454545455,"Period":"2013-W11"},{"Cust__Service__Trend__Pct":95.6521739130435,"Period":"2013-W12"},{"Cust__Service__Trend__Pct":100,"Period":"2013-W13"}],"Loads_Delivered":[{"Loads__Delivered":281}],"Prior_Orders_Filled_Quarter":[{"Prior__Orders__Filled":355204}],"Customers_Served":[{"Customers__Served":18}],"Cust_Service_Performance_Target_Pct_Quarter":[{"Cust__Service__Performance__Target__Pct":90}]}],"type":"J"}