{"message":"","count":0,"status":0,"data":[{"Cust_Service_Performance_Pct_Quarter_Region":[{"Period":"2013-W40","Cust__Service__Performance__Pct":80,"Location":"PE"},{"Period":"2013-W40","Cust__Service__Performance__Pct":75,"Location":"NB"},{"Period":"2013-W40","Cust__Service__Performance__Pct":100,"Location":"NL"},{"Period":"2013-W40","Cust__Service__Performance__Pct":75,"Location":"NS"},{"Period":"2013-W41","Cust__Service__Performance__Pct":100,"Location":"PE"},{"Period":"2013-W41","Cust__Service__Performance__Pct":100,"Location":"NB"},{"Period":"2013-W41","Cust__Service__Performance__Pct":100,"Location":"NL"},{"Period":"2013-W41","Cust__Service__Performance__Pct":75,"Location":"NS"},{"Period":"2013-W42","Cust__Service__Performance__Pct":100,"Location":"PE"},{"Period":"2013-W42","Cust__Service__Performance__Pct":100,"Location":"NB"},{"Period":"2013-W42","Cust__Service__Performance__Pct":100,"Location":"NL"},{"Period":"2013-W42","Cust__Service__Performance__Pct":83.3333333333333,"Location":"NS"},{"Period":"2013-W43","Cust__Service__Performance__Pct":100,"Location":"PE"},{"Period":"2013-W43","Cust__Service__Performance__Pct":100,"Location":"NB"},{"Period":"2013-W43","Cust__Service__Performance__Pct":75,"Location":"NL"},{"Period":"2013-W43","Cust__Service__Performance__Pct":100,"Location":"NS"},{"Period":"2013-W44","Cust__Service__Performance__Pct":80,"Location":"PE"},{"Period":"2013-W44","Cust__Service__Performance__Pct":100,"Location":"NB"},{"Period":"2013-W44","Cust__Service__Performance__Pct":100,"Location":"NL"},{"Period":"2013-W44","Cust__Service__Performance__Pct":100,"Location":"NS"},{"Period":"2013-W45","Cust__Service__Performance__Pct":75,"Location":"PE"},{"Period":"2013-W45","Cust__Service__Performance__Pct":100,"Location":"NB"},{"Period":"2013-W45","Cust__Service__Performance__Pct":83.3333333333333,"Location":"NL"},{"Period":"2013-W45","Cust__Service__Performance__Pct":100,"Location":"NS"},{"Period":"2013-W46","Cust__Service__Performance__Pct":66.6666666666667,"Location":"PE"},{"Period":"2013-W46","Cust__Service__Performance__Pct":100,"Location":"NB"},{"Period":"2013-W46","Cust__Service__Performance__Pct":100,"Location":"NL"},{"Period":"2013-W46","Cust__Service__Performance__Pct":83.3333333333333,"Location":"NS"},{"Period":"2013-W47","Cust__Service__Performance__Pct":40,"Location":"PE"},{"Period":"2013-W47","Cust__Service__Performance__Pct":100,"Location":"NB"},{"Period":"2013-W47","Cust__Service__Performance__Pct":66.6666666666667,"Location":"NL"},{"Period":"2013-W47","Cust__Service__Performance__Pct":100,"Location":"NS"},{"Period":"2013-W48","Cust__Service__Performance__Pct":66.6666666666667,"Location":"PE"},{"Period":"2013-W48","Cust__Service__Performance__Pct":100,"Location":"NB"},{"Period":"2013-W48","Cust__Service__Performance__Pct":100,"Location":"NL"},{"Period":"2013-W48","Cust__Service__Performance__Pct":75,"Location":"NS"},{"Period":"2013-W49","Cust__Service__Performance__Pct":66.6666666666667,"Location":"PE"},{"Period":"2013-W49","Cust__Service__Performance__Pct":75,"Location":"NB"},{"Period":"2013-W49","Cust__Service__Performance__Pct":100,"Location":"NL"},{"Period":"2013-W49","Cust__Service__Performance__Pct":100,"Location":"NS"},{"Period":"2013-W50","Cust__Service__Performance__Pct":100,"Location":"PE"},{"Period":"2013-W50","Cust__Service__Performance__Pct":100,"Location":"NB"},{"Period":"2013-W50","Cust__Service__Performance__Pct":66.6666666666667,"Location":"NL"},{"Period":"2013-W50","Cust__Service__Performance__Pct":83.3333333333333,"Location":"NS"},{"Period":"2013-W51","Cust__Service__Performance__Pct":100,"Location":"PE"},{"Period":"2013-W51","Cust__Service__Performance__Pct":80,"Location":"NB"},{"Period":"2013-W51","Cust__Service__Performance__Pct":75,"Location":"NL"},{"Period":"2013-W51","Cust__Service__Performance__Pct":100,"Location":"NS"},{"Period":"2013-W52","Cust__Service__Performance__Pct":83.3333333333333,"Location":"PE"},{"Period":"2013-W52","Cust__Service__Performance__Pct":66.6666666666667,"Location":"NB"},{"Period":"2013-W52","Cust__Service__Performance__Pct":100,"Location":"NL"},{"Period":"2013-W52","Cust__Service__Performance__Pct":100,"Location":"NS"}],"Orders_Filled":[{"Orders__Filled":255348}],"Prior_Avg_Cust_Service_Performance_Pct_Quarter":[{"Prior__Avg__Cust__Service__Performance__Pct":90.3083700440529}],"Avg_Cust_Service_Performance_Pct":[{"Avg__Cust__Service__Performance__Pct":88.1057268722467}],"Cust_Service_Trend_Pct_Quarter_Region":[{"Cust__Service__Trend__Pct":83.3333333333333,"Period":"2013-W40"},{"Cust__Service__Trend__Pct":94.1176470588235,"Period":"2013-W41"},{"Cust__Service__Trend__Pct":93.3333333333333,"Period":"2013-W42"},{"Cust__Service__Trend__Pct":95,"Period":"2013-W43"},{"Cust__Service__Trend__Pct":94.1176470588235,"Period":"2013-W44"},{"Cust__Service__Trend__Pct":88.2352941176471,"Period":"2013-W45"},{"Cust__Service__Trend__Pct":87.5,"Period":"2013-W46"},{"Cust__Service__Trend__Pct":77.7777777777778,"Period":"2013-W47"},{"Cust__Service__Trend__Pct":85,"Period":"2013-W48"},{"Cust__Service__Trend__Pct":87.5,"Period":"2013-W49"},{"Cust__Service__Trend__Pct":87.5,"Period":"2013-W50"},{"Cust__Service__Trend__Pct":88.8888888888889,"Period":"2013-W51"},{"Cust__Service__Trend__Pct":84.2105263157895,"Period":"2013-W52"}],"Loads_Delivered":[{"Loads__Delivered":227}],"Prior_Orders_Filled_Quarter":[{"Prior__Orders__Filled":268567}],"Customers_Served":[{"Customers__Served":18}],"Cust_Service_Performance_Target_Pct_Quarter":[{"Cust__Service__Performance__Target__Pct":92}]}],"type":"J"}