{"message":"","count":0,"status":0,"data":[{"Orders_Filled":[{"Orders__Filled":332226}],"Avg_Cust_Service_Performance_Pct":[{"Avg__Cust__Service__Performance__Pct":88.7719298245614}],"Prior_Orders_Filled_Month":[{"Prior__Orders__Filled":261267}],"Loads_Delivered":[{"Loads__Delivered":285}],"Cust_Service_Performance_Pct_Month_Country":[{"Period":"2013-W44","Cust__Service__Performance__Pct":90,"Location":"Western Canada"},{"Period":"2013-W44","Cust__Service__Performance__Pct":80,"Location":"Northern Canada"},{"Period":"2013-W44","Cust__Service__Performance__Pct":94.1176470588235,"Location":"Atlantic Canada"},{"Period":"2013-W44","Cust__Service__Performance__Pct":75,"Location":"Ontario"},{"Period":"2013-W44","Cust__Service__Performance__Pct":100,"Location":"Quebec"},{"Period":"2013-W45","Cust__Service__Performance__Pct":87.5,"Location":"Western Canada"},{"Period":"2013-W45","Cust__Service__Performance__Pct":91.6666666666667,"Location":"Northern Canada"},{"Period":"2013-W45","Cust__Service__Performance__Pct":88.2352941176471,"Location":"Atlantic Canada"},{"Period":"2013-W45","Cust__Service__Performance__Pct":100,"Location":"Ontario"},{"Period":"2013-W45","Cust__Service__Performance__Pct":100,"Location":"Quebec"},{"Period":"2013-W46","Cust__Service__Performance__Pct":87.5,"Location":"Western Canada"},{"Period":"2013-W46","Cust__Service__Performance__Pct":92.3076923076923,"Location":"Northern Canada"},{"Period":"2013-W46","Cust__Service__Performance__Pct":87.5,"Location":"Atlantic Canada"},{"Period":"2013-W46","Cust__Service__Performance__Pct":75,"Location":"Ontario"},{"Period":"2013-W46","Cust__Service__Performance__Pct":100,"Location":"Quebec"},{"Period":"2013-W47","Cust__Service__Performance__Pct":94.7368421052632,"Location":"Western Canada"},{"Period":"2013-W47","Cust__Service__Performance__Pct":92.3076923076923,"Location":"Northern Canada"},{"Period":"2013-W47","Cust__Service__Performance__Pct":77.7777777777778,"Location":"Atlantic Canada"},{"Period":"2013-W47","Cust__Service__Performance__Pct":100,"Location":"Ontario"},{"Period":"2013-W47","Cust__Service__Performance__Pct":100,"Location":"Quebec"},{"Period":"2013-W48","Cust__Service__Performance__Pct":88.8888888888889,"Location":"Western Canada"},{"Period":"2013-W48","Cust__Service__Performance__Pct":84.6153846153846,"Location":"Northern Canada"},{"Period":"2013-W48","Cust__Service__Performance__Pct":85,"Location":"Atlantic Canada"},{"Period":"2013-W48","Cust__Service__Performance__Pct":75,"Location":"Ontario"},{"Period":"2013-W48","Cust__Service__Performance__Pct":100,"Location":"Quebec"}],"Cust_Service_Performance_Target_Pct_Month":[{"Cust__Service__Performance__Target__Pct":92}],"Customers_Served":[{"Customers__Served":18}],"Cust_Service_Trend_Pct_Month_Country":[{"Cust__Service__Trend__Pct":88.135593220339,"Period":"2013-W44"},{"Cust__Service__Trend__Pct":90.7407407407407,"Period":"2013-W45"},{"Cust__Service__Trend__Pct":89.0909090909091,"Period":"2013-W46"},{"Cust__Service__Trend__Pct":89.6551724137931,"Period":"2013-W47"},{"Cust__Service__Trend__Pct":86.4406779661017,"Period":"2013-W48"}],"Prior_Avg_Cust_Service_Performance_Pct_Month":[{"Prior__Avg__Cust__Service__Performance__Pct":87.1681415929204}]}],"type":"J"}