{"message":"","count":0,"status":0,"data":[{"Orders_Filled":[{"Orders__Filled":2488}],"Avg_Cust_Service_Performance_Pct":[{"Avg__Cust__Service__Performance__Pct":75}],"Prior_Avg_Cust_Service_Performance_Pct_Week":[{"Prior__Avg__Cust__Service__Performance__Pct":50}],"Prior_Orders_Filled_Week":[{"Prior__Orders__Filled":4108}],"Loads_Delivered":[{"Loads__Delivered":4}],"Cust_Service_Performance_Target_Pct_Week":[{"Cust__Service__Performance__Target__Pct":92}],"Customers_Served":[{"Customers__Served":4}],"Cust_Service_Trend_Pct_Week_Region":[{"Cust__Service__Trend__Pct":100,"Period":"2014-01-19"},{"Cust__Service__Trend__Pct":100,"Period":"2014-01-21"},{"Cust__Service__Trend__Pct":100,"Period":"2014-01-23"},{"Cust__Service__Trend__Pct":0,"Period":"2014-01-25"}],"Cust_Service_Performance_Pct_Week_Region":[{"Period":"2014-01-19","Cust__Service__Performance__Pct":100,"Location":"ON"},{"Period":"2014-01-21","Cust__Service__Performance__Pct":100,"Location":"ON"},{"Period":"2014-01-23","Cust__Service__Performance__Pct":100,"Location":"ON"},{"Period":"2014-01-25","Cust__Service__Performance__Pct":0,"Location":"ON"}]}],"type":"J"}