{"message":"","count":0,"status":0,"data":[{"Prior_Orders_Filled_Year":[{"Prior__Orders__Filled":13628047}],"Orders_Filled":[{"Orders__Filled":13385841}],"Avg_Cust_Service_Performance_Pct":[{"Avg__Cust__Service__Performance__Pct":89.0470404443673}],"Loads_Delivered":[{"Loads__Delivered":11522}],"Prior_Avg_Cust_Service_Performance_Pct_Year":[{"Prior__Avg__Cust__Service__Performance__Pct":88.6741037213659}],"Cust_Service_Trend_Pct_Year_All":[{"Cust__Service__Trend__Pct":90.1805869074492,"Period":"2013-M01"},{"Cust__Service__Trend__Pct":87.9061371841155,"Period":"2013-M02"},{"Cust__Service__Trend__Pct":89.6162528216704,"Period":"2013-M03"},{"Cust__Service__Trend__Pct":90.304396843292,"Period":"2013-M04"},{"Cust__Service__Trend__Pct":89.6021699819168,"Period":"2013-M05"},{"Cust__Service__Trend__Pct":89.0519187358916,"Period":"2013-M06"},{"Cust__Service__Trend__Pct":89.5152198421646,"Period":"2013-M07"},{"Cust__Service__Trend__Pct":87.736699729486,"Period":"2013-M08"},{"Cust__Service__Trend__Pct":89.9548532731377,"Period":"2013-M09"},{"Cust__Service__Trend__Pct":88.0496054114994,"Period":"2013-M10"},{"Cust__Service__Trend__Pct":89.0794223826715,"Period":"2013-M11"},{"Cust__Service__Trend__Pct":88.0361173814898,"Period":"2013-M12"}],"Customers_Served":[{"Customers__Served":18}],"Cust_Service_Performance_Target_Pct_Year":[{"Cust__Service__Performance__Target__Pct":91.25}],"Cust_Service_Performance_Pct_Year_All":[{"Period":"2013-M01","Cust__Service__Performance__Pct":90.3083700440529,"Location":"CAN"},{"Period":"2013-M01","Cust__Service__Performance__Pct":88.4745762711865,"Location":"USA"},{"Period":"2013-M01","Cust__Service__Performance__Pct":91.4835164835165,"Location":"MX"},{"Period":"2013-M02","Cust__Service__Performance__Pct":89.3238434163701,"Location":"CAN"},{"Period":"2013-M02","Cust__Service__Performance__Pct":87.5675675675676,"Location":"USA"},{"Period":"2013-M02","Cust__Service__Performance__Pct":87.308533916849,"Location":"MX"},{"Period":"2013-M03","Cust__Service__Performance__Pct":85.7777777777778,"Location":"CAN"},{"Period":"2013-M03","Cust__Service__Performance__Pct":88.8513513513514,"Location":"USA"},{"Period":"2013-M03","Cust__Service__Performance__Pct":92.6027397260274,"Location":"MX"},{"Period":"2013-M04","Cust__Service__Performance__Pct":92.9203539823009,"Location":"CAN"},{"Period":"2013-M04","Cust__Service__Performance__Pct":89.1891891891892,"Location":"USA"},{"Period":"2013-M04","Cust__Service__Performance__Pct":89.5890410958904,"Location":"MX"},{"Period":"2013-M05","Cust__Service__Performance__Pct":88.3802816901408,"Location":"CAN"},{"Period":"2013-M05","Cust__Service__Performance__Pct":89.3732970027248,"Location":"USA"},{"Period":"2013-M05","Cust__Service__Performance__Pct":90.5494505494506,"Location":"MX"},{"Period":"2013-M06","Cust__Service__Performance__Pct":86.7256637168142,"Location":"CAN"},{"Period":"2013-M06","Cust__Service__Performance__Pct":90.5084745762712,"Location":"USA"},{"Period":"2013-M06","Cust__Service__Performance__Pct":89.3150684931507,"Location":"MX"},{"Period":"2013-M07","Cust__Service__Performance__Pct":91.5929203539823,"Location":"CAN"},{"Period":"2013-M07","Cust__Service__Performance__Pct":88.8135593220339,"Location":"USA"},{"Period":"2013-M07","Cust__Service__Performance__Pct":88.7978142076503,"Location":"MX"},{"Period":"2013-M08","Cust__Service__Performance__Pct":86.5248226950355,"Location":"CAN"},{"Period":"2013-M08","Cust__Service__Performance__Pct":89.4878706199461,"Location":"USA"},{"Period":"2013-M08","Cust__Service__Performance__Pct":87.0614035087719,"Location":"MX"},{"Period":"2013-M09","Cust__Service__Performance__Pct":88.0530973451327,"Location":"CAN"},{"Period":"2013-M09","Cust__Service__Performance__Pct":89.4915254237288,"Location":"USA"},{"Period":"2013-M09","Cust__Service__Performance__Pct":91.5068493150685,"Location":"MX"},{"Period":"2013-M10","Cust__Service__Performance__Pct":87.1681415929204,"Location":"CAN"},{"Period":"2013-M10","Cust__Service__Performance__Pct":88.8513513513514,"Location":"USA"},{"Period":"2013-M10","Cust__Service__Performance__Pct":87.9452054794521,"Location":"MX"},{"Period":"2013-M11","Cust__Service__Performance__Pct":88.7719298245614,"Location":"CAN"},{"Period":"2013-M11","Cust__Service__Performance__Pct":87.5,"Location":"USA"},{"Period":"2013-M11","Cust__Service__Performance__Pct":90.5494505494506,"Location":"MX"},{"Period":"2013-M12","Cust__Service__Performance__Pct":84.4444444444444,"Location":"CAN"},{"Period":"2013-M12","Cust__Service__Performance__Pct":90.2027027027027,"Location":"USA"},{"Period":"2013-M12","Cust__Service__Performance__Pct":88.4931506849315,"Location":"MX"}]}],"type":"J"}