{"message":"","count":0,"status":0,"data":[{"Cust_Service_Performance_Pct_Quarter_Region":[{"Period":"2013-W27","Cust__Service__Performance__Pct":100,"Location":"FL"},{"Period":"2013-W27","Cust__Service__Performance__Pct":75,"Location":"NC"},{"Period":"2013-W27","Cust__Service__Performance__Pct":100,"Location":"TN"},{"Period":"2013-W27","Cust__Service__Performance__Pct":100,"Location":"AL"},{"Period":"2013-W27","Cust__Service__Performance__Pct":60,"Location":"GA"},{"Period":"2013-W28","Cust__Service__Performance__Pct":100,"Location":"FL"},{"Period":"2013-W28","Cust__Service__Performance__Pct":100,"Location":"NC"},{"Period":"2013-W28","Cust__Service__Performance__Pct":66.6666666666667,"Location":"TN"},{"Period":"2013-W28","Cust__Service__Performance__Pct":100,"Location":"AL"},{"Period":"2013-W28","Cust__Service__Performance__Pct":100,"Location":"GA"},{"Period":"2013-W29","Cust__Service__Performance__Pct":100,"Location":"FL"},{"Period":"2013-W29","Cust__Service__Performance__Pct":100,"Location":"NC"},{"Period":"2013-W29","Cust__Service__Performance__Pct":100,"Location":"TN"},{"Period":"2013-W29","Cust__Service__Performance__Pct":100,"Location":"AL"},{"Period":"2013-W29","Cust__Service__Performance__Pct":66.6666666666667,"Location":"GA"},{"Period":"2013-W30","Cust__Service__Performance__Pct":75,"Location":"FL"},{"Period":"2013-W30","Cust__Service__Performance__Pct":100,"Location":"NC"},{"Period":"2013-W30","Cust__Service__Performance__Pct":83.3333333333333,"Location":"TN"},{"Period":"2013-W30","Cust__Service__Performance__Pct":75,"Location":"AL"},{"Period":"2013-W30","Cust__Service__Performance__Pct":100,"Location":"GA"},{"Period":"2013-W31","Cust__Service__Performance__Pct":66.6666666666667,"Location":"FL"},{"Period":"2013-W31","Cust__Service__Performance__Pct":80,"Location":"NC"},{"Period":"2013-W31","Cust__Service__Performance__Pct":100,"Location":"TN"},{"Period":"2013-W31","Cust__Service__Performance__Pct":100,"Location":"AL"},{"Period":"2013-W31","Cust__Service__Performance__Pct":100,"Location":"GA"},{"Period":"2013-W32","Cust__Service__Performance__Pct":100,"Location":"FL"},{"Period":"2013-W32","Cust__Service__Performance__Pct":83.3333333333333,"Location":"NC"},{"Period":"2013-W32","Cust__Service__Performance__Pct":75,"Location":"TN"},{"Period":"2013-W32","Cust__Service__Performance__Pct":66.6666666666667,"Location":"AL"},{"Period":"2013-W32","Cust__Service__Performance__Pct":100,"Location":"GA"},{"Period":"2013-W33","Cust__Service__Performance__Pct":83.3333333333333,"Location":"FL"},{"Period":"2013-W33","Cust__Service__Performance__Pct":66.6666666666667,"Location":"NC"},{"Period":"2013-W33","Cust__Service__Performance__Pct":100,"Location":"TN"},{"Period":"2013-W33","Cust__Service__Performance__Pct":100,"Location":"AL"},{"Period":"2013-W33","Cust__Service__Performance__Pct":100,"Location":"GA"},{"Period":"2013-W34","Cust__Service__Performance__Pct":100,"Location":"FL"},{"Period":"2013-W34","Cust__Service__Performance__Pct":100,"Location":"NC"},{"Period":"2013-W34","Cust__Service__Performance__Pct":100,"Location":"TN"},{"Period":"2013-W34","Cust__Service__Performance__Pct":80,"Location":"AL"},{"Period":"2013-W34","Cust__Service__Performance__Pct":100,"Location":"GA"},{"Period":"2013-W35","Cust__Service__Performance__Pct":100,"Location":"FL"},{"Period":"2013-W35","Cust__Service__Performance__Pct":75,"Location":"NC"},{"Period":"2013-W35","Cust__Service__Performance__Pct":100,"Location":"TN"},{"Period":"2013-W35","Cust__Service__Performance__Pct":100,"Location":"AL"},{"Period":"2013-W35","Cust__Service__Performance__Pct":83.3333333333333,"Location":"GA"},{"Period":"2013-W36","Cust__Service__Performance__Pct":66.6666666666667,"Location":"FL"},{"Period":"2013-W36","Cust__Service__Performance__Pct":100,"Location":"NC"},{"Period":"2013-W36","Cust__Service__Performance__Pct":66.6666666666667,"Location":"TN"},{"Period":"2013-W36","Cust__Service__Performance__Pct":33.3333333333333,"Location":"AL"},{"Period":"2013-W36","Cust__Service__Performance__Pct":100,"Location":"GA"},{"Period":"2013-W37","Cust__Service__Performance__Pct":83.3333333333333,"Location":"FL"},{"Period":"2013-W37","Cust__Service__Performance__Pct":100,"Location":"NC"},{"Period":"2013-W37","Cust__Service__Performance__Pct":100,"Location":"TN"},{"Period":"2013-W37","Cust__Service__Performance__Pct":100,"Location":"AL"},{"Period":"2013-W37","Cust__Service__Performance__Pct":33.3333333333333,"Location":"GA"},{"Period":"2013-W38","Cust__Service__Performance__Pct":100,"Location":"FL"},{"Period":"2013-W38","Cust__Service__Performance__Pct":100,"Location":"NC"},{"Period":"2013-W38","Cust__Service__Performance__Pct":100,"Location":"TN"},{"Period":"2013-W38","Cust__Service__Performance__Pct":100,"Location":"AL"},{"Period":"2013-W38","Cust__Service__Performance__Pct":100,"Location":"GA"},{"Period":"2013-W39","Cust__Service__Performance__Pct":100,"Location":"FL"},{"Period":"2013-W39","Cust__Service__Performance__Pct":100,"Location":"NC"},{"Period":"2013-W39","Cust__Service__Performance__Pct":100,"Location":"TN"},{"Period":"2013-W39","Cust__Service__Performance__Pct":100,"Location":"AL"},{"Period":"2013-W39","Cust__Service__Performance__Pct":100,"Location":"GA"}],"Orders_Filled":[{"Orders__Filled":322872}],"Prior_Avg_Cust_Service_Performance_Pct_Quarter":[{"Prior__Avg__Cust__Service__Performance__Pct":89.3617021276596}],"Avg_Cust_Service_Performance_Pct":[{"Avg__Cust__Service__Performance__Pct":91.1660777385159}],"Cust_Service_Trend_Pct_Quarter_Region":[{"Cust__Service__Trend__Pct":85.7142857142857,"Period":"2013-W27"},{"Cust__Service__Trend__Pct":95.2380952380952,"Period":"2013-W28"},{"Cust__Service__Trend__Pct":95.4545454545455,"Period":"2013-W29"},{"Cust__Service__Trend__Pct":86.3636363636364,"Period":"2013-W30"},{"Cust__Service__Trend__Pct":91.304347826087,"Period":"2013-W31"},{"Cust__Service__Trend__Pct":85,"Period":"2013-W32"},{"Cust__Service__Trend__Pct":90.9090909090909,"Period":"2013-W33"},{"Cust__Service__Trend__Pct":95.4545454545455,"Period":"2013-W34"},{"Cust__Service__Trend__Pct":91.304347826087,"Period":"2013-W35"},{"Cust__Service__Trend__Pct":78.9473684210526,"Period":"2013-W36"},{"Cust__Service__Trend__Pct":86.9565217391304,"Period":"2013-W37"},{"Cust__Service__Trend__Pct":100,"Period":"2013-W38"},{"Cust__Service__Trend__Pct":100,"Period":"2013-W39"}],"Loads_Delivered":[{"Loads__Delivered":283}],"Prior_Orders_Filled_Quarter":[{"Prior__Orders__Filled":320242}],"Customers_Served":[{"Customers__Served":18}],"Cust_Service_Performance_Target_Pct_Quarter":[{"Cust__Service__Performance__Target__Pct":92}]}],"type":"J"}