{"message":"","count":0,"status":0,"data":[{"Cust_Service_Performance_Pct_Quarter_Region":[{"Period":"2013-W40","Cust__Service__Performance__Pct":100,"Location":"HI"},{"Period":"2013-W40","Cust__Service__Performance__Pct":66.6666666666667,"Location":"VE"},{"Period":"2013-W40","Cust__Service__Performance__Pct":50,"Location":"PU"},{"Period":"2013-W41","Cust__Service__Performance__Pct":100,"Location":"HI"},{"Period":"2013-W41","Cust__Service__Performance__Pct":80,"Location":"VE"},{"Period":"2013-W41","Cust__Service__Performance__Pct":100,"Location":"PU"},{"Period":"2013-W42","Cust__Service__Performance__Pct":100,"Location":"HI"},{"Period":"2013-W42","Cust__Service__Performance__Pct":83.3333333333333,"Location":"VE"},{"Period":"2013-W42","Cust__Service__Performance__Pct":100,"Location":"PU"},{"Period":"2013-W43","Cust__Service__Performance__Pct":100,"Location":"HI"},{"Period":"2013-W43","Cust__Service__Performance__Pct":100,"Location":"VE"},{"Period":"2013-W43","Cust__Service__Performance__Pct":100,"Location":"PU"},{"Period":"2013-W44","Cust__Service__Performance__Pct":100,"Location":"HI"},{"Period":"2013-W44","Cust__Service__Performance__Pct":100,"Location":"VE"},{"Period":"2013-W44","Cust__Service__Performance__Pct":80,"Location":"PU"},{"Period":"2013-W45","Cust__Service__Performance__Pct":75,"Location":"HI"},{"Period":"2013-W45","Cust__Service__Performance__Pct":75,"Location":"VE"},{"Period":"2013-W45","Cust__Service__Performance__Pct":83.3333333333333,"Location":"PU"},{"Period":"2013-W46","Cust__Service__Performance__Pct":66.6666666666667,"Location":"HI"},{"Period":"2013-W46","Cust__Service__Performance__Pct":100,"Location":"VE"},{"Period":"2013-W46","Cust__Service__Performance__Pct":100,"Location":"PU"},{"Period":"2013-W47","Cust__Service__Performance__Pct":83.3333333333333,"Location":"HI"},{"Period":"2013-W47","Cust__Service__Performance__Pct":100,"Location":"VE"},{"Period":"2013-W47","Cust__Service__Performance__Pct":75,"Location":"PU"},{"Period":"2013-W48","Cust__Service__Performance__Pct":100,"Location":"HI"},{"Period":"2013-W48","Cust__Service__Performance__Pct":100,"Location":"VE"},{"Period":"2013-W48","Cust__Service__Performance__Pct":75,"Location":"PU"},{"Period":"2013-W49","Cust__Service__Performance__Pct":66.6666666666667,"Location":"HI"},{"Period":"2013-W49","Cust__Service__Performance__Pct":100,"Location":"VE"},{"Period":"2013-W49","Cust__Service__Performance__Pct":83.3333333333333,"Location":"PU"},{"Period":"2013-W50","Cust__Service__Performance__Pct":66.6666666666667,"Location":"HI"},{"Period":"2013-W50","Cust__Service__Performance__Pct":66.6666666666667,"Location":"VE"},{"Period":"2013-W50","Cust__Service__Performance__Pct":100,"Location":"PU"},{"Period":"2013-W51","Cust__Service__Performance__Pct":83.3333333333333,"Location":"HI"},{"Period":"2013-W51","Cust__Service__Performance__Pct":75,"Location":"VE"},{"Period":"2013-W51","Cust__Service__Performance__Pct":100,"Location":"PU"},{"Period":"2013-W52","Cust__Service__Performance__Pct":80,"Location":"HI"},{"Period":"2013-W52","Cust__Service__Performance__Pct":100,"Location":"VE"},{"Period":"2013-W52","Cust__Service__Performance__Pct":100,"Location":"PU"}],"Orders_Filled":[{"Orders__Filled":194821}],"Prior_Avg_Cust_Service_Performance_Pct_Quarter":[{"Prior__Avg__Cust__Service__Performance__Pct":85.207100591716}],"Avg_Cust_Service_Performance_Pct":[{"Avg__Cust__Service__Performance__Pct":87.0588235294118}],"Cust_Service_Trend_Pct_Quarter_Region":[{"Cust__Service__Trend__Pct":69.2307692307692,"Period":"2013-W40"},{"Cust__Service__Trend__Pct":92.3076923076923,"Period":"2013-W41"},{"Cust__Service__Trend__Pct":92.8571428571429,"Period":"2013-W42"},{"Cust__Service__Trend__Pct":100,"Period":"2013-W43"},{"Cust__Service__Trend__Pct":92.3076923076923,"Period":"2013-W44"},{"Cust__Service__Trend__Pct":78.5714285714286,"Period":"2013-W45"},{"Cust__Service__Trend__Pct":91.6666666666667,"Period":"2013-W46"},{"Cust__Service__Trend__Pct":85.7142857142857,"Period":"2013-W47"},{"Cust__Service__Trend__Pct":91.6666666666667,"Period":"2013-W48"},{"Cust__Service__Trend__Pct":84.6153846153846,"Period":"2013-W49"},{"Cust__Service__Trend__Pct":76.9230769230769,"Period":"2013-W50"},{"Cust__Service__Trend__Pct":84.6153846153846,"Period":"2013-W51"},{"Cust__Service__Trend__Pct":92.8571428571429,"Period":"2013-W52"}],"Loads_Delivered":[{"Loads__Delivered":170}],"Prior_Orders_Filled_Quarter":[{"Prior__Orders__Filled":197338}],"Customers_Served":[{"Customers__Served":18}],"Cust_Service_Performance_Target_Pct_Quarter":[{"Cust__Service__Performance__Target__Pct":92}]}],"type":"J"}