{"message":"","count":0,"status":0,"data":[{"Orders_Filled":[{"Orders__Filled":85814}],"Avg_Cust_Service_Performance_Pct":[{"Avg__Cust__Service__Performance__Pct":85.9375}],"Cust_Service_Performance_Pct_Month_Region":[{"Period":"2013-W44","Cust__Service__Performance__Pct":100,"Location":"AZ"},{"Period":"2013-W44","Cust__Service__Performance__Pct":83.3333333333333,"Location":"CA"},{"Period":"2013-W44","Cust__Service__Performance__Pct":100,"Location":"NV"},{"Period":"2013-W45","Cust__Service__Performance__Pct":100,"Location":"AZ"},{"Period":"2013-W45","Cust__Service__Performance__Pct":100,"Location":"CA"},{"Period":"2013-W45","Cust__Service__Performance__Pct":83.3333333333333,"Location":"NV"},{"Period":"2013-W46","Cust__Service__Performance__Pct":75,"Location":"AZ"},{"Period":"2013-W46","Cust__Service__Performance__Pct":50,"Location":"CA"},{"Period":"2013-W46","Cust__Service__Performance__Pct":100,"Location":"NV"},{"Period":"2013-W47","Cust__Service__Performance__Pct":66.6666666666667,"Location":"AZ"},{"Period":"2013-W47","Cust__Service__Performance__Pct":100,"Location":"CA"},{"Period":"2013-W47","Cust__Service__Performance__Pct":100,"Location":"NV"},{"Period":"2013-W48","Cust__Service__Performance__Pct":75,"Location":"AZ"},{"Period":"2013-W48","Cust__Service__Performance__Pct":83.3333333333333,"Location":"CA"},{"Period":"2013-W48","Cust__Service__Performance__Pct":100,"Location":"NV"}],"Prior_Orders_Filled_Month":[{"Prior__Orders__Filled":73806}],"Cust_Service_Trend_Pct_Month_Region":[{"Cust__Service__Trend__Pct":91.6666666666667,"Period":"2013-W44"},{"Cust__Service__Trend__Pct":92.3076923076923,"Period":"2013-W45"},{"Cust__Service__Trend__Pct":76.9230769230769,"Period":"2013-W46"},{"Cust__Service__Trend__Pct":84.6153846153846,"Period":"2013-W47"},{"Cust__Service__Trend__Pct":84.6153846153846,"Period":"2013-W48"}],"Loads_Delivered":[{"Loads__Delivered":64}],"Cust_Service_Performance_Target_Pct_Month":[{"Cust__Service__Performance__Target__Pct":92}],"Customers_Served":[{"Customers__Served":18}],"Prior_Avg_Cust_Service_Performance_Pct_Month":[{"Prior__Avg__Cust__Service__Performance__Pct":92.5925925925926}]}],"type":"J"}