{"message":"","count":0,"status":0,"data":[{"Orders_Filled":[{"Orders__Filled":353064}],"Avg_Cust_Service_Performance_Pct":[{"Avg__Cust__Service__Performance__Pct":88.8513513513514}],"Prior_Orders_Filled_Month":[{"Prior__Orders__Filled":344563}],"Loads_Delivered":[{"Loads__Delivered":296}],"Cust_Service_Performance_Pct_Month_Country":[{"Period":"2013-W40","Cust__Service__Performance__Pct":92.8571428571429,"Location":"West"},{"Period":"2013-W40","Cust__Service__Performance__Pct":82.6086956521739,"Location":"Northeast"},{"Period":"2013-W40","Cust__Service__Performance__Pct":100,"Location":"Midwest"},{"Period":"2013-W40","Cust__Service__Performance__Pct":78.9473684210526,"Location":"South"},{"Period":"2013-W41","Cust__Service__Performance__Pct":84.6153846153846,"Location":"West"},{"Period":"2013-W41","Cust__Service__Performance__Pct":86.3636363636364,"Location":"Northeast"},{"Period":"2013-W41","Cust__Service__Performance__Pct":76.4705882352941,"Location":"Midwest"},{"Period":"2013-W41","Cust__Service__Performance__Pct":86.3636363636364,"Location":"South"},{"Period":"2013-W42","Cust__Service__Performance__Pct":100,"Location":"West"},{"Period":"2013-W42","Cust__Service__Performance__Pct":91.304347826087,"Location":"Northeast"},{"Period":"2013-W42","Cust__Service__Performance__Pct":100,"Location":"Midwest"},{"Period":"2013-W42","Cust__Service__Performance__Pct":91.6666666666667,"Location":"South"},{"Period":"2013-W43","Cust__Service__Performance__Pct":93.3333333333333,"Location":"West"},{"Period":"2013-W43","Cust__Service__Performance__Pct":84.2105263157895,"Location":"Northeast"},{"Period":"2013-W43","Cust__Service__Performance__Pct":82.3529411764706,"Location":"Midwest"},{"Period":"2013-W43","Cust__Service__Performance__Pct":95.4545454545455,"Location":"South"}],"Cust_Service_Performance_Target_Pct_Month":[{"Cust__Service__Performance__Target__Pct":92}],"Customers_Served":[{"Customers__Served":18}],"Cust_Service_Trend_Pct_Month_Country":[{"Cust__Service__Trend__Pct":87.8378378378378,"Period":"2013-W40"},{"Cust__Service__Trend__Pct":83.7837837837838,"Period":"2013-W41"},{"Cust__Service__Trend__Pct":94.6666666666667,"Period":"2013-W42"},{"Cust__Service__Trend__Pct":89.041095890411,"Period":"2013-W43"}],"Prior_Avg_Cust_Service_Performance_Pct_Month":[{"Prior__Avg__Cust__Service__Performance__Pct":89.4915254237288}]}],"type":"J"}