{"message":"","count":0,"status":0,"data":[{"Cust_Service_Performance_Pct_Quarter_Region":[{"Period":"2013-W01","Cust__Service__Performance__Pct":83.3333333333333,"Location":"AZ"},{"Period":"2013-W01","Cust__Service__Performance__Pct":66.6666666666667,"Location":"CA"},{"Period":"2013-W01","Cust__Service__Performance__Pct":75,"Location":"NV"},{"Period":"2013-W02","Cust__Service__Performance__Pct":75,"Location":"AZ"},{"Period":"2013-W02","Cust__Service__Performance__Pct":83.3333333333333,"Location":"CA"},{"Period":"2013-W02","Cust__Service__Performance__Pct":100,"Location":"NV"},{"Period":"2013-W03","Cust__Service__Performance__Pct":100,"Location":"AZ"},{"Period":"2013-W03","Cust__Service__Performance__Pct":100,"Location":"CA"},{"Period":"2013-W03","Cust__Service__Performance__Pct":100,"Location":"NV"},{"Period":"2013-W04","Cust__Service__Performance__Pct":100,"Location":"AZ"},{"Period":"2013-W04","Cust__Service__Performance__Pct":50,"Location":"CA"},{"Period":"2013-W04","Cust__Service__Performance__Pct":100,"Location":"NV"},{"Period":"2013-W05","Cust__Service__Performance__Pct":100,"Location":"AZ"},{"Period":"2013-W05","Cust__Service__Performance__Pct":100,"Location":"CA"},{"Period":"2013-W05","Cust__Service__Performance__Pct":100,"Location":"NV"},{"Period":"2013-W06","Cust__Service__Performance__Pct":60,"Location":"AZ"},{"Period":"2013-W06","Cust__Service__Performance__Pct":100,"Location":"CA"},{"Period":"2013-W06","Cust__Service__Performance__Pct":100,"Location":"NV"},{"Period":"2013-W07","Cust__Service__Performance__Pct":100,"Location":"AZ"},{"Period":"2013-W07","Cust__Service__Performance__Pct":100,"Location":"CA"},{"Period":"2013-W07","Cust__Service__Performance__Pct":100,"Location":"NV"},{"Period":"2013-W08","Cust__Service__Performance__Pct":100,"Location":"AZ"},{"Period":"2013-W08","Cust__Service__Performance__Pct":100,"Location":"CA"},{"Period":"2013-W08","Cust__Service__Performance__Pct":100,"Location":"NV"},{"Period":"2013-W09","Cust__Service__Performance__Pct":100,"Location":"AZ"},{"Period":"2013-W09","Cust__Service__Performance__Pct":100,"Location":"CA"},{"Period":"2013-W09","Cust__Service__Performance__Pct":100,"Location":"NV"},{"Period":"2013-W10","Cust__Service__Performance__Pct":100,"Location":"AZ"},{"Period":"2013-W10","Cust__Service__Performance__Pct":100,"Location":"CA"},{"Period":"2013-W10","Cust__Service__Performance__Pct":100,"Location":"NV"},{"Period":"2013-W11","Cust__Service__Performance__Pct":50,"Location":"AZ"},{"Period":"2013-W11","Cust__Service__Performance__Pct":83.3333333333333,"Location":"CA"},{"Period":"2013-W11","Cust__Service__Performance__Pct":100,"Location":"NV"},{"Period":"2013-W12","Cust__Service__Performance__Pct":100,"Location":"AZ"},{"Period":"2013-W12","Cust__Service__Performance__Pct":100,"Location":"CA"},{"Period":"2013-W12","Cust__Service__Performance__Pct":83.3333333333333,"Location":"NV"},{"Period":"2013-W13","Cust__Service__Performance__Pct":100,"Location":"AZ"},{"Period":"2013-W13","Cust__Service__Performance__Pct":66.6666666666667,"Location":"CA"},{"Period":"2013-W13","Cust__Service__Performance__Pct":100,"Location":"NV"}],"Orders_Filled":[{"Orders__Filled":228433}],"Prior_Avg_Cust_Service_Performance_Pct_Quarter":[{"Prior__Avg__Cust__Service__Performance__Pct":91.2087912087912}],"Avg_Cust_Service_Performance_Pct":[{"Avg__Cust__Service__Performance__Pct":91.7159763313609}],"Cust_Service_Trend_Pct_Quarter_Region":[{"Cust__Service__Trend__Pct":76.9230769230769,"Period":"2013-W01"},{"Cust__Service__Trend__Pct":84.6153846153846,"Period":"2013-W02"},{"Cust__Service__Trend__Pct":100,"Period":"2013-W03"},{"Cust__Service__Trend__Pct":84.6153846153846,"Period":"2013-W04"},{"Cust__Service__Trend__Pct":100,"Period":"2013-W05"},{"Cust__Service__Trend__Pct":85.7142857142857,"Period":"2013-W06"},{"Cust__Service__Trend__Pct":100,"Period":"2013-W07"},{"Cust__Service__Trend__Pct":100,"Period":"2013-W08"},{"Cust__Service__Trend__Pct":100,"Period":"2013-W09"},{"Cust__Service__Trend__Pct":100,"Period":"2013-W10"},{"Cust__Service__Trend__Pct":78.5714285714286,"Period":"2013-W11"},{"Cust__Service__Trend__Pct":92.3076923076923,"Period":"2013-W12"},{"Cust__Service__Trend__Pct":91.6666666666667,"Period":"2013-W13"}],"Loads_Delivered":[{"Loads__Delivered":169}],"Prior_Orders_Filled_Quarter":[{"Prior__Orders__Filled":235676}],"Customers_Served":[{"Customers__Served":18}],"Cust_Service_Performance_Target_Pct_Quarter":[{"Cust__Service__Performance__Target__Pct":90}]}],"type":"J"}