{"message":"","count":0,"status":0,"data":[{"Cust_Service_Performance_Pct_Quarter_Region":[{"Period":"2013-W27","Cust__Service__Performance__Pct":75,"Location":"MA"},{"Period":"2013-W27","Cust__Service__Performance__Pct":100,"Location":"VT"},{"Period":"2013-W27","Cust__Service__Performance__Pct":100,"Location":"NY"},{"Period":"2013-W27","Cust__Service__Performance__Pct":100,"Location":"ME"},{"Period":"2013-W27","Cust__Service__Performance__Pct":100,"Location":"NH"},{"Period":"2013-W28","Cust__Service__Performance__Pct":100,"Location":"MA"},{"Period":"2013-W28","Cust__Service__Performance__Pct":66.6666666666667,"Location":"VT"},{"Period":"2013-W28","Cust__Service__Performance__Pct":100,"Location":"NY"},{"Period":"2013-W28","Cust__Service__Performance__Pct":66.6666666666667,"Location":"ME"},{"Period":"2013-W28","Cust__Service__Performance__Pct":66.6666666666667,"Location":"NH"},{"Period":"2013-W29","Cust__Service__Performance__Pct":83.3333333333333,"Location":"MA"},{"Period":"2013-W29","Cust__Service__Performance__Pct":100,"Location":"VT"},{"Period":"2013-W29","Cust__Service__Performance__Pct":100,"Location":"NY"},{"Period":"2013-W29","Cust__Service__Performance__Pct":100,"Location":"ME"},{"Period":"2013-W29","Cust__Service__Performance__Pct":83.3333333333333,"Location":"NH"},{"Period":"2013-W30","Cust__Service__Performance__Pct":100,"Location":"MA"},{"Period":"2013-W30","Cust__Service__Performance__Pct":100,"Location":"VT"},{"Period":"2013-W30","Cust__Service__Performance__Pct":75,"Location":"NY"},{"Period":"2013-W30","Cust__Service__Performance__Pct":75,"Location":"ME"},{"Period":"2013-W30","Cust__Service__Performance__Pct":100,"Location":"NH"},{"Period":"2013-W31","Cust__Service__Performance__Pct":66.6666666666667,"Location":"MA"},{"Period":"2013-W31","Cust__Service__Performance__Pct":75,"Location":"VT"},{"Period":"2013-W31","Cust__Service__Performance__Pct":100,"Location":"NY"},{"Period":"2013-W31","Cust__Service__Performance__Pct":83.3333333333333,"Location":"ME"},{"Period":"2013-W31","Cust__Service__Performance__Pct":75,"Location":"NH"},{"Period":"2013-W32","Cust__Service__Performance__Pct":66.6666666666667,"Location":"MA"},{"Period":"2013-W32","Cust__Service__Performance__Pct":66.6666666666667,"Location":"VT"},{"Period":"2013-W32","Cust__Service__Performance__Pct":83.3333333333333,"Location":"NY"},{"Period":"2013-W32","Cust__Service__Performance__Pct":100,"Location":"ME"},{"Period":"2013-W32","Cust__Service__Performance__Pct":100,"Location":"NH"},{"Period":"2013-W33","Cust__Service__Performance__Pct":83.3333333333333,"Location":"MA"},{"Period":"2013-W33","Cust__Service__Performance__Pct":100,"Location":"VT"},{"Period":"2013-W33","Cust__Service__Performance__Pct":75,"Location":"NY"},{"Period":"2013-W33","Cust__Service__Performance__Pct":66.6666666666667,"Location":"ME"},{"Period":"2013-W33","Cust__Service__Performance__Pct":80,"Location":"NH"},{"Period":"2013-W34","Cust__Service__Performance__Pct":100,"Location":"MA"},{"Period":"2013-W34","Cust__Service__Performance__Pct":100,"Location":"VT"},{"Period":"2013-W34","Cust__Service__Performance__Pct":100,"Location":"NY"},{"Period":"2013-W34","Cust__Service__Performance__Pct":100,"Location":"ME"},{"Period":"2013-W34","Cust__Service__Performance__Pct":83.3333333333333,"Location":"NH"},{"Period":"2013-W35","Cust__Service__Performance__Pct":100,"Location":"MA"},{"Period":"2013-W35","Cust__Service__Performance__Pct":100,"Location":"VT"},{"Period":"2013-W35","Cust__Service__Performance__Pct":100,"Location":"NY"},{"Period":"2013-W35","Cust__Service__Performance__Pct":100,"Location":"ME"},{"Period":"2013-W35","Cust__Service__Performance__Pct":100,"Location":"NH"},{"Period":"2013-W36","Cust__Service__Performance__Pct":100,"Location":"MA"},{"Period":"2013-W36","Cust__Service__Performance__Pct":83.3333333333333,"Location":"VT"},{"Period":"2013-W36","Cust__Service__Performance__Pct":66.6666666666667,"Location":"NY"},{"Period":"2013-W36","Cust__Service__Performance__Pct":100,"Location":"ME"},{"Period":"2013-W36","Cust__Service__Performance__Pct":75,"Location":"NH"},{"Period":"2013-W37","Cust__Service__Performance__Pct":100,"Location":"MA"},{"Period":"2013-W37","Cust__Service__Performance__Pct":100,"Location":"VT"},{"Period":"2013-W37","Cust__Service__Performance__Pct":75,"Location":"NY"},{"Period":"2013-W37","Cust__Service__Performance__Pct":100,"Location":"ME"},{"Period":"2013-W37","Cust__Service__Performance__Pct":75,"Location":"NH"},{"Period":"2013-W38","Cust__Service__Performance__Pct":100,"Location":"MA"},{"Period":"2013-W38","Cust__Service__Performance__Pct":100,"Location":"VT"},{"Period":"2013-W38","Cust__Service__Performance__Pct":75,"Location":"NY"},{"Period":"2013-W38","Cust__Service__Performance__Pct":100,"Location":"ME"},{"Period":"2013-W38","Cust__Service__Performance__Pct":100,"Location":"NH"},{"Period":"2013-W39","Cust__Service__Performance__Pct":100,"Location":"MA"},{"Period":"2013-W39","Cust__Service__Performance__Pct":66.6666666666667,"Location":"VT"},{"Period":"2013-W39","Cust__Service__Performance__Pct":100,"Location":"NY"},{"Period":"2013-W39","Cust__Service__Performance__Pct":100,"Location":"ME"},{"Period":"2013-W39","Cust__Service__Performance__Pct":50,"Location":"NH"}],"Orders_Filled":[{"Orders__Filled":328397}],"Prior_Avg_Cust_Service_Performance_Pct_Quarter":[{"Prior__Avg__Cust__Service__Performance__Pct":89.6797153024911}],"Avg_Cust_Service_Performance_Pct":[{"Avg__Cust__Service__Performance__Pct":88.6120996441281}],"Cust_Service_Trend_Pct_Quarter_Region":[{"Cust__Service__Trend__Pct":95.4545454545455,"Period":"2013-W27"},{"Cust__Service__Trend__Pct":80.9523809523809,"Period":"2013-W28"},{"Cust__Service__Trend__Pct":91.304347826087,"Period":"2013-W29"},{"Cust__Service__Trend__Pct":90.4761904761905,"Period":"2013-W30"},{"Cust__Service__Trend__Pct":80.9523809523809,"Period":"2013-W31"},{"Cust__Service__Trend__Pct":81.8181818181818,"Period":"2013-W32"},{"Cust__Service__Trend__Pct":81.8181818181818,"Period":"2013-W33"},{"Cust__Service__Trend__Pct":95.6521739130435,"Period":"2013-W34"},{"Cust__Service__Trend__Pct":100,"Period":"2013-W35"},{"Cust__Service__Trend__Pct":81.8181818181818,"Period":"2013-W36"},{"Cust__Service__Trend__Pct":90.9090909090909,"Period":"2013-W37"},{"Cust__Service__Trend__Pct":95.6521739130435,"Period":"2013-W38"},{"Cust__Service__Trend__Pct":84.2105263157895,"Period":"2013-W39"}],"Loads_Delivered":[{"Loads__Delivered":281}],"Prior_Orders_Filled_Quarter":[{"Prior__Orders__Filled":317472}],"Customers_Served":[{"Customers__Served":18}],"Cust_Service_Performance_Target_Pct_Quarter":[{"Cust__Service__Performance__Target__Pct":92}]}],"type":"J"}