{"message":"","count":0,"status":0,"data":[{"Cust_Service_Performance_Pct_Month_All":[{"Period":"2013-W44","Cust__Service__Performance__Pct":88.135593220339,"Location":"CAN"},{"Period":"2013-W44","Cust__Service__Performance__Pct":94.5205479452055,"Location":"USA"},{"Period":"2013-W44","Cust__Service__Performance__Pct":88.7640449438202,"Location":"MX"},{"Period":"2013-W45","Cust__Service__Performance__Pct":90.7407407407407,"Location":"CAN"},{"Period":"2013-W45","Cust__Service__Performance__Pct":93.3333333333333,"Location":"USA"},{"Period":"2013-W45","Cust__Service__Performance__Pct":89.4736842105263,"Location":"MX"},{"Period":"2013-W46","Cust__Service__Performance__Pct":89.0909090909091,"Location":"CAN"},{"Period":"2013-W46","Cust__Service__Performance__Pct":85.3333333333333,"Location":"USA"},{"Period":"2013-W46","Cust__Service__Performance__Pct":92.2222222222222,"Location":"MX"},{"Period":"2013-W47","Cust__Service__Performance__Pct":89.6551724137931,"Location":"CAN"},{"Period":"2013-W47","Cust__Service__Performance__Pct":80.5555555555556,"Location":"USA"},{"Period":"2013-W47","Cust__Service__Performance__Pct":90,"Location":"MX"},{"Period":"2013-W48","Cust__Service__Performance__Pct":86.4406779661017,"Location":"CAN"},{"Period":"2013-W48","Cust__Service__Performance__Pct":83.5616438356164,"Location":"USA"},{"Period":"2013-W48","Cust__Service__Performance__Pct":92.3076923076923,"Location":"MX"}],"Orders_Filled":[{"Orders__Filled":1282481}],"Avg_Cust_Service_Performance_Pct":[{"Avg__Cust__Service__Performance__Pct":89.0794223826715}],"Prior_Orders_Filled_Month":[{"Prior__Orders__Filled":1034609}],"Loads_Delivered":[{"Loads__Delivered":1108}],"Cust_Service_Performance_Target_Pct_Month":[{"Cust__Service__Performance__Target__Pct":92}],"Customers_Served":[{"Customers__Served":18}],"Prior_Avg_Cust_Service_Performance_Pct_Month":[{"Prior__Avg__Cust__Service__Performance__Pct":88.0496054114994}],"Cust_Service_Trend_Pct_Month_All":[{"Cust__Service__Trend__Pct":90.4977375565611,"Period":"2013-W44"},{"Cust__Service__Trend__Pct":91.0714285714286,"Period":"2013-W45"},{"Cust__Service__Trend__Pct":89.0909090909091,"Period":"2013-W46"},{"Cust__Service__Trend__Pct":86.8181818181818,"Period":"2013-W47"},{"Cust__Service__Trend__Pct":87.8923766816144,"Period":"2013-W48"}]}],"type":"J"}