{"message":"","count":0,"status":0,"data":[{"Cust_Service_Performance_Pct_Quarter_Region":[{"Period":"2013-W40","Cust__Service__Performance__Pct":100,"Location":"BC"},{"Period":"2013-W40","Cust__Service__Performance__Pct":66.6666666666667,"Location":"MB"},{"Period":"2013-W40","Cust__Service__Performance__Pct":66.6666666666667,"Location":"AB"},{"Period":"2013-W40","Cust__Service__Performance__Pct":100,"Location":"SK"},{"Period":"2013-W41","Cust__Service__Performance__Pct":83.3333333333333,"Location":"BC"},{"Period":"2013-W41","Cust__Service__Performance__Pct":100,"Location":"MB"},{"Period":"2013-W41","Cust__Service__Performance__Pct":100,"Location":"AB"},{"Period":"2013-W41","Cust__Service__Performance__Pct":100,"Location":"SK"},{"Period":"2013-W42","Cust__Service__Performance__Pct":75,"Location":"BC"},{"Period":"2013-W42","Cust__Service__Performance__Pct":100,"Location":"MB"},{"Period":"2013-W42","Cust__Service__Performance__Pct":75,"Location":"AB"},{"Period":"2013-W42","Cust__Service__Performance__Pct":100,"Location":"SK"},{"Period":"2013-W43","Cust__Service__Performance__Pct":66.6666666666667,"Location":"BC"},{"Period":"2013-W43","Cust__Service__Performance__Pct":60,"Location":"MB"},{"Period":"2013-W43","Cust__Service__Performance__Pct":100,"Location":"AB"},{"Period":"2013-W43","Cust__Service__Performance__Pct":80,"Location":"SK"},{"Period":"2013-W44","Cust__Service__Performance__Pct":100,"Location":"BC"},{"Period":"2013-W44","Cust__Service__Performance__Pct":100,"Location":"MB"},{"Period":"2013-W44","Cust__Service__Performance__Pct":66.6666666666667,"Location":"AB"},{"Period":"2013-W44","Cust__Service__Performance__Pct":100,"Location":"SK"},{"Period":"2013-W45","Cust__Service__Performance__Pct":100,"Location":"BC"},{"Period":"2013-W45","Cust__Service__Performance__Pct":66.6666666666667,"Location":"MB"},{"Period":"2013-W45","Cust__Service__Performance__Pct":75,"Location":"AB"},{"Period":"2013-W45","Cust__Service__Performance__Pct":100,"Location":"SK"},{"Period":"2013-W46","Cust__Service__Performance__Pct":75,"Location":"BC"},{"Period":"2013-W46","Cust__Service__Performance__Pct":100,"Location":"MB"},{"Period":"2013-W46","Cust__Service__Performance__Pct":100,"Location":"AB"},{"Period":"2013-W46","Cust__Service__Performance__Pct":75,"Location":"SK"},{"Period":"2013-W47","Cust__Service__Performance__Pct":100,"Location":"BC"},{"Period":"2013-W47","Cust__Service__Performance__Pct":83.3333333333333,"Location":"MB"},{"Period":"2013-W47","Cust__Service__Performance__Pct":100,"Location":"AB"},{"Period":"2013-W47","Cust__Service__Performance__Pct":100,"Location":"SK"},{"Period":"2013-W48","Cust__Service__Performance__Pct":66.6666666666667,"Location":"BC"},{"Period":"2013-W48","Cust__Service__Performance__Pct":100,"Location":"MB"},{"Period":"2013-W48","Cust__Service__Performance__Pct":100,"Location":"AB"},{"Period":"2013-W48","Cust__Service__Performance__Pct":83.3333333333333,"Location":"SK"},{"Period":"2013-W49","Cust__Service__Performance__Pct":83.3333333333333,"Location":"BC"},{"Period":"2013-W49","Cust__Service__Performance__Pct":100,"Location":"MB"},{"Period":"2013-W49","Cust__Service__Performance__Pct":66.6666666666667,"Location":"AB"},{"Period":"2013-W49","Cust__Service__Performance__Pct":75,"Location":"SK"},{"Period":"2013-W50","Cust__Service__Performance__Pct":100,"Location":"BC"},{"Period":"2013-W50","Cust__Service__Performance__Pct":75,"Location":"MB"},{"Period":"2013-W50","Cust__Service__Performance__Pct":75,"Location":"AB"},{"Period":"2013-W50","Cust__Service__Performance__Pct":100,"Location":"SK"},{"Period":"2013-W51","Cust__Service__Performance__Pct":100,"Location":"BC"},{"Period":"2013-W51","Cust__Service__Performance__Pct":100,"Location":"MB"},{"Period":"2013-W51","Cust__Service__Performance__Pct":100,"Location":"AB"},{"Period":"2013-W51","Cust__Service__Performance__Pct":75,"Location":"SK"},{"Period":"2013-W52","Cust__Service__Performance__Pct":33.3333333333333,"Location":"BC"},{"Period":"2013-W52","Cust__Service__Performance__Pct":100,"Location":"MB"},{"Period":"2013-W52","Cust__Service__Performance__Pct":100,"Location":"AB"},{"Period":"2013-W52","Cust__Service__Performance__Pct":83.3333333333333,"Location":"SK"}],"Orders_Filled":[{"Orders__Filled":259175}],"Prior_Avg_Cust_Service_Performance_Pct_Quarter":[{"Prior__Avg__Cust__Service__Performance__Pct":88.0530973451327}],"Avg_Cust_Service_Performance_Pct":[{"Avg__Cust__Service__Performance__Pct":87.6651982378855}],"Cust_Service_Trend_Pct_Quarter_Region":[{"Cust__Service__Trend__Pct":84.2105263157895,"Period":"2013-W40"},{"Cust__Service__Trend__Pct":93.75,"Period":"2013-W41"},{"Cust__Service__Trend__Pct":88.2352941176471,"Period":"2013-W42"},{"Cust__Service__Trend__Pct":76.4705882352941,"Period":"2013-W43"},{"Cust__Service__Trend__Pct":90,"Period":"2013-W44"},{"Cust__Service__Trend__Pct":87.5,"Period":"2013-W45"},{"Cust__Service__Trend__Pct":87.5,"Period":"2013-W46"},{"Cust__Service__Trend__Pct":94.7368421052632,"Period":"2013-W47"},{"Cust__Service__Trend__Pct":88.8888888888889,"Period":"2013-W48"},{"Cust__Service__Trend__Pct":82.3529411764706,"Period":"2013-W49"},{"Cust__Service__Trend__Pct":87.5,"Period":"2013-W50"},{"Cust__Service__Trend__Pct":94.1176470588235,"Period":"2013-W51"},{"Cust__Service__Trend__Pct":84.2105263157895,"Period":"2013-W52"}],"Loads_Delivered":[{"Loads__Delivered":227}],"Prior_Orders_Filled_Quarter":[{"Prior__Orders__Filled":263027}],"Customers_Served":[{"Customers__Served":18}],"Cust_Service_Performance_Target_Pct_Quarter":[{"Cust__Service__Performance__Target__Pct":92}]}],"type":"J"}