{"message":"","count":0,"status":0,"data":[{"Cust_Service_Performance_Pct_Quarter_Region":[{"Period":"2013-W14","Cust__Service__Performance__Pct":100,"Location":"IL"},{"Period":"2013-W14","Cust__Service__Performance__Pct":100,"Location":"MN"},{"Period":"2013-W14","Cust__Service__Performance__Pct":83.3333333333333,"Location":"WI"},{"Period":"2013-W14","Cust__Service__Performance__Pct":100,"Location":"OH"},{"Period":"2013-W15","Cust__Service__Performance__Pct":100,"Location":"IL"},{"Period":"2013-W15","Cust__Service__Performance__Pct":100,"Location":"MN"},{"Period":"2013-W15","Cust__Service__Performance__Pct":75,"Location":"WI"},{"Period":"2013-W15","Cust__Service__Performance__Pct":83.3333333333333,"Location":"OH"},{"Period":"2013-W16","Cust__Service__Performance__Pct":100,"Location":"IL"},{"Period":"2013-W16","Cust__Service__Performance__Pct":83.3333333333333,"Location":"MN"},{"Period":"2013-W16","Cust__Service__Performance__Pct":100,"Location":"WI"},{"Period":"2013-W16","Cust__Service__Performance__Pct":75,"Location":"OH"},{"Period":"2013-W17","Cust__Service__Performance__Pct":100,"Location":"IL"},{"Period":"2013-W17","Cust__Service__Performance__Pct":100,"Location":"MN"},{"Period":"2013-W17","Cust__Service__Performance__Pct":100,"Location":"WI"},{"Period":"2013-W17","Cust__Service__Performance__Pct":75,"Location":"OH"},{"Period":"2013-W18","Cust__Service__Performance__Pct":100,"Location":"IL"},{"Period":"2013-W18","Cust__Service__Performance__Pct":75,"Location":"MN"},{"Period":"2013-W18","Cust__Service__Performance__Pct":66.6666666666667,"Location":"WI"},{"Period":"2013-W18","Cust__Service__Performance__Pct":66.6666666666667,"Location":"OH"},{"Period":"2013-W19","Cust__Service__Performance__Pct":83.3333333333333,"Location":"IL"},{"Period":"2013-W19","Cust__Service__Performance__Pct":100,"Location":"MN"},{"Period":"2013-W19","Cust__Service__Performance__Pct":66.6666666666667,"Location":"WI"},{"Period":"2013-W19","Cust__Service__Performance__Pct":83.3333333333333,"Location":"OH"},{"Period":"2013-W20","Cust__Service__Performance__Pct":100,"Location":"IL"},{"Period":"2013-W20","Cust__Service__Performance__Pct":100,"Location":"MN"},{"Period":"2013-W20","Cust__Service__Performance__Pct":75,"Location":"WI"},{"Period":"2013-W20","Cust__Service__Performance__Pct":100,"Location":"OH"},{"Period":"2013-W21","Cust__Service__Performance__Pct":75,"Location":"IL"},{"Period":"2013-W21","Cust__Service__Performance__Pct":100,"Location":"MN"},{"Period":"2013-W21","Cust__Service__Performance__Pct":100,"Location":"WI"},{"Period":"2013-W21","Cust__Service__Performance__Pct":100,"Location":"OH"},{"Period":"2013-W22","Cust__Service__Performance__Pct":33.3333333333333,"Location":"IL"},{"Period":"2013-W22","Cust__Service__Performance__Pct":66.6666666666667,"Location":"MN"},{"Period":"2013-W22","Cust__Service__Performance__Pct":100,"Location":"WI"},{"Period":"2013-W22","Cust__Service__Performance__Pct":100,"Location":"OH"},{"Period":"2013-W23","Cust__Service__Performance__Pct":100,"Location":"IL"},{"Period":"2013-W23","Cust__Service__Performance__Pct":100,"Location":"MN"},{"Period":"2013-W23","Cust__Service__Performance__Pct":100,"Location":"WI"},{"Period":"2013-W23","Cust__Service__Performance__Pct":83.3333333333333,"Location":"OH"},{"Period":"2013-W24","Cust__Service__Performance__Pct":80,"Location":"IL"},{"Period":"2013-W24","Cust__Service__Performance__Pct":100,"Location":"MN"},{"Period":"2013-W24","Cust__Service__Performance__Pct":100,"Location":"WI"},{"Period":"2013-W24","Cust__Service__Performance__Pct":100,"Location":"OH"},{"Period":"2013-W25","Cust__Service__Performance__Pct":100,"Location":"IL"},{"Period":"2013-W25","Cust__Service__Performance__Pct":83.3333333333333,"Location":"MN"},{"Period":"2013-W25","Cust__Service__Performance__Pct":50,"Location":"WI"},{"Period":"2013-W25","Cust__Service__Performance__Pct":100,"Location":"OH"},{"Period":"2013-W26","Cust__Service__Performance__Pct":100,"Location":"IL"},{"Period":"2013-W26","Cust__Service__Performance__Pct":100,"Location":"MN"},{"Period":"2013-W26","Cust__Service__Performance__Pct":100,"Location":"WI"},{"Period":"2013-W26","Cust__Service__Performance__Pct":100,"Location":"OH"}],"Orders_Filled":[{"Orders__Filled":254361}],"Prior_Avg_Cust_Service_Performance_Pct_Quarter":[{"Prior__Avg__Cust__Service__Performance__Pct":86.2222222222222}],"Avg_Cust_Service_Performance_Pct":[{"Avg__Cust__Service__Performance__Pct":89.7777777777778}],"Cust_Service_Trend_Pct_Quarter_Region":[{"Cust__Service__Trend__Pct":94.1176470588235,"Period":"2013-W14"},{"Cust__Service__Trend__Pct":89.4736842105263,"Period":"2013-W15"},{"Cust__Service__Trend__Pct":88.2352941176471,"Period":"2013-W16"},{"Cust__Service__Trend__Pct":94.1176470588235,"Period":"2013-W17"},{"Cust__Service__Trend__Pct":76.4705882352941,"Period":"2013-W18"},{"Cust__Service__Trend__Pct":83.3333333333333,"Period":"2013-W19"},{"Cust__Service__Trend__Pct":94.4444444444444,"Period":"2013-W20"},{"Cust__Service__Trend__Pct":94.1176470588235,"Period":"2013-W21"},{"Cust__Service__Trend__Pct":80,"Period":"2013-W22"},{"Cust__Service__Trend__Pct":95,"Period":"2013-W23"},{"Cust__Service__Trend__Pct":94.1176470588235,"Period":"2013-W24"},{"Cust__Service__Trend__Pct":82.3529411764706,"Period":"2013-W25"},{"Cust__Service__Trend__Pct":100,"Period":"2013-W26"}],"Loads_Delivered":[{"Loads__Delivered":225}],"Prior_Orders_Filled_Quarter":[{"Prior__Orders__Filled":252616}],"Customers_Served":[{"Customers__Served":18}],"Cust_Service_Performance_Target_Pct_Quarter":[{"Cust__Service__Performance__Target__Pct":91}]}],"type":"J"}