{"message":"","count":0,"status":0,"data":[{"Orders_Filled":[{"Orders__Filled":17985}],"Avg_Cust_Service_Performance_Pct":[{"Avg__Cust__Service__Performance__Pct":91.6666666666667}],"Prior_Avg_Cust_Service_Performance_Pct_Week":[{"Prior__Avg__Cust__Service__Performance__Pct":92.8571428571429}],"Prior_Orders_Filled_Week":[{"Prior__Orders__Filled":17528}],"Loads_Delivered":[{"Loads__Delivered":12}],"Cust_Service_Performance_Target_Pct_Week":[{"Cust__Service__Performance__Target__Pct":92}],"Customers_Served":[{"Customers__Served":12}],"Cust_Service_Trend_Pct_Week_Region":[{"Cust__Service__Trend__Pct":0,"Period":"2014-01-26"},{"Cust__Service__Trend__Pct":100,"Period":"2014-01-27"},{"Cust__Service__Trend__Pct":100,"Period":"2014-01-29"},{"Cust__Service__Trend__Pct":100,"Period":"2014-01-30"},{"Cust__Service__Trend__Pct":100,"Period":"2014-01-31"},{"Cust__Service__Trend__Pct":100,"Period":"2014-02-01"}],"Cust_Service_Performance_Pct_Week_Region":[{"Period":"2014-01-26","Cust__Service__Performance__Pct":0,"Location":"CA"},{"Period":"2014-01-27","Cust__Service__Performance__Pct":100,"Location":"AZ"},{"Period":"2014-01-27","Cust__Service__Performance__Pct":100,"Location":"CA"},{"Period":"2014-01-27","Cust__Service__Performance__Pct":100,"Location":"NV"},{"Period":"2014-01-29","Cust__Service__Performance__Pct":100,"Location":"AZ"},{"Period":"2014-01-29","Cust__Service__Performance__Pct":100,"Location":"CA"},{"Period":"2014-01-29","Cust__Service__Performance__Pct":100,"Location":"NV"},{"Period":"2014-01-30","Cust__Service__Performance__Pct":100,"Location":"CA"},{"Period":"2014-01-31","Cust__Service__Performance__Pct":100,"Location":"AZ"},{"Period":"2014-01-31","Cust__Service__Performance__Pct":100,"Location":"CA"},{"Period":"2014-01-31","Cust__Service__Performance__Pct":100,"Location":"NV"},{"Period":"2014-02-01","Cust__Service__Performance__Pct":100,"Location":"CA"}]}],"type":"J"}