{"message":"","count":0,"status":0,"data":[{"Cust_Service_Trend_Pct_Week_All":[{"Cust__Service__Trend__Pct":81.25,"Period":"2014-01-26"},{"Cust__Service__Trend__Pct":84.8484848484848,"Period":"2014-01-27"},{"Cust__Service__Trend__Pct":77.4193548387097,"Period":"2014-01-28"},{"Cust__Service__Trend__Pct":93.75,"Period":"2014-01-29"},{"Cust__Service__Trend__Pct":93.5483870967742,"Period":"2014-01-30"},{"Cust__Service__Trend__Pct":90.9090909090909,"Period":"2014-01-31"},{"Cust__Service__Trend__Pct":87.0967741935484,"Period":"2014-02-01"}],"Orders_Filled":[{"Orders__Filled":264333}],"Avg_Cust_Service_Performance_Pct":[{"Avg__Cust__Service__Performance__Pct":86.9955156950673}],"Prior_Avg_Cust_Service_Performance_Pct_Week":[{"Prior__Avg__Cust__Service__Performance__Pct":90.4109589041096}],"Prior_Orders_Filled_Week":[{"Prior__Orders__Filled":251595}],"Loads_Delivered":[{"Loads__Delivered":223}],"Cust_Service_Performance_Target_Pct_Week":[{"Cust__Service__Performance__Target__Pct":92}],"Cust_Service_Performance_Pct_Week_All":[{"Period":"2014-01-26","Cust__Service__Performance__Pct":62.5,"Location":"CAN"},{"Period":"2014-01-26","Cust__Service__Performance__Pct":81.8181818181818,"Location":"USA"},{"Period":"2014-01-26","Cust__Service__Performance__Pct":92.3076923076923,"Location":"MX"},{"Period":"2014-01-27","Cust__Service__Performance__Pct":87.5,"Location":"CAN"},{"Period":"2014-01-27","Cust__Service__Performance__Pct":81.8181818181818,"Location":"USA"},{"Period":"2014-01-27","Cust__Service__Performance__Pct":85.7142857142857,"Location":"MX"},{"Period":"2014-01-28","Cust__Service__Performance__Pct":62.5,"Location":"CAN"},{"Period":"2014-01-28","Cust__Service__Performance__Pct":90,"Location":"USA"},{"Period":"2014-01-28","Cust__Service__Performance__Pct":76.9230769230769,"Location":"MX"},{"Period":"2014-01-29","Cust__Service__Performance__Pct":87.5,"Location":"CAN"},{"Period":"2014-01-29","Cust__Service__Performance__Pct":90.9090909090909,"Location":"USA"},{"Period":"2014-01-29","Cust__Service__Performance__Pct":100,"Location":"MX"},{"Period":"2014-01-30","Cust__Service__Performance__Pct":88.8888888888889,"Location":"CAN"},{"Period":"2014-01-30","Cust__Service__Performance__Pct":90,"Location":"USA"},{"Period":"2014-01-30","Cust__Service__Performance__Pct":100,"Location":"MX"},{"Period":"2014-01-31","Cust__Service__Performance__Pct":87.5,"Location":"CAN"},{"Period":"2014-01-31","Cust__Service__Performance__Pct":90.9090909090909,"Location":"USA"},{"Period":"2014-01-31","Cust__Service__Performance__Pct":92.8571428571429,"Location":"MX"},{"Period":"2014-02-01","Cust__Service__Performance__Pct":100,"Location":"CAN"},{"Period":"2014-02-01","Cust__Service__Performance__Pct":90,"Location":"USA"},{"Period":"2014-02-01","Cust__Service__Performance__Pct":75,"Location":"MX"}],"Customers_Served":[{"Customers__Served":18}]}],"type":"J"}