{"message":"","count":0,"status":0,"data":[{"Orders_Filled":[{"Orders__Filled":130319}],"Avg_Cust_Service_Performance_Pct":[{"Avg__Cust__Service__Performance__Pct":87.2727272727273}],"Cust_Service_Performance_Pct_Month_Region":[{"Period":"2013-W44","Cust__Service__Performance__Pct":100,"Location":"CP"},{"Period":"2013-W44","Cust__Service__Performance__Pct":33.3333333333333,"Location":"TB"},{"Period":"2013-W44","Cust__Service__Performance__Pct":80,"Location":"CM"},{"Period":"2013-W44","Cust__Service__Performance__Pct":100,"Location":"QR"},{"Period":"2013-W44","Cust__Service__Performance__Pct":40,"Location":"YU"},{"Period":"2013-W45","Cust__Service__Performance__Pct":83.3333333333333,"Location":"CP"},{"Period":"2013-W45","Cust__Service__Performance__Pct":100,"Location":"TB"},{"Period":"2013-W45","Cust__Service__Performance__Pct":66.6666666666667,"Location":"CM"},{"Period":"2013-W45","Cust__Service__Performance__Pct":100,"Location":"QR"},{"Period":"2013-W45","Cust__Service__Performance__Pct":100,"Location":"YU"},{"Period":"2013-W46","Cust__Service__Performance__Pct":100,"Location":"CP"},{"Period":"2013-W46","Cust__Service__Performance__Pct":100,"Location":"TB"},{"Period":"2013-W46","Cust__Service__Performance__Pct":100,"Location":"CM"},{"Period":"2013-W46","Cust__Service__Performance__Pct":100,"Location":"QR"},{"Period":"2013-W46","Cust__Service__Performance__Pct":100,"Location":"YU"},{"Period":"2013-W47","Cust__Service__Performance__Pct":100,"Location":"CP"},{"Period":"2013-W47","Cust__Service__Performance__Pct":50,"Location":"TB"},{"Period":"2013-W47","Cust__Service__Performance__Pct":83.3333333333333,"Location":"CM"},{"Period":"2013-W47","Cust__Service__Performance__Pct":100,"Location":"QR"},{"Period":"2013-W47","Cust__Service__Performance__Pct":100,"Location":"YU"},{"Period":"2013-W48","Cust__Service__Performance__Pct":100,"Location":"CP"},{"Period":"2013-W48","Cust__Service__Performance__Pct":100,"Location":"TB"},{"Period":"2013-W48","Cust__Service__Performance__Pct":80,"Location":"CM"},{"Period":"2013-W48","Cust__Service__Performance__Pct":80,"Location":"QR"},{"Period":"2013-W48","Cust__Service__Performance__Pct":83.3333333333333,"Location":"YU"}],"Prior_Orders_Filled_Month":[{"Prior__Orders__Filled":96876}],"Cust_Service_Trend_Pct_Month_Region":[{"Cust__Service__Trend__Pct":72.7272727272727,"Period":"2013-W44"},{"Cust__Service__Trend__Pct":91.304347826087,"Period":"2013-W45"},{"Cust__Service__Trend__Pct":100,"Period":"2013-W46"},{"Cust__Service__Trend__Pct":86.3636363636364,"Period":"2013-W47"},{"Cust__Service__Trend__Pct":87.5,"Period":"2013-W48"}],"Loads_Delivered":[{"Loads__Delivered":110}],"Cust_Service_Performance_Target_Pct_Month":[{"Cust__Service__Performance__Target__Pct":92}],"Customers_Served":[{"Customers__Served":18}],"Prior_Avg_Cust_Service_Performance_Pct_Month":[{"Prior__Avg__Cust__Service__Performance__Pct":91.9540229885057}]}],"type":"J"}