{"message":"","count":0,"status":0,"data":[{"Cust_Service_Performance_Pct_Quarter_All":[{"Period":"2013-W01","Cust__Service__Performance__Pct":92.9824561403509,"Location":"CAN"},{"Period":"2013-W01","Cust__Service__Performance__Pct":87.5,"Location":"USA"},{"Period":"2013-W01","Cust__Service__Performance__Pct":90.1098901098901,"Location":"MX"},{"Period":"2013-W02","Cust__Service__Performance__Pct":87.719298245614,"Location":"CAN"},{"Period":"2013-W02","Cust__Service__Performance__Pct":88,"Location":"USA"},{"Period":"2013-W02","Cust__Service__Performance__Pct":90,"Location":"MX"},{"Period":"2013-W03","Cust__Service__Performance__Pct":91.0714285714286,"Location":"CAN"},{"Period":"2013-W03","Cust__Service__Performance__Pct":88,"Location":"USA"},{"Period":"2013-W03","Cust__Service__Performance__Pct":92.4731182795699,"Location":"MX"},{"Period":"2013-W04","Cust__Service__Performance__Pct":89.4736842105263,"Location":"CAN"},{"Period":"2013-W04","Cust__Service__Performance__Pct":90.4109589041096,"Location":"USA"},{"Period":"2013-W04","Cust__Service__Performance__Pct":93.3333333333333,"Location":"MX"},{"Period":"2013-W05","Cust__Service__Performance__Pct":89.0909090909091,"Location":"CAN"},{"Period":"2013-W05","Cust__Service__Performance__Pct":87.8378378378378,"Location":"USA"},{"Period":"2013-W05","Cust__Service__Performance__Pct":88.0434782608696,"Location":"MX"},{"Period":"2013-W06","Cust__Service__Performance__Pct":87.719298245614,"Location":"CAN"},{"Period":"2013-W06","Cust__Service__Performance__Pct":83.7837837837838,"Location":"USA"},{"Period":"2013-W06","Cust__Service__Performance__Pct":90.1098901098901,"Location":"MX"},{"Period":"2013-W07","Cust__Service__Performance__Pct":96.551724137931,"Location":"CAN"},{"Period":"2013-W07","Cust__Service__Performance__Pct":85.1351351351351,"Location":"USA"},{"Period":"2013-W07","Cust__Service__Performance__Pct":83.3333333333333,"Location":"MX"},{"Period":"2013-W08","Cust__Service__Performance__Pct":89.2857142857143,"Location":"CAN"},{"Period":"2013-W08","Cust__Service__Performance__Pct":89.041095890411,"Location":"USA"},{"Period":"2013-W08","Cust__Service__Performance__Pct":88.1720430107527,"Location":"MX"},{"Period":"2013-W09","Cust__Service__Performance__Pct":83.6363636363636,"Location":"CAN"},{"Period":"2013-W09","Cust__Service__Performance__Pct":92,"Location":"USA"},{"Period":"2013-W09","Cust__Service__Performance__Pct":86.8131868131868,"Location":"MX"},{"Period":"2013-W10","Cust__Service__Performance__Pct":85.9649122807018,"Location":"CAN"},{"Period":"2013-W10","Cust__Service__Performance__Pct":91.7808219178082,"Location":"USA"},{"Period":"2013-W10","Cust__Service__Performance__Pct":92.3076923076923,"Location":"MX"},{"Period":"2013-W11","Cust__Service__Performance__Pct":79.3103448275862,"Location":"CAN"},{"Period":"2013-W11","Cust__Service__Performance__Pct":78.3783783783784,"Location":"USA"},{"Period":"2013-W11","Cust__Service__Performance__Pct":94.4444444444444,"Location":"MX"},{"Period":"2013-W12","Cust__Service__Performance__Pct":89.2857142857143,"Location":"CAN"},{"Period":"2013-W12","Cust__Service__Performance__Pct":91.8918918918919,"Location":"USA"},{"Period":"2013-W12","Cust__Service__Performance__Pct":92.4731182795699,"Location":"MX"},{"Period":"2013-W13","Cust__Service__Performance__Pct":88.8888888888889,"Location":"CAN"},{"Period":"2013-W13","Cust__Service__Performance__Pct":93.3333333333333,"Location":"USA"},{"Period":"2013-W13","Cust__Service__Performance__Pct":91.2087912087912,"Location":"MX"}],"Orders_Filled":[{"Orders__Filled":3337795}],"Prior_Avg_Cust_Service_Performance_Pct_Quarter":[{"Prior__Avg__Cust__Service__Performance__Pct":88.5916854656784}],"Avg_Cust_Service_Performance_Pct":[{"Avg__Cust__Service__Performance__Pct":89.1319444444444}],"Loads_Delivered":[{"Loads__Delivered":2880}],"Prior_Orders_Filled_Quarter":[{"Prior__Orders__Filled":3628529}],"Customers_Served":[{"Customers__Served":18}],"Cust_Service_Trend_Pct_Quarter_All":[{"Cust__Service__Trend__Pct":90,"Period":"2013-W01"},{"Cust__Service__Trend__Pct":88.7387387387387,"Period":"2013-W02"},{"Cust__Service__Trend__Pct":90.625,"Period":"2013-W03"},{"Cust__Service__Trend__Pct":91.3636363636364,"Period":"2013-W04"},{"Cust__Service__Trend__Pct":88.2352941176471,"Period":"2013-W05"},{"Cust__Service__Trend__Pct":87.3873873873874,"Period":"2013-W06"},{"Cust__Service__Trend__Pct":87.3873873873874,"Period":"2013-W07"},{"Cust__Service__Trend__Pct":88.7387387387387,"Period":"2013-W08"},{"Cust__Service__Trend__Pct":87.7828054298643,"Period":"2013-W09"},{"Cust__Service__Trend__Pct":90.4977375565611,"Period":"2013-W10"},{"Cust__Service__Trend__Pct":85.1351351351351,"Period":"2013-W11"},{"Cust__Service__Trend__Pct":91.4798206278027,"Period":"2013-W12"},{"Cust__Service__Trend__Pct":91.3636363636364,"Period":"2013-W13"}],"Cust_Service_Performance_Target_Pct_Quarter":[{"Cust__Service__Performance__Target__Pct":90}]}],"type":"J"}