{"message":"","count":0,"status":0,"data":[{"Cust_Service_Performance_Pct_Year_Region":[{"Period":"2013-M01","Cust__Service__Performance__Pct":76.4705882352941,"Location":"AG"},{"Period":"2013-M01","Cust__Service__Performance__Pct":88.2352941176471,"Location":"MR"},{"Period":"2013-M01","Cust__Service__Performance__Pct":94.1176470588235,"Location":"DF"},{"Period":"2013-M01","Cust__Service__Performance__Pct":83.3333333333333,"Location":"ZA"},{"Period":"2013-M01","Cust__Service__Performance__Pct":94.4444444444444,"Location":"MX"},{"Period":"2013-M02","Cust__Service__Performance__Pct":78.2608695652174,"Location":"AG"},{"Period":"2013-M02","Cust__Service__Performance__Pct":90.4761904761905,"Location":"MR"},{"Period":"2013-M02","Cust__Service__Performance__Pct":86.3636363636364,"Location":"DF"},{"Period":"2013-M02","Cust__Service__Performance__Pct":95.2380952380952,"Location":"ZA"},{"Period":"2013-M02","Cust__Service__Performance__Pct":81.8181818181818,"Location":"MX"},{"Period":"2013-M03","Cust__Service__Performance__Pct":94.1176470588235,"Location":"AG"},{"Period":"2013-M03","Cust__Service__Performance__Pct":94.4444444444444,"Location":"MR"},{"Period":"2013-M03","Cust__Service__Performance__Pct":94.1176470588235,"Location":"DF"},{"Period":"2013-M03","Cust__Service__Performance__Pct":94.1176470588235,"Location":"ZA"},{"Period":"2013-M03","Cust__Service__Performance__Pct":100,"Location":"MX"},{"Period":"2013-M04","Cust__Service__Performance__Pct":88.8888888888889,"Location":"AG"},{"Period":"2013-M04","Cust__Service__Performance__Pct":88.2352941176471,"Location":"MR"},{"Period":"2013-M04","Cust__Service__Performance__Pct":88.8888888888889,"Location":"DF"},{"Period":"2013-M04","Cust__Service__Performance__Pct":94.4444444444444,"Location":"ZA"},{"Period":"2013-M04","Cust__Service__Performance__Pct":100,"Location":"MX"},{"Period":"2013-M05","Cust__Service__Performance__Pct":95.6521739130435,"Location":"AG"},{"Period":"2013-M05","Cust__Service__Performance__Pct":95.2380952380952,"Location":"MR"},{"Period":"2013-M05","Cust__Service__Performance__Pct":95.2380952380952,"Location":"DF"},{"Period":"2013-M05","Cust__Service__Performance__Pct":85,"Location":"ZA"},{"Period":"2013-M05","Cust__Service__Performance__Pct":95.6521739130435,"Location":"MX"},{"Period":"2013-M06","Cust__Service__Performance__Pct":94.1176470588235,"Location":"AG"},{"Period":"2013-M06","Cust__Service__Performance__Pct":88.8888888888889,"Location":"MR"},{"Period":"2013-M06","Cust__Service__Performance__Pct":82.3529411764706,"Location":"DF"},{"Period":"2013-M06","Cust__Service__Performance__Pct":83.3333333333333,"Location":"ZA"},{"Period":"2013-M06","Cust__Service__Performance__Pct":82.3529411764706,"Location":"MX"},{"Period":"2013-M07","Cust__Service__Performance__Pct":94.1176470588235,"Location":"AG"},{"Period":"2013-M07","Cust__Service__Performance__Pct":88.2352941176471,"Location":"MR"},{"Period":"2013-M07","Cust__Service__Performance__Pct":88.8888888888889,"Location":"DF"},{"Period":"2013-M07","Cust__Service__Performance__Pct":88.8888888888889,"Location":"ZA"},{"Period":"2013-M07","Cust__Service__Performance__Pct":88.2352941176471,"Location":"MX"},{"Period":"2013-M08","Cust__Service__Performance__Pct":77.2727272727273,"Location":"AG"},{"Period":"2013-M08","Cust__Service__Performance__Pct":81.8181818181818,"Location":"MR"},{"Period":"2013-M08","Cust__Service__Performance__Pct":80.9523809523809,"Location":"DF"},{"Period":"2013-M08","Cust__Service__Performance__Pct":86.3636363636364,"Location":"ZA"},{"Period":"2013-M08","Cust__Service__Performance__Pct":91.304347826087,"Location":"MX"},{"Period":"2013-M09","Cust__Service__Performance__Pct":94.4444444444444,"Location":"AG"},{"Period":"2013-M09","Cust__Service__Performance__Pct":100,"Location":"MR"},{"Period":"2013-M09","Cust__Service__Performance__Pct":100,"Location":"DF"},{"Period":"2013-M09","Cust__Service__Performance__Pct":76.4705882352941,"Location":"ZA"},{"Period":"2013-M09","Cust__Service__Performance__Pct":94.1176470588235,"Location":"MX"},{"Period":"2013-M10","Cust__Service__Performance__Pct":82.3529411764706,"Location":"AG"},{"Period":"2013-M10","Cust__Service__Performance__Pct":82.3529411764706,"Location":"MR"},{"Period":"2013-M10","Cust__Service__Performance__Pct":88.8888888888889,"Location":"DF"},{"Period":"2013-M10","Cust__Service__Performance__Pct":100,"Location":"ZA"},{"Period":"2013-M10","Cust__Service__Performance__Pct":94.4444444444444,"Location":"MX"},{"Period":"2013-M11","Cust__Service__Performance__Pct":100,"Location":"AG"},{"Period":"2013-M11","Cust__Service__Performance__Pct":91.304347826087,"Location":"MR"},{"Period":"2013-M11","Cust__Service__Performance__Pct":90.4761904761905,"Location":"DF"},{"Period":"2013-M11","Cust__Service__Performance__Pct":86.9565217391304,"Location":"ZA"},{"Period":"2013-M11","Cust__Service__Performance__Pct":100,"Location":"MX"},{"Period":"2013-M12","Cust__Service__Performance__Pct":88.8888888888889,"Location":"AG"},{"Period":"2013-M12","Cust__Service__Performance__Pct":94.1176470588235,"Location":"MR"},{"Period":"2013-M12","Cust__Service__Performance__Pct":82.3529411764706,"Location":"DF"},{"Period":"2013-M12","Cust__Service__Performance__Pct":100,"Location":"ZA"},{"Period":"2013-M12","Cust__Service__Performance__Pct":94.1176470588235,"Location":"MX"}],"Prior_Orders_Filled_Year":[{"Prior__Orders__Filled":1341273}],"Cust_Service_Trend_Pct_Year_Region":[{"Cust__Service__Trend__Pct":87.3563218390805,"Period":"2013-M01"},{"Cust__Service__Trend__Pct":86.2385321100918,"Period":"2013-M02"},{"Cust__Service__Trend__Pct":95.4022988505747,"Period":"2013-M03"},{"Cust__Service__Trend__Pct":92.0454545454545,"Period":"2013-M04"},{"Cust__Service__Trend__Pct":93.5185185185185,"Period":"2013-M05"},{"Cust__Service__Trend__Pct":86.2068965517241,"Period":"2013-M06"},{"Cust__Service__Trend__Pct":89.6551724137931,"Period":"2013-M07"},{"Cust__Service__Trend__Pct":83.6363636363636,"Period":"2013-M08"},{"Cust__Service__Trend__Pct":93.0232558139535,"Period":"2013-M09"},{"Cust__Service__Trend__Pct":89.6551724137931,"Period":"2013-M10"},{"Cust__Service__Trend__Pct":93.5779816513761,"Period":"2013-M11"},{"Cust__Service__Trend__Pct":91.8604651162791,"Period":"2013-M12"}],"Orders_Filled":[{"Orders__Filled":1294526}],"Avg_Cust_Service_Performance_Pct":[{"Avg__Cust__Service__Performance__Pct":90.0972590627763}],"Loads_Delivered":[{"Loads__Delivered":1131}],"Prior_Avg_Cust_Service_Performance_Pct_Year":[{"Prior__Avg__Cust__Service__Performance__Pct":88.9661164205039}],"Customers_Served":[{"Customers__Served":18}],"Cust_Service_Performance_Target_Pct_Year":[{"Cust__Service__Performance__Target__Pct":91.25}]}],"type":"J"}