{"message":"","count":0,"status":0,"data":[{"Orders_Filled":[{"Orders__Filled":637801}],"Avg_Cust_Service_Performance_Pct":[{"Avg__Cust__Service__Performance__Pct":88.8646288209607}],"Prior_Avg_Cust_Service_Performance_Pct_Week":[{"Prior__Avg__Cust__Service__Performance__Pct":95.4545454545455}],"Prior_Orders_Filled_Week":[{"Prior__Orders__Filled":27448}],"Loads_Delivered":[{"Loads__Delivered":458}],"Cust_Service_Performance_Target_Pct_Week":[{"Cust__Service__Performance__Target__Pct":88}],"Customers_Served":[{"Customers__Served":18}],"Cust_Service_Trend_Pct_Week_Region":[{"Cust__Service__Trend__Pct":81.8181818181818,"Period":"2014-02-02"},{"Cust__Service__Trend__Pct":87.6923076923077,"Period":"2014-02-03"},{"Cust__Service__Trend__Pct":87.5,"Period":"2014-02-04"},{"Cust__Service__Trend__Pct":93.8461538461538,"Period":"2014-02-05"},{"Cust__Service__Trend__Pct":87.6923076923077,"Period":"2014-02-06"},{"Cust__Service__Trend__Pct":92.4242424242424,"Period":"2014-02-07"},{"Cust__Service__Trend__Pct":91.044776119403,"Period":"2014-02-08"}],"Cust_Service_Performance_Pct_Week_Region":[{"Period":"2014-02-02","Cust__Service__Performance__Pct":92.3076923076923,"Location":"AG"},{"Period":"2014-02-02","Cust__Service__Performance__Pct":84.6153846153846,"Location":"MR"},{"Period":"2014-02-02","Cust__Service__Performance__Pct":75,"Location":"DF"},{"Period":"2014-02-02","Cust__Service__Performance__Pct":76.9230769230769,"Location":"ZA"},{"Period":"2014-02-02","Cust__Service__Performance__Pct":80,"Location":"MX"},{"Period":"2014-02-03","Cust__Service__Performance__Pct":71.4285714285714,"Location":"AG"},{"Period":"2014-02-03","Cust__Service__Performance__Pct":100,"Location":"MR"},{"Period":"2014-02-03","Cust__Service__Performance__Pct":78.5714285714286,"Location":"DF"},{"Period":"2014-02-03","Cust__Service__Performance__Pct":100,"Location":"ZA"},{"Period":"2014-02-03","Cust__Service__Performance__Pct":92.3076923076923,"Location":"MX"},{"Period":"2014-02-04","Cust__Service__Performance__Pct":100,"Location":"AG"},{"Period":"2014-02-04","Cust__Service__Performance__Pct":83.3333333333333,"Location":"MR"},{"Period":"2014-02-04","Cust__Service__Performance__Pct":92.3076923076923,"Location":"DF"},{"Period":"2014-02-04","Cust__Service__Performance__Pct":76.9230769230769,"Location":"ZA"},{"Period":"2014-02-04","Cust__Service__Performance__Pct":85.7142857142857,"Location":"MX"},{"Period":"2014-02-05","Cust__Service__Performance__Pct":100,"Location":"AG"},{"Period":"2014-02-05","Cust__Service__Performance__Pct":92.3076923076923,"Location":"MR"},{"Period":"2014-02-05","Cust__Service__Performance__Pct":93.3333333333333,"Location":"DF"},{"Period":"2014-02-05","Cust__Service__Performance__Pct":100,"Location":"ZA"},{"Period":"2014-02-05","Cust__Service__Performance__Pct":81.8181818181818,"Location":"MX"},{"Period":"2014-02-06","Cust__Service__Performance__Pct":90.9090909090909,"Location":"AG"},{"Period":"2014-02-06","Cust__Service__Performance__Pct":71.4285714285714,"Location":"MR"},{"Period":"2014-02-06","Cust__Service__Performance__Pct":92.3076923076923,"Location":"DF"},{"Period":"2014-02-06","Cust__Service__Performance__Pct":100,"Location":"ZA"},{"Period":"2014-02-06","Cust__Service__Performance__Pct":84.6153846153846,"Location":"MX"},{"Period":"2014-02-07","Cust__Service__Performance__Pct":85.7142857142857,"Location":"AG"},{"Period":"2014-02-07","Cust__Service__Performance__Pct":92.8571428571429,"Location":"MR"},{"Period":"2014-02-07","Cust__Service__Performance__Pct":100,"Location":"DF"},{"Period":"2014-02-07","Cust__Service__Performance__Pct":85.7142857142857,"Location":"ZA"},{"Period":"2014-02-07","Cust__Service__Performance__Pct":100,"Location":"MX"},{"Period":"2014-02-08","Cust__Service__Performance__Pct":100,"Location":"AG"},{"Period":"2014-02-08","Cust__Service__Performance__Pct":85.7142857142857,"Location":"MR"},{"Period":"2014-02-08","Cust__Service__Performance__Pct":100,"Location":"DF"},{"Period":"2014-02-08","Cust__Service__Performance__Pct":100,"Location":"ZA"},{"Period":"2014-02-08","Cust__Service__Performance__Pct":73.3333333333333,"Location":"MX"}]}],"type":"J"}