{"message":"","count":0,"status":0,"data":[{"Cust_Service_Performance_Pct_Year_Region":[{"Period":"2013-M01","Cust__Service__Performance__Pct":100,"Location":"PE"},{"Period":"2013-M01","Cust__Service__Performance__Pct":88.8888888888889,"Location":"NB"},{"Period":"2013-M01","Cust__Service__Performance__Pct":88.8888888888889,"Location":"NL"},{"Period":"2013-M01","Cust__Service__Performance__Pct":100,"Location":"NS"},{"Period":"2013-M02","Cust__Service__Performance__Pct":90.4761904761905,"Location":"PE"},{"Period":"2013-M02","Cust__Service__Performance__Pct":100,"Location":"NB"},{"Period":"2013-M02","Cust__Service__Performance__Pct":85.7142857142857,"Location":"NL"},{"Period":"2013-M02","Cust__Service__Performance__Pct":87.5,"Location":"NS"},{"Period":"2013-M03","Cust__Service__Performance__Pct":82.3529411764706,"Location":"PE"},{"Period":"2013-M03","Cust__Service__Performance__Pct":88.2352941176471,"Location":"NB"},{"Period":"2013-M03","Cust__Service__Performance__Pct":100,"Location":"NL"},{"Period":"2013-M03","Cust__Service__Performance__Pct":88.2352941176471,"Location":"NS"},{"Period":"2013-M04","Cust__Service__Performance__Pct":94.4444444444444,"Location":"PE"},{"Period":"2013-M04","Cust__Service__Performance__Pct":94.1176470588235,"Location":"NB"},{"Period":"2013-M04","Cust__Service__Performance__Pct":94.4444444444444,"Location":"NL"},{"Period":"2013-M04","Cust__Service__Performance__Pct":88.2352941176471,"Location":"NS"},{"Period":"2013-M05","Cust__Service__Performance__Pct":95.4545454545455,"Location":"PE"},{"Period":"2013-M05","Cust__Service__Performance__Pct":78.2608695652174,"Location":"NB"},{"Period":"2013-M05","Cust__Service__Performance__Pct":90.4761904761905,"Location":"NL"},{"Period":"2013-M05","Cust__Service__Performance__Pct":86.3636363636364,"Location":"NS"},{"Period":"2013-M06","Cust__Service__Performance__Pct":100,"Location":"PE"},{"Period":"2013-M06","Cust__Service__Performance__Pct":76.4705882352941,"Location":"NB"},{"Period":"2013-M06","Cust__Service__Performance__Pct":88.2352941176471,"Location":"NL"},{"Period":"2013-M06","Cust__Service__Performance__Pct":94.1176470588235,"Location":"NS"},{"Period":"2013-M07","Cust__Service__Performance__Pct":88.2352941176471,"Location":"PE"},{"Period":"2013-M07","Cust__Service__Performance__Pct":100,"Location":"NB"},{"Period":"2013-M07","Cust__Service__Performance__Pct":94.4444444444444,"Location":"NL"},{"Period":"2013-M07","Cust__Service__Performance__Pct":88.8888888888889,"Location":"NS"},{"Period":"2013-M08","Cust__Service__Performance__Pct":86.9565217391304,"Location":"PE"},{"Period":"2013-M08","Cust__Service__Performance__Pct":86.9565217391304,"Location":"NB"},{"Period":"2013-M08","Cust__Service__Performance__Pct":95,"Location":"NL"},{"Period":"2013-M08","Cust__Service__Performance__Pct":76.1904761904762,"Location":"NS"},{"Period":"2013-M09","Cust__Service__Performance__Pct":100,"Location":"PE"},{"Period":"2013-M09","Cust__Service__Performance__Pct":100,"Location":"NB"},{"Period":"2013-M09","Cust__Service__Performance__Pct":77.7777777777778,"Location":"NL"},{"Period":"2013-M09","Cust__Service__Performance__Pct":94.1176470588235,"Location":"NS"},{"Period":"2013-M10","Cust__Service__Performance__Pct":94.1176470588235,"Location":"PE"},{"Period":"2013-M10","Cust__Service__Performance__Pct":94.1176470588235,"Location":"NB"},{"Period":"2013-M10","Cust__Service__Performance__Pct":94.4444444444444,"Location":"NL"},{"Period":"2013-M10","Cust__Service__Performance__Pct":83.3333333333333,"Location":"NS"},{"Period":"2013-M11","Cust__Service__Performance__Pct":65.2173913043478,"Location":"PE"},{"Period":"2013-M11","Cust__Service__Performance__Pct":100,"Location":"NB"},{"Period":"2013-M11","Cust__Service__Performance__Pct":90.9090909090909,"Location":"NL"},{"Period":"2013-M11","Cust__Service__Performance__Pct":90.4761904761905,"Location":"NS"},{"Period":"2013-M12","Cust__Service__Performance__Pct":88.2352941176471,"Location":"PE"},{"Period":"2013-M12","Cust__Service__Performance__Pct":77.7777777777778,"Location":"NB"},{"Period":"2013-M12","Cust__Service__Performance__Pct":88.2352941176471,"Location":"NL"},{"Period":"2013-M12","Cust__Service__Performance__Pct":94.1176470588235,"Location":"NS"}],"Prior_Orders_Filled_Year":[{"Prior__Orders__Filled":1079658}],"Cust_Service_Trend_Pct_Year_Region":[{"Cust__Service__Trend__Pct":94.2857142857143,"Period":"2013-M01"},{"Cust__Service__Trend__Pct":90.8045977011494,"Period":"2013-M02"},{"Cust__Service__Trend__Pct":89.7058823529412,"Period":"2013-M03"},{"Cust__Service__Trend__Pct":92.8571428571429,"Period":"2013-M04"},{"Cust__Service__Trend__Pct":87.5,"Period":"2013-M05"},{"Cust__Service__Trend__Pct":89.8550724637681,"Period":"2013-M06"},{"Cust__Service__Trend__Pct":92.9577464788732,"Period":"2013-M07"},{"Cust__Service__Trend__Pct":86.2068965517241,"Period":"2013-M08"},{"Cust__Service__Trend__Pct":92.7536231884058,"Period":"2013-M09"},{"Cust__Service__Trend__Pct":91.4285714285714,"Period":"2013-M10"},{"Cust__Service__Trend__Pct":86.3636363636364,"Period":"2013-M11"},{"Cust__Service__Trend__Pct":86.9565217391304,"Period":"2013-M12"}],"Orders_Filled":[{"Orders__Filled":1051517}],"Avg_Cust_Service_Performance_Pct":[{"Avg__Cust__Service__Performance__Pct":89.9558498896247}],"Loads_Delivered":[{"Loads__Delivered":906}],"Prior_Avg_Cust_Service_Performance_Pct_Year":[{"Prior__Avg__Cust__Service__Performance__Pct":87.1878393051032}],"Customers_Served":[{"Customers__Served":18}],"Cust_Service_Performance_Target_Pct_Year":[{"Cust__Service__Performance__Target__Pct":91.25}]}],"type":"J"}