{"message":"","count":0,"status":0,"data":[{"Orders_Filled":[{"Orders__Filled":102115}],"Avg_Cust_Service_Performance_Pct":[{"Avg__Cust__Service__Performance__Pct":89.5348837209302}],"Cust_Service_Performance_Pct_Month_Region":[{"Period":"2013-W49","Cust__Service__Performance__Pct":83.3333333333333,"Location":"CP"},{"Period":"2013-W49","Cust__Service__Performance__Pct":100,"Location":"TB"},{"Period":"2013-W49","Cust__Service__Performance__Pct":75,"Location":"CM"},{"Period":"2013-W49","Cust__Service__Performance__Pct":66.6666666666667,"Location":"QR"},{"Period":"2013-W49","Cust__Service__Performance__Pct":100,"Location":"YU"},{"Period":"2013-W50","Cust__Service__Performance__Pct":100,"Location":"CP"},{"Period":"2013-W50","Cust__Service__Performance__Pct":83.3333333333333,"Location":"TB"},{"Period":"2013-W50","Cust__Service__Performance__Pct":100,"Location":"CM"},{"Period":"2013-W50","Cust__Service__Performance__Pct":100,"Location":"QR"},{"Period":"2013-W50","Cust__Service__Performance__Pct":100,"Location":"YU"},{"Period":"2013-W51","Cust__Service__Performance__Pct":100,"Location":"CP"},{"Period":"2013-W51","Cust__Service__Performance__Pct":100,"Location":"TB"},{"Period":"2013-W51","Cust__Service__Performance__Pct":100,"Location":"CM"},{"Period":"2013-W51","Cust__Service__Performance__Pct":100,"Location":"QR"},{"Period":"2013-W51","Cust__Service__Performance__Pct":100,"Location":"YU"},{"Period":"2013-W52","Cust__Service__Performance__Pct":100,"Location":"CP"},{"Period":"2013-W52","Cust__Service__Performance__Pct":100,"Location":"TB"},{"Period":"2013-W52","Cust__Service__Performance__Pct":66.6666666666667,"Location":"CM"},{"Period":"2013-W52","Cust__Service__Performance__Pct":75,"Location":"QR"},{"Period":"2013-W52","Cust__Service__Performance__Pct":83.3333333333333,"Location":"YU"}],"Prior_Orders_Filled_Month":[{"Prior__Orders__Filled":130319}],"Cust_Service_Trend_Pct_Month_Region":[{"Cust__Service__Trend__Pct":81.8181818181818,"Period":"2013-W49"},{"Cust__Service__Trend__Pct":95,"Period":"2013-W50"},{"Cust__Service__Trend__Pct":100,"Period":"2013-W51"},{"Cust__Service__Trend__Pct":82.6086956521739,"Period":"2013-W52"}],"Loads_Delivered":[{"Loads__Delivered":86}],"Cust_Service_Performance_Target_Pct_Month":[{"Cust__Service__Performance__Target__Pct":92}],"Customers_Served":[{"Customers__Served":18}],"Prior_Avg_Cust_Service_Performance_Pct_Month":[{"Prior__Avg__Cust__Service__Performance__Pct":87.2727272727273}]}],"type":"J"}