{"message":"","count":0,"status":0,"data":[{"Orders_Filled":[{"Orders__Filled":100864}],"Avg_Cust_Service_Performance_Pct":[{"Avg__Cust__Service__Performance__Pct":90.8045977011494}],"Cust_Service_Performance_Pct_Month_Region":[{"Period":"2013-W49","Cust__Service__Performance__Pct":100,"Location":"MA"},{"Period":"2013-W49","Cust__Service__Performance__Pct":83.3333333333333,"Location":"VT"},{"Period":"2013-W49","Cust__Service__Performance__Pct":83.3333333333333,"Location":"NY"},{"Period":"2013-W49","Cust__Service__Performance__Pct":100,"Location":"ME"},{"Period":"2013-W49","Cust__Service__Performance__Pct":75,"Location":"NH"},{"Period":"2013-W50","Cust__Service__Performance__Pct":100,"Location":"MA"},{"Period":"2013-W50","Cust__Service__Performance__Pct":50,"Location":"VT"},{"Period":"2013-W50","Cust__Service__Performance__Pct":100,"Location":"NY"},{"Period":"2013-W50","Cust__Service__Performance__Pct":66.6666666666667,"Location":"ME"},{"Period":"2013-W50","Cust__Service__Performance__Pct":100,"Location":"NH"},{"Period":"2013-W51","Cust__Service__Performance__Pct":100,"Location":"MA"},{"Period":"2013-W51","Cust__Service__Performance__Pct":100,"Location":"VT"},{"Period":"2013-W51","Cust__Service__Performance__Pct":100,"Location":"NY"},{"Period":"2013-W51","Cust__Service__Performance__Pct":83.3333333333333,"Location":"ME"},{"Period":"2013-W51","Cust__Service__Performance__Pct":100,"Location":"NH"},{"Period":"2013-W52","Cust__Service__Performance__Pct":100,"Location":"MA"},{"Period":"2013-W52","Cust__Service__Performance__Pct":100,"Location":"VT"},{"Period":"2013-W52","Cust__Service__Performance__Pct":100,"Location":"NY"},{"Period":"2013-W52","Cust__Service__Performance__Pct":80,"Location":"ME"},{"Period":"2013-W52","Cust__Service__Performance__Pct":100,"Location":"NH"}],"Prior_Orders_Filled_Month":[{"Prior__Orders__Filled":124692}],"Cust_Service_Trend_Pct_Month_Region":[{"Cust__Service__Trend__Pct":86.9565217391304,"Period":"2013-W49"},{"Cust__Service__Trend__Pct":86.3636363636364,"Period":"2013-W50"},{"Cust__Service__Trend__Pct":95.2380952380952,"Period":"2013-W51"},{"Cust__Service__Trend__Pct":95.2380952380952,"Period":"2013-W52"}],"Loads_Delivered":[{"Loads__Delivered":87}],"Cust_Service_Performance_Target_Pct_Month":[{"Cust__Service__Performance__Target__Pct":92}],"Customers_Served":[{"Customers__Served":18}],"Prior_Avg_Cust_Service_Performance_Pct_Month":[{"Prior__Avg__Cust__Service__Performance__Pct":88.0733944954129}]}],"type":"J"}