{"message":"","count":0,"status":0,"data":[{"Orders_Filled":[{"Orders__Filled":382741}],"Avg_Cust_Service_Performance_Pct":[{"Avg__Cust__Service__Performance__Pct":85.1449275362319}],"Prior_Avg_Cust_Service_Performance_Pct_Week":[{"Prior__Avg__Cust__Service__Performance__Pct":91.6666666666667}],"Prior_Orders_Filled_Week":[{"Prior__Orders__Filled":17985}],"Loads_Delivered":[{"Loads__Delivered":276}],"Cust_Service_Performance_Target_Pct_Week":[{"Cust__Service__Performance__Target__Pct":88}],"Customers_Served":[{"Customers__Served":18}],"Cust_Service_Trend_Pct_Week_Region":[{"Cust__Service__Trend__Pct":72.5,"Period":"2014-02-02"},{"Cust__Service__Trend__Pct":87.5,"Period":"2014-02-03"},{"Cust__Service__Trend__Pct":87.5,"Period":"2014-02-04"},{"Cust__Service__Trend__Pct":90,"Period":"2014-02-05"},{"Cust__Service__Trend__Pct":84.2105263157895,"Period":"2014-02-06"},{"Cust__Service__Trend__Pct":94.8717948717949,"Period":"2014-02-07"},{"Cust__Service__Trend__Pct":79.4871794871795,"Period":"2014-02-08"}],"Cust_Service_Performance_Pct_Week_Region":[{"Period":"2014-02-02","Cust__Service__Performance__Pct":71.4285714285714,"Location":"AZ"},{"Period":"2014-02-02","Cust__Service__Performance__Pct":75,"Location":"CA"},{"Period":"2014-02-02","Cust__Service__Performance__Pct":71.4285714285714,"Location":"NV"},{"Period":"2014-02-03","Cust__Service__Performance__Pct":100,"Location":"AZ"},{"Period":"2014-02-03","Cust__Service__Performance__Pct":76.9230769230769,"Location":"CA"},{"Period":"2014-02-03","Cust__Service__Performance__Pct":85.7142857142857,"Location":"NV"},{"Period":"2014-02-04","Cust__Service__Performance__Pct":83.3333333333333,"Location":"AZ"},{"Period":"2014-02-04","Cust__Service__Performance__Pct":84.6153846153846,"Location":"CA"},{"Period":"2014-02-04","Cust__Service__Performance__Pct":93.3333333333333,"Location":"NV"},{"Period":"2014-02-05","Cust__Service__Performance__Pct":83.3333333333333,"Location":"AZ"},{"Period":"2014-02-05","Cust__Service__Performance__Pct":86.6666666666667,"Location":"CA"},{"Period":"2014-02-05","Cust__Service__Performance__Pct":100,"Location":"NV"},{"Period":"2014-02-06","Cust__Service__Performance__Pct":83.3333333333333,"Location":"AZ"},{"Period":"2014-02-06","Cust__Service__Performance__Pct":84.6153846153846,"Location":"CA"},{"Period":"2014-02-06","Cust__Service__Performance__Pct":84.6153846153846,"Location":"NV"},{"Period":"2014-02-07","Cust__Service__Performance__Pct":92.8571428571429,"Location":"AZ"},{"Period":"2014-02-07","Cust__Service__Performance__Pct":92.8571428571429,"Location":"CA"},{"Period":"2014-02-07","Cust__Service__Performance__Pct":100,"Location":"NV"},{"Period":"2014-02-08","Cust__Service__Performance__Pct":100,"Location":"AZ"},{"Period":"2014-02-08","Cust__Service__Performance__Pct":75,"Location":"CA"},{"Period":"2014-02-08","Cust__Service__Performance__Pct":61.5384615384615,"Location":"NV"}]}],"type":"J"}