{"message":"","count":0,"status":0,"data":[{"Orders_Filled":[{"Orders__Filled":89531}],"Avg_Cust_Service_Performance_Pct":[{"Avg__Cust__Service__Performance__Pct":91.7647058823529}],"Cust_Service_Performance_Pct_Month_Region":[{"Period":"2013-W44","Cust__Service__Performance__Pct":100,"Location":"CH"},{"Period":"2013-W44","Cust__Service__Performance__Pct":66.6666666666667,"Location":"BS"},{"Period":"2013-W44","Cust__Service__Performance__Pct":100,"Location":"BN"},{"Period":"2013-W44","Cust__Service__Performance__Pct":100,"Location":"DU"},{"Period":"2013-W45","Cust__Service__Performance__Pct":100,"Location":"CH"},{"Period":"2013-W45","Cust__Service__Performance__Pct":100,"Location":"BS"},{"Period":"2013-W45","Cust__Service__Performance__Pct":83.3333333333333,"Location":"BN"},{"Period":"2013-W45","Cust__Service__Performance__Pct":83.3333333333333,"Location":"DU"},{"Period":"2013-W46","Cust__Service__Performance__Pct":100,"Location":"CH"},{"Period":"2013-W46","Cust__Service__Performance__Pct":100,"Location":"BS"},{"Period":"2013-W46","Cust__Service__Performance__Pct":100,"Location":"BN"},{"Period":"2013-W46","Cust__Service__Performance__Pct":80,"Location":"DU"},{"Period":"2013-W47","Cust__Service__Performance__Pct":75,"Location":"CH"},{"Period":"2013-W47","Cust__Service__Performance__Pct":83.3333333333333,"Location":"BS"},{"Period":"2013-W47","Cust__Service__Performance__Pct":100,"Location":"BN"},{"Period":"2013-W47","Cust__Service__Performance__Pct":100,"Location":"DU"},{"Period":"2013-W48","Cust__Service__Performance__Pct":100,"Location":"CH"},{"Period":"2013-W48","Cust__Service__Performance__Pct":100,"Location":"BS"},{"Period":"2013-W48","Cust__Service__Performance__Pct":100,"Location":"BN"},{"Period":"2013-W48","Cust__Service__Performance__Pct":66.6666666666667,"Location":"DU"}],"Prior_Orders_Filled_Month":[{"Prior__Orders__Filled":81067}],"Cust_Service_Trend_Pct_Month_Region":[{"Cust__Service__Trend__Pct":93.3333333333333,"Period":"2013-W44"},{"Cust__Service__Trend__Pct":90,"Period":"2013-W45"},{"Cust__Service__Trend__Pct":94.1176470588235,"Period":"2013-W46"},{"Cust__Service__Trend__Pct":88.2352941176471,"Period":"2013-W47"},{"Cust__Service__Trend__Pct":93.75,"Period":"2013-W48"}],"Loads_Delivered":[{"Loads__Delivered":85}],"Cust_Service_Performance_Target_Pct_Month":[{"Cust__Service__Performance__Target__Pct":92}],"Customers_Served":[{"Customers__Served":18}],"Prior_Avg_Cust_Service_Performance_Pct_Month":[{"Prior__Avg__Cust__Service__Performance__Pct":82.8571428571429}]}],"type":"J"}