{"message":"","count":0,"status":0,"data":[{"Orders_Filled":[{"Orders__Filled":105134}],"Avg_Cust_Service_Performance_Pct":[{"Avg__Cust__Service__Performance__Pct":86.2068965517241}],"Cust_Service_Performance_Pct_Month_Region":[{"Period":"2013-W40","Cust__Service__Performance__Pct":75,"Location":"MA"},{"Period":"2013-W40","Cust__Service__Performance__Pct":83.3333333333333,"Location":"VT"},{"Period":"2013-W40","Cust__Service__Performance__Pct":66.6666666666667,"Location":"NY"},{"Period":"2013-W40","Cust__Service__Performance__Pct":100,"Location":"ME"},{"Period":"2013-W40","Cust__Service__Performance__Pct":100,"Location":"NH"},{"Period":"2013-W41","Cust__Service__Performance__Pct":75,"Location":"MA"},{"Period":"2013-W41","Cust__Service__Performance__Pct":80,"Location":"VT"},{"Period":"2013-W41","Cust__Service__Performance__Pct":100,"Location":"NY"},{"Period":"2013-W41","Cust__Service__Performance__Pct":66.6666666666667,"Location":"ME"},{"Period":"2013-W41","Cust__Service__Performance__Pct":100,"Location":"NH"},{"Period":"2013-W42","Cust__Service__Performance__Pct":100,"Location":"MA"},{"Period":"2013-W42","Cust__Service__Performance__Pct":75,"Location":"VT"},{"Period":"2013-W42","Cust__Service__Performance__Pct":100,"Location":"NY"},{"Period":"2013-W42","Cust__Service__Performance__Pct":75,"Location":"ME"},{"Period":"2013-W42","Cust__Service__Performance__Pct":100,"Location":"NH"},{"Period":"2013-W43","Cust__Service__Performance__Pct":75,"Location":"MA"},{"Period":"2013-W43","Cust__Service__Performance__Pct":66.6666666666667,"Location":"VT"},{"Period":"2013-W43","Cust__Service__Performance__Pct":100,"Location":"NY"},{"Period":"2013-W43","Cust__Service__Performance__Pct":83.3333333333333,"Location":"ME"},{"Period":"2013-W43","Cust__Service__Performance__Pct":100,"Location":"NH"}],"Prior_Orders_Filled_Month":[{"Prior__Orders__Filled":102180}],"Cust_Service_Trend_Pct_Month_Region":[{"Cust__Service__Trend__Pct":82.6086956521739,"Period":"2013-W40"},{"Cust__Service__Trend__Pct":86.3636363636364,"Period":"2013-W41"},{"Cust__Service__Trend__Pct":91.304347826087,"Period":"2013-W42"},{"Cust__Service__Trend__Pct":84.2105263157895,"Period":"2013-W43"}],"Loads_Delivered":[{"Loads__Delivered":87}],"Cust_Service_Performance_Target_Pct_Month":[{"Cust__Service__Performance__Target__Pct":92}],"Customers_Served":[{"Customers__Served":18}],"Prior_Avg_Cust_Service_Performance_Pct_Month":[{"Prior__Avg__Cust__Service__Performance__Pct":88.3720930232558}]}],"type":"J"}