{"message":"","count":0,"status":0,"data":[{"Orders_Filled":[{"Orders__Filled":505869}],"Avg_Cust_Service_Performance_Pct":[{"Avg__Cust__Service__Performance__Pct":92.8571428571429}],"Prior_Avg_Cust_Service_Performance_Pct_Week":[{"Prior__Avg__Cust__Service__Performance__Pct":85}],"Prior_Orders_Filled_Week":[{"Prior__Orders__Filled":24407}],"Loads_Delivered":[{"Loads__Delivered":364}],"Cust_Service_Performance_Target_Pct_Week":[{"Cust__Service__Performance__Target__Pct":88}],"Customers_Served":[{"Customers__Served":18}],"Cust_Service_Trend_Pct_Week_Region":[{"Cust__Service__Trend__Pct":92.156862745098,"Period":"2014-02-02"},{"Cust__Service__Trend__Pct":92.156862745098,"Period":"2014-02-03"},{"Cust__Service__Trend__Pct":90.3846153846154,"Period":"2014-02-04"},{"Cust__Service__Trend__Pct":94.3396226415094,"Period":"2014-02-05"},{"Cust__Service__Trend__Pct":94.3396226415094,"Period":"2014-02-06"},{"Cust__Service__Trend__Pct":92.4528301886792,"Period":"2014-02-07"},{"Cust__Service__Trend__Pct":94.1176470588235,"Period":"2014-02-08"}],"Cust_Service_Performance_Pct_Week_Region":[{"Period":"2014-02-02","Cust__Service__Performance__Pct":83.3333333333333,"Location":"IL"},{"Period":"2014-02-02","Cust__Service__Performance__Pct":92.3076923076923,"Location":"MN"},{"Period":"2014-02-02","Cust__Service__Performance__Pct":92.3076923076923,"Location":"WI"},{"Period":"2014-02-02","Cust__Service__Performance__Pct":100,"Location":"OH"},{"Period":"2014-02-03","Cust__Service__Performance__Pct":100,"Location":"IL"},{"Period":"2014-02-03","Cust__Service__Performance__Pct":92.3076923076923,"Location":"MN"},{"Period":"2014-02-03","Cust__Service__Performance__Pct":100,"Location":"WI"},{"Period":"2014-02-03","Cust__Service__Performance__Pct":75,"Location":"OH"},{"Period":"2014-02-04","Cust__Service__Performance__Pct":92.3076923076923,"Location":"IL"},{"Period":"2014-02-04","Cust__Service__Performance__Pct":85.7142857142857,"Location":"MN"},{"Period":"2014-02-04","Cust__Service__Performance__Pct":91.6666666666667,"Location":"WI"},{"Period":"2014-02-04","Cust__Service__Performance__Pct":92.3076923076923,"Location":"OH"},{"Period":"2014-02-05","Cust__Service__Performance__Pct":100,"Location":"IL"},{"Period":"2014-02-05","Cust__Service__Performance__Pct":92.8571428571429,"Location":"MN"},{"Period":"2014-02-05","Cust__Service__Performance__Pct":100,"Location":"WI"},{"Period":"2014-02-05","Cust__Service__Performance__Pct":85.7142857142857,"Location":"OH"},{"Period":"2014-02-06","Cust__Service__Performance__Pct":86.6666666666667,"Location":"IL"},{"Period":"2014-02-06","Cust__Service__Performance__Pct":92.3076923076923,"Location":"MN"},{"Period":"2014-02-06","Cust__Service__Performance__Pct":100,"Location":"WI"},{"Period":"2014-02-06","Cust__Service__Performance__Pct":100,"Location":"OH"},{"Period":"2014-02-07","Cust__Service__Performance__Pct":84.6153846153846,"Location":"IL"},{"Period":"2014-02-07","Cust__Service__Performance__Pct":100,"Location":"MN"},{"Period":"2014-02-07","Cust__Service__Performance__Pct":85.7142857142857,"Location":"WI"},{"Period":"2014-02-07","Cust__Service__Performance__Pct":100,"Location":"OH"},{"Period":"2014-02-08","Cust__Service__Performance__Pct":92.8571428571429,"Location":"IL"},{"Period":"2014-02-08","Cust__Service__Performance__Pct":100,"Location":"MN"},{"Period":"2014-02-08","Cust__Service__Performance__Pct":92.3076923076923,"Location":"WI"},{"Period":"2014-02-08","Cust__Service__Performance__Pct":92.3076923076923,"Location":"OH"}]}],"type":"J"}